[20508:35636:0528/140131.769:WARNING:chrome_main_delegate.cc(745)] This is Chrome version 128.0.6613.138 (not a warning)
[20508:9204:0528/140131.798:ERROR:google_update_settings.cc(265)] Failed opening key Software\Chromium to set usagestats; result: 5
[20508:35636:0528/140131.815:WARNING:account_consistency_mode_manager.cc(77)] Desktop Identity Consistency cannot be enabled as no OAuth client ID and client secret have been configured.
[4772:35732:0528/140135.137:WARNING:frame_impl.cc(430)] virtual CefFrameImpl::SendProcessMessage sent to detached frame 5-6EA507E044C7A829505CC62CC574A9EF will be ignored
[20508:20088:0528/143013.768:WARNING:dns_config_service_win.cc(605)] Failed to read DnsConfig.
[35332:22408:0528/143013.783:WARNING:dns_config_service_win.cc(605)] Failed to read DnsConfig.
[20508:20088:0528/143013.784:WARNING:dns_config_service_win.cc(605)] Failed to read DnsConfig.
[35332:40788:0528/144337.244:VERBOSE1:network_delegate.cc(36)] NetworkDelegate::NotifyBeforeURLRequest: https://optimizationguide-pa.googleapis.com/v1:GetModels?key=dummytoken
[35332:40788:0528/144337.252:VERBOSE1:tls_handshaker.cc(105)] TlsClient: Continuing handshake
[35332:40788:0528/144337.253:VERBOSE1:tls_handshaker.cc(126)] TlsClient: SSL_do_handshake returned when entering early data. After retry, rv=-1, SSL_in_early_data=1
[35332:40788:0528/144337.324:VERBOSE1:tls_handshaker.cc(105)] TlsClient: Continuing handshake
[35332:40788:0528/144337.324:VERBOSE1:tls_handshaker.cc(105)] TlsClient: Continuing handshake
[35332:40788:0528/144337.324:VERBOSE1:tls_client_handshaker.cc(528)] Client: handshake finished
[35332:40788:0528/144628.250:VERBOSE1:network_delegate.cc(36)] NetworkDelegate::NotifyBeforeURLRequest: https://optimizationguide-pa.googleapis.com/v1:GetModels?key=dummytoken
[35332:40788:0528/144628.260:VERBOSE1:tls_handshaker.cc(105)] TlsClient: Continuing handshake
[35332:40788:0528/144628.261:VERBOSE1:tls_handshaker.cc(126)] TlsClient: SSL_do_handshake returned when entering early data. After retry, rv=-1, SSL_in_early_data=1
[35332:40788:0528/144628.371:VERBOSE1:tls_handshaker.cc(105)] TlsClient: Continuing handshake
[35332:40788:0528/144628.371:VERBOSE1:tls_handshaker.cc(105)] TlsClient: Continuing handshake
[35332:40788:0528/144628.371:VERBOSE1:tls_client_handshaker.cc(528)] Client: handshake finished
[20508:35636:0528/144757.713:VERBOSE1:device_event_log_impl.cc(198)] [14:47:57.713] Display: EVENT: screen_win.cc:893 Displays updated, count: 1
[20508:35636:0528/144757.713:VERBOSE1:device_event_log_impl.cc(198)] [14:47:57.713] Display: EVENT: screen_win.cc:895 Display[4005805960] bounds=[0,0 1920x1080], workarea=[0,0 1920x1080], scale=1, rotation=0, panel_rotation=0 external detected
[20508:35636:0528/144804.663:VERBOSE1:frame_host_impl.cc(515)] frame 6-721C5F7DC1529D3774F68AE8873FAC8D (sub) detached (reason=RENDER_FRAME_DELETED, is_connected=1)
[22684:12104:0528/144804.664:VERBOSE1:dispatcher.cc(596)] Num tracked contexts: 1
[22684:12104:0528/144804.664:VERBOSE1:frame_impl.cc(620)] frame 6-721C5F7DC1529D3774F68AE8873FAC8D disconnected (reason=DETACHED, current_state=CONNECTION_ACKED, FRAME_INVALID)
[22684:12104:0528/144804.664:VERBOSE1:script_context.cc(164)] Destroyed context for extension
  extension id: 
  effective extension id: 
[22684:12104:0528/144804.664:VERBOSE1:script_context.cc(164)] Destroyed context for extension
  extension id: 
  effective extension id: 
[22684:12104:0528/144804.664:VERBOSE1:frame_impl.cc(620)] frame 6-33A4529EECC3EF3A253A7A1539C7E524 disconnected (reason=BROWSER_FRAME_DISCONNECT, current_state=CONNECTION_ACKED)
[22684:12104:0528/144804.664:VERBOSE1:frame_impl.cc(633)] frame 6-33A4529EECC3EF3A253A7A1539C7E524 connection retry scheduled
[20508:35636:0528/144804.664:VERBOSE1:frame_host_impl.cc(515)] frame 6-33A4529EECC3EF3A253A7A1539C7E524 (main) detached (reason=NEW_MAIN_FRAME, is_connected=1)
[20508:35636:0528/144804.674:VERBOSE1:account_reconcilor.cc(264)] AccountReconcilor::Shutdown
[20508:35636:0528/144804.674:VERBOSE1:account_reconcilor.cc(718)] AccountReconcilor::AbortReconcile: try again later
[20508:35636:0528/144804.674:VERBOSE1:account_reconcilor.cc(827)] AccountReconcilor::CalculateIfMultiloginReconcileIsDone: Error was 
[20508:35636:0528/144804.674:VERBOSE1:account_reconcilor.cc(313)] AccountReconcilor::UnregisterWithIdentityManager
[20508:35636:0528/144804.674:VERBOSE1:account_reconcilor.cc(286)] AccountReconcilor::UnregisterWithContentSettings
[20508:35636:0528/144804.674:VERBOSE1:gaia_cookie_manager_service.cc(628)] GaiaCookieManagerService::CancelAll
[20508:35636:0528/144804.674:VERBOSE1:mutable_profile_oauth2_token_service_delegate.cc(752)] MutablePO2TS::Shutdown
[20508:35636:0528/144804.674:VERBOSE1:mutable_profile_oauth2_token_service_delegate.cc(235)] MutablePO2TS::~MutablePO2TS
[20508:35636:0528/144804.675:VERBOSE1:device_event_log_impl.cc(198)] [14:48:04.675] Bluetooth: EVENT: bluetooth_api.cc:109 BluetoothAPI: Shutdown
[20508:35636:0528/144804.677:VERBOSE1:account_reconcilor.cc(193)] AccountReconcilor::~AccountReconcilor
[20508:35636:0528/144804.677:VERBOSE1:device_event_log_impl.cc(198)] [14:48:04.677] Bluetooth: EVENT: bluetooth_api.cc:95 ~BluetoothAPI: 00003FA40033DA00
[20508:35636:0528/144804.734:VERBOSE1:component_updater_service.cc(180)] CrxUpdateService stopping
[20508:35636:0528/144804.734:WARNING:pref_notifier_impl.cc(41)] Pref observer for media_router.cast_allow_all_ips found at shutdown.
[20508:35636:0528/144804.750:VERBOSE1:statistics_recorder.cc(607)] Collections of all histograms
Histogram: API.StorageAccess.AllowedRequests2 recorded 143 samples, mean = 0.1 (flags = 0x41)
0  ------------------------------------------------------------------------O (134 = 93.7%)
1  -----O                                                                    (9 = 6.3%) {93.7%}
2  ... 

Histogram: API.StorageAccess.DocumentInheritedStorageAccess recorded 8 samples, mean = 0.0 (flags = 0x41)
0  --------O                                                                 (8 = 100.0%)
1  ... 

Histogram: API.StorageAccess.DocumentLoadedWithStorageAccess recorded 8 samples, mean = 0.0 (flags = 0x41)
0  --------O                                                                 (8 = 100.0%)
1  ... 

Histogram: Accessibility.CaptionSettingsLoadedFromSystemSettings recorded 1 samples, mean = 0.0 (flags = 0x41)
0  -O                                                                        (1 = 100.0%)
1  ... 

Histogram: Accessibility.ImageLabels2 recorded 1 samples, mean = 0.0 (flags = 0x41)
0  -O                                                                        (1 = 100.0%)
1  ... 

Histogram: Accessibility.LiveCaption.FeatureEnabled2 recorded 1 samples, mean = 1.0 (flags = 0x41)
0  O                                                                         (0 = 0.0%)
1  -O                                                                        (1 = 100.0%) {0.0%}
2  O                                                                         (0 = 0.0%) {100.0%}

Histogram: Accessibility.LiveCaption2 recorded 1 samples, mean = 0.0 (flags = 0x41)
0  -O                                                                        (1 = 100.0%)
1  ... 

Histogram: Accessibility.ManuallyEnabled recorded 1 samples, mean = 0.0 (flags = 0x41)
0  -O                                                                        (1 = 100.0%)
1  ... 

Histogram: Accessibility.WinJAWS recorded 1 samples, mean = 0.0 (flags = 0x41)
0  -O                                                                        (1 = 100.0%)
1  ... 

Histogram: Accessibility.WinNVDA recorded 1 samples, mean = 0.0 (flags = 0x41)
0  -O                                                                        (1 = 100.0%)
1  ... 

Histogram: Accessibility.WinSAToGo recorded 1 samples, mean = 0.0 (flags = 0x41)
0  -O                                                                        (1 = 100.0%)
1  ... 

Histogram: Accessibility.WinScreenReader2 recorded 1 samples, mean = 0.0 (flags = 0x41)
0  -O                                                                        (1 = 100.0%)
1  ... 

Histogram: Accessibility.WinStickyKeys recorded 1 samples, mean = 0.0 (flags = 0x41)
0  -O                                                                        (1 = 100.0%)
1  ... 

Histogram: Accessibility.WinSupernova recorded 1 samples, mean = 0.0 (flags = 0x41)
0  -O                                                                        (1 = 100.0%)
1  ... 

Histogram: Accessibility.WinZoomText recorded 1 samples, mean = 0.0 (flags = 0x41)
0  -O                                                                        (1 = 100.0%)
1  ... 

Histogram: AppBanners.InstallableStatusCode recorded 1 samples (flags = 0x41)
8  -O                                                                        (1 = 100.0%)

Histogram: Apps.PreferredApps.EntryCount recorded 1 samples, mean = 0.0 (flags = 0x41)
0  -O                                                                        (1 = 100.0%)
1  ... 

Histogram: Autofill.Address.IsEnabled.PageLoad recorded 1 samples, mean = 1.0 (flags = 0x41)
0  O                                                                         (0 = 0.0%)
1  -O                                                                        (1 = 100.0%) {0.0%}
2  O                                                                         (0 = 0.0%) {100.0%}

Histogram: Autofill.Address.IsEnabled.PageLoad.SignedOut recorded 1 samples, mean = 1.0 (flags = 0x41)
0  O                                                                         (0 = 0.0%)
1  -O                                                                        (1 = 100.0%) {0.0%}
2  O                                                                         (0 = 0.0%) {100.0%}

Histogram: Autofill.Address.IsEnabled.Startup recorded 1 samples, mean = 1.0 (flags = 0x41)
0  O                                                                         (0 = 0.0%)
1  -O                                                                        (1 = 100.0%) {0.0%}
2  O                                                                         (0 = 0.0%) {100.0%}

Histogram: Autofill.CreditCard.IsEnabled.PageLoad recorded 1 samples, mean = 1.0 (flags = 0x41)
0  O                                                                         (0 = 0.0%)
1  -O                                                                        (1 = 100.0%) {0.0%}
2  O                                                                         (0 = 0.0%) {100.0%}

Histogram: Autofill.CreditCard.IsEnabled.PageLoad.SignedOut recorded 1 samples, mean = 1.0 (flags = 0x41)
0  O                                                                         (0 = 0.0%)
1  -O                                                                        (1 = 100.0%) {0.0%}
2  O                                                                         (0 = 0.0%) {100.0%}

Histogram: Autofill.CreditCard.IsEnabled.Startup recorded 1 samples, mean = 1.0 (flags = 0x41)
0  O                                                                         (0 = 0.0%)
1  -O                                                                        (1 = 100.0%) {0.0%}
2  O                                                                         (0 = 0.0%) {100.0%}

Histogram: Autofill.DOMContentLoadedInOutermostMainFrame recorded 3 samples, mean = 0.3 (flags = 0x41)
0  --O                                                                       (2 = 66.7%)
1  -O                                                                        (1 = 33.3%) {66.7%}
2  O                                                                         (0 = 0.0%) {100.0%}

Histogram: Autofill.ExtractFormUnowned.FieldCount recorded 4 samples, mean = 0.0 (flags = 0x41)
0  ----O                                                                     (4 = 100.0%)
1  ... 

Histogram: Autofill.FormForest.GetBrowserFormOfRendererForm.Duration recorded 1 samples, mean = 0.0 (flags = 0x41)
0  -O                                                                        (1 = 100.0%)
1  ... 

Histogram: Autofill.FormForest.UpdateTreeOfRendererForm.Duration recorded 1 samples, mean = 20.0 (flags = 0x41)
0   ... 
16  -O                                                                        (1 = 100.0%) {0.0%}
21  ... 

Histogram: Autofill.FormForest.UpdateTreeOfRendererForm.Visits recorded 1 samples, mean = 2.0 (flags = 0x41)
0  ... 
2  -O                                                                        (1 = 100.0%) {0.0%}
3  ... 

Histogram: Autofill.Funnel.ParsedAsType.Address recorded 6 samples, mean = 0.0 (flags = 0x41)
0  ------O                                                                   (6 = 100.0%)
1  ... 

Histogram: Autofill.Funnel.ParsedAsType.CreditCard recorded 6 samples, mean = 0.0 (flags = 0x41)
0  ------O                                                                   (6 = 100.0%)
1  ... 

Histogram: Autofill.Funnel.ParsedAsType.VirtualCard.StandaloneCvc recorded 6 samples, mean = 0.0 (flags = 0x41)
0  ------O                                                                   (6 = 100.0%)
1  ... 

Histogram: Autofill.IsEnabled.PageLoad recorded 1 samples, mean = 1.0 (flags = 0x41)
0  O                                                                         (0 = 0.0%)
1  -O                                                                        (1 = 100.0%) {0.0%}
2  O                                                                         (0 = 0.0%) {100.0%}

Histogram: Autofill.IsEnabled.PageLoad.SignedOut recorded 1 samples, mean = 1.0 (flags = 0x41)
0  O                                                                         (0 = 0.0%)
1  -O                                                                        (1 = 100.0%) {0.0%}
2  O                                                                         (0 = 0.0%) {100.0%}

Histogram: Autofill.IsEnabled.Startup recorded 1 samples, mean = 1.0 (flags = 0x41)
0  O                                                                         (0 = 0.0%)
1  -O                                                                        (1 = 100.0%) {0.0%}
2  O                                                                         (0 = 0.0%) {100.0%}

Histogram: Autofill.Leipzig.Duplication.NumberOfLocalSupersetProfilesOnStartup recorded 1 samples, mean = 0.0 (flags = 0x41)
0  -O                                                                        (1 = 100.0%)
1  ... 

Histogram: Autofill.NumberOfDriversPerFactory recorded 1 samples, mean = 3.0 (flags = 0x41)
0  ... 
3  -O                                                                        (1 = 100.0%) {0.0%}
4  ... 

Histogram: Autofill.Offer.StoredOfferCount2.CardLinkedOffer recorded 1 samples, mean = 0.0 (flags = 0x41)
0  -O                                                                        (1 = 100.0%)
1  ... 

Histogram: Autofill.Offer.StoredOfferCount2.GPayPromoCodeOffer recorded 1 samples, mean = 0.0 (flags = 0x41)
0  -O                                                                        (1 = 100.0%)
1  ... 

Histogram: Autofill.PaymentMethods.CvcStorageIsEnabled.Startup recorded 1 samples, mean = 0.0 (flags = 0x41)
0  -O                                                                        (1 = 100.0%)
1  ... 

Histogram: Autofill.StoredCreditCardCount recorded 1 samples, mean = 0.0 (flags = 0x41)
0  -O                                                                        (1 = 100.0%)
1  ... 

Histogram: Autofill.StoredCreditCardCount.Local recorded 1 samples, mean = 0.0 (flags = 0x41)
0  -O                                                                        (1 = 100.0%)
1  ... 

Histogram: Autofill.StoredCreditCardCount.Local.WithInvalidCardNumber recorded 1 samples, mean = 0.0 (flags = 0x41)
0  -O                                                                        (1 = 100.0%)
1  ... 

Histogram: Autofill.StoredCreditCardCount.Local.WithNickname recorded 1 samples, mean = 0.0 (flags = 0x41)
0  -O                                                                        (1 = 100.0%)
1  ... 

Histogram: Autofill.StoredCreditCardCount.Server recorded 1 samples, mean = 0.0 (flags = 0x41)
0  -O                                                                        (1 = 100.0%)
1  ... 

Histogram: Autofill.StoredCreditCardCount.Server.Masked recorded 1 samples, mean = 0.0 (flags = 0x41)
0  -O                                                                        (1 = 100.0%)
1  ... 

Histogram: Autofill.StoredCreditCardCount.Server.Masked.WithNickname recorded 1 samples, mean = 0.0 (flags = 0x41)
0  -O                                                                        (1 = 100.0%)
1  ... 

Histogram: Autofill.StoredCreditCardCount.Server.Unmasked recorded 1 samples, mean = 0.0 (flags = 0x41)
0  -O                                                                        (1 = 100.0%)
1  ... 

Histogram: Autofill.StoredCreditCardCount.Server.WithCardArtImage recorded 1 samples, mean = 0.0 (flags = 0x41)
0  -O                                                                        (1 = 100.0%)
1  ... 

Histogram: Autofill.StoredCreditCardCount.Server.WithVirtualCardMetadata recorded 1 samples, mean = 0.0 (flags = 0x41)
0  -O                                                                        (1 = 100.0%)
1  ... 

Histogram: Autofill.StoredIbanCount recorded 1 samples, mean = 0.0 (flags = 0x41)
0  -O                                                                        (1 = 100.0%)
1  ... 

Histogram: Autofill.StoredProfileCount.AccountChrome recorded 1 samples, mean = 0.0 (flags = 0x41)
0  -O                                                                        (1 = 100.0%)
1  ... 

Histogram: Autofill.StoredProfileCount.AccountNonChrome recorded 1 samples, mean = 0.0 (flags = 0x41)
0  -O                                                                        (1 = 100.0%)
1  ... 

Histogram: Autofill.StoredProfileCount.Legacy recorded 1 samples, mean = 0.0 (flags = 0x41)
0  -O                                                                        (1 = 100.0%)
1  ... 

Histogram: Autofill.StoredProfileCount.Total recorded 1 samples, mean = 0.0 (flags = 0x41)
0  -O                                                                        (1 = 100.0%)
1  ... 

Histogram: Autofill.SubmissionDetectionSource.FormTracker recorded 2 samples, mean = 3.0 (flags = 0x41)
0  ... 
3  --O                                                                       (2 = 100.0%) {0.0%}
4  ... 

Histogram: Autofill.Timing.ParseFormsAsync recorded 1 samples, mean = 0.0 (flags = 0x41)
0  -O                                                                        (1 = 100.0%)
1  ... 

Histogram: Autofill.Timing.ParseFormsAsync.RunHeuristics recorded 1 samples, mean = 0.0 (flags = 0x41)
0  -O                                                                        (1 = 100.0%)
1  ... 

Histogram: Autofill.Timing.ParseFormsAsync.UpdateCache recorded 1 samples, mean = 0.0 (flags = 0x41)
0  -O                                                                        (1 = 100.0%)
1  ... 

Histogram: Autofill.TimingInterval.ExtractFormData.GetFormDataFromUnownedInputElements.AutofillAgentReset recorded 2 samples, mean = 1204838.5 (flags = 0x41)
0        ... 
529117   -O                                                                        (1 = 50.0%) {0.0%}
617637   ... 
1562508  -O                                                                        (1 = 50.0%) {50.0%}
1823911  ... 

Histogram: Autofill.TimingInterval.ExtractFormData.GetFormDataFromUnownedInputElements.DOMContentLoaded recorded 2 samples, mean = 1074350848.0 (flags = 0x41)
0         ... 
1146725   -O                                                                        (1 = 50.0%) {0.0%}
1338569   ... 
10000000  -O                                                                        (1 = 50.0%) {50.0%}

Histogram: Autofill.TimingInterval.ExtractFormData.UpdateFormCache.AutofillAgentReset recorded 4 samples, mean = 602467.2 (flags = 0x41)
0        ... 
68       -O                                                                        (1 = 25.0%) {0.0%}
79       ... 
107      -O                                                                        (1 = 25.0%) {25.0%}
125      ... 
529117   -O                                                                        (1 = 25.0%) {50.0%}
617637   ... 
1562508  -O                                                                        (1 = 25.0%) {75.0%}
1823911  ... 

Histogram: Autofill.TimingInterval.ExtractFormData.UpdateFormCache.DOMContentLoaded recorded 4 samples, mean = 304535.5 (flags = 0x41)
0        ... 
5        -O                                                                        (1 = 25.0%) {0.0%}
6        ... 
11       -O                                                                        (1 = 25.0%) {25.0%}
13       ... 
37       -O                                                                        (1 = 25.0%) {50.0%}
43       ... 
1146725  -O                                                                        (1 = 25.0%) {75.0%}
1338569  ... 

Histogram: Autofill.TimingInterval.UpdateFormCache.UpdateFormCache.AutofillAgentReset recorded 4 samples, mean = 602481.8 (flags = 0x41)
0        ... 
68       -O                                                                        (1 = 25.0%) {0.0%}
79       ... 
146      -O                                                                        (1 = 25.0%) {25.0%}
170      ... 
529117   -O                                                                        (1 = 25.0%) {50.0%}
617637   ... 
1562508  -O                                                                        (1 = 25.0%) {75.0%}
1823911  ... 

Histogram: Autofill.TimingInterval.UpdateFormCache.UpdateFormCache.DOMContentLoaded recorded 4 samples, mean = 304550.0 (flags = 0x41)
0        ... 
11       -O                                                                        (1 = 25.0%) {0.0%}
13       O                                                                         (0 = 0.0%) {25.0%}
15       -O                                                                        (1 = 25.0%) {25.0%}
17       ... 
68       -O                                                                        (1 = 25.0%) {50.0%}
79       ... 
1146725  -O                                                                        (1 = 25.0%) {75.0%}
1338569  ... 

Histogram: Autofill.TimingPrecise.ExtractFormData recorded 6 samples, mean = 28.7 (flags = 0x41)
0   ... 
4   --O                                                                       (2 = 33.3%) {0.0%}
5   ... 
8   -O                                                                        (1 = 16.7%) {33.3%}
9   ... 
32  -O                                                                        (1 = 16.7%) {50.0%}
36  ... 
47  -O                                                                        (1 = 16.7%) {66.7%}
53  ... 
68  -O                                                                        (1 = 16.7%) {83.3%}
77  ... 

Histogram: Autofill.TimingPrecise.ExtractFormData.GetFormDataFromUnownedInputElements recorded 2 samples, mean = 37.0 (flags = 0x41)
0   ... 
4   -O                                                                        (1 = 50.0%) {0.0%}
5   ... 
68  -O                                                                        (1 = 50.0%) {50.0%}
77  ... 

Histogram: Autofill.TimingPrecise.ExtractFormData.UpdateFormCache recorded 4 samples, mean = 24.5 (flags = 0x41)
0   ... 
4   -O                                                                        (1 = 25.0%) {0.0%}
5   ... 
8   -O                                                                        (1 = 25.0%) {25.0%}
9   ... 
32  -O                                                                        (1 = 25.0%) {50.0%}
36  ... 
47  -O                                                                        (1 = 25.0%) {75.0%}
53  ... 

Histogram: Autofill.TimingPrecise.InferLabelForElement recorded 6 samples, mean = 0.0 (flags = 0x41)
0  ------O                                                                   (6 = 100.0%)
1  ... 

Histogram: Autofill.TimingPrecise.UpdateFormCache recorded 4 samples, mean = 43.5 (flags = 0x41)
0   ... 
11  -O                                                                        (1 = 25.0%) {0.0%}
13  O                                                                         (0 = 0.0%) {25.0%}
15  -O                                                                        (1 = 25.0%) {25.0%}
17  ... 
68  --O                                                                       (2 = 50.0%) {50.0%}
77  ... 

Histogram: Autofill.TimingPrecise.UpdateFormCache.UpdateFormCache recorded 4 samples, mean = 43.5 (flags = 0x41)
0   ... 
11  -O                                                                        (1 = 25.0%) {0.0%}
13  O                                                                         (0 = 0.0%) {25.0%}
15  -O                                                                        (1 = 25.0%) {25.0%}
17  ... 
68  --O                                                                       (2 = 50.0%) {50.0%}
77  ... 

Histogram: Autofill.VirtualCardUsageData.StoredUsageDataCount recorded 1 samples, mean = 0.0 (flags = 0x41)
0  -O                                                                        (1 = 100.0%)
1  ... 

Histogram: Blink.CSSStyleSheetResource.ParseTime recorded 8 samples, mean = 873.1 (flags = 0x41)
0     ... 
55    -O                                                                        (1 = 12.5%) {0.0%}
76    ---O                                                                      (3 = 37.5%) {12.5%}
105   -O                                                                        (1 = 12.5%) {50.0%}
146   ... 
391   -O                                                                        (1 = 12.5%) {62.5%}
542   -O                                                                        (1 = 12.5%) {75.0%}
752   ... 
5362  -O                                                                        (1 = 12.5%) {87.5%}
7439  ... 

Histogram: Blink.CommitDocumentLoaderTime recorded 8 samples, mean = 1.6 (flags = 0x41)
0  ---O                                                                      (3 = 37.5%)
1  ----O                                                                     (4 = 50.0%) {37.5%}
2  ... 
8  -O                                                                        (1 = 12.5%) {87.5%}
10 ... 

Histogram: Blink.CookiesTime recorded 21 samples, mean = 0.0 (flags = 0x41)
0  ---------------------O                                                    (21 = 100.0%)
1  ... 

Histogram: Blink.CullRect.UpdateTime recorded 32 samples, mean = 5.8 (flags = 0x41)
0   ---O                                                                      (3 = 9.4%)
1   -----------------O                                                        (17 = 53.1%) {9.4%}
2   -O                                                                        (1 = 3.1%) {62.5%}
3   -O                                                                        (1 = 3.1%) {65.6%}
4   -O                                                                        (1 = 3.1%) {68.8%}
6   -O                                                                        (1 = 3.1%) {71.9%}
8   --O                                                                       (2 = 6.2%) {75.0%}
11  O                                                                         (0 = 0.0%) {81.2%}
15  --O                                                                       (2 = 6.2%) {81.2%}
21  ---O                                                                      (3 = 9.4%) {87.5%}
29  -O                                                                        (1 = 3.1%) {96.9%}
40  ... 

Histogram: Blink.DocumentLoader.CommitNavigationToStartLoadingResponse.Time.OutermostMainFrame.NewNavigation.IsHTTPOrHTTPS recorded 1 samples, mean = 0.0 (flags = 0x41)
0  -O                                                                        (1 = 100.0%)
1  ... 

Histogram: Blink.DocumentLoader.CreateParserPostCommit.Time.OutermostMainFrame.NewNavigation.IsHTTPOrHTTPS recorded 1 samples, mean = 9.0 (flags = 0x41)
0  ... 
8  -O                                                                        (1 = 100.0%) {0.0%}
10 ... 

Histogram: Blink.Experimental.Cookies.CacheLookupResult2 recorded 21 samples, mean = 0.9 (flags = 0x41)
0  --O                                                                       (2 = 9.5%)
1  -------------------O                                                      (19 = 90.5%) {9.5%}
2  ... 

Histogram: Blink.Experimental.Cookies.FirstCookieRequest recorded 2 samples, mean = 1.0 (flags = 0x41)
0  O                                                                         (0 = 0.0%)
1  --O                                                                       (2 = 100.0%) {0.0%}
2  ... 

Histogram: Blink.Fetch.RequestResourceTime2 recorded 138 samples, mean = 209.6 (flags = 0x41)
0      ... 
15     --------O                                                                 (8 = 5.8%) {0.0%}
21     --------------------O                                                     (20 = 14.5%) {5.8%}
29     --------------------O                                                     (20 = 14.5%) {20.3%}
40     --------------------------O                                               (26 = 18.8%) {34.8%}
55     ----------------------O                                                   (22 = 15.9%) {53.6%}
76     --------O                                                                 (8 = 5.8%) {69.6%}
105    ------------O                                                             (12 = 8.7%) {75.4%}
146    ------O                                                                   (6 = 4.3%) {84.1%}
203    ----O                                                                     (4 = 2.9%) {88.4%}
282    -------O                                                                  (7 = 5.1%) {91.3%}
391    -O                                                                        (1 = 0.7%) {96.4%}
542    O                                                                         (0 = 0.0%) {97.1%}
752    --O                                                                       (2 = 1.4%) {97.1%}
1043   ... 
5362   -O                                                                        (1 = 0.7%) {98.6%}
7439   O                                                                         (0 = 0.0%) {99.3%}
10321  -O                                                                        (1 = 0.7%) {99.3%}
14319  ... 

Histogram: Blink.Fetch.RequestResourceTime2.Preload recorded 41 samples, mean = 92.1 (flags = 0x41)
0    ... 
29   ------O                                                                   (6 = 14.6%) {0.0%}
40   ----------O                                                               (10 = 24.4%) {14.6%}
55   -------------O                                                            (13 = 31.7%) {39.0%}
76   ---O                                                                      (3 = 7.3%) {70.7%}
105  ------O                                                                   (6 = 14.6%) {78.0%}
146  --O                                                                       (2 = 4.9%) {92.7%}
203  ... 
752  -O                                                                        (1 = 2.4%) {97.6%}
1043 ... 

Histogram: Blink.FetchQueuedPreloadsTime.MainFrame.Initial recorded 1 samples, mean = 2.0 (flags = 0x41)
0  ... 
2  -O                                                                        (1 = 100.0%) {0.0%}
3  ... 

Histogram: Blink.Fonts.DecodeTime recorded 5 samples, mean = 5453.2 (flags = 0x41)
0      ... 
2786   -O                                                                        (1 = 20.0%) {0.0%}
3865   ---O                                                                      (3 = 60.0%) {20.0%}
5362   ... 
10321  -O                                                                        (1 = 20.0%) {80.0%}
14319  ... 

Histogram: Blink.Fonts.VariableFontsRatio recorded 5 samples, mean = 1.2 (flags = 0x41)
0  O                                                                         (0 = 0.0%)
1  ----O                                                                     (4 = 80.0%) {0.0%}
2  -O                                                                        (1 = 20.0%) {80.0%}
3  ... 

Histogram: Blink.ForcedStyleAndLayout.UpdateTime.PreFCP recorded 2 samples, mean = 7.5 (flags = 0x41)
0   ... 
4   -O                                                                        (1 = 50.0%) {0.0%}
6   ... 
11  -O                                                                        (1 = 50.0%) {50.0%}
15  ... 

Histogram: Blink.HTMLFastPathParser.AbortedParseSize recorded 17 samples, mean = 1.6 (flags = 0x41)
0  ---O                                                                      (3 = 17.6%)
1  O                                                                         (0 = 0.0%) {17.6%}
2  --------------O                                                           (14 = 82.4%) {17.6%}
3  ... 

Histogram: Blink.HTMLFastPathParser.AbortedParseTime2 recorded 17 samples, mean = 2.8 (flags = 0x41)
0   -O                                                                        (1 = 5.9%)
1   --------O                                                                 (8 = 47.1%) {5.9%}
2   ------O                                                                   (6 = 35.3%) {52.9%}
3   ... 
6   -O                                                                        (1 = 5.9%) {88.2%}
7   ... 
21  -O                                                                        (1 = 5.9%) {94.1%}
23  ... 

Histogram: Blink.HTMLFastPathParser.ParseResult recorded 33 samples, mean = 8.0 (flags = 0x41)
0   ----------------O                                                         (16 = 48.5%)
1   ... 
4   ---O                                                                      (3 = 9.1%) {48.5%}
5   ... 
18  --------------O                                                           (14 = 42.4%) {57.6%}
19  ... 

Histogram: Blink.HTMLFastPathParser.SuccessfulParseSize recorded 16 samples, mean = 309.8 (flags = 0x41)
0    ... 
146  --O                                                                       (2 = 12.5%) {0.0%}
203  ------O                                                                   (6 = 37.5%) {12.5%}
282  ----O                                                                     (4 = 25.0%) {50.0%}
391  ----O                                                                     (4 = 25.0%) {75.0%}
542  ... 

Histogram: Blink.HTMLFastPathParser.SuccessfulParseTime2 recorded 16 samples, mean = 4.8 (flags = 0x41)
0   O                                                                         (0 = 0.0%)
1   -O                                                                        (1 = 6.2%) {0.0%}
2   ------O                                                                   (6 = 37.5%) {6.2%}
3   -----O                                                                    (5 = 31.2%) {43.8%}
4   -O                                                                        (1 = 6.2%) {75.0%}
5   O                                                                         (0 = 0.0%) {81.2%}
6   -O                                                                        (1 = 6.2%) {81.2%}
7   ... 
13  -O                                                                        (1 = 6.2%) {87.5%}
14  ... 
25  -O                                                                        (1 = 6.2%) {93.8%}
27  ... 

Histogram: Blink.HTMLFastPathParser.TotalParseTime2 recorded 33 samples, mean = 18.3 (flags = 0x41)
0   ... 
2   ---O                                                                      (3 = 9.1%) {0.0%}
3   ---O                                                                      (3 = 9.1%) {9.1%}
4   ------O                                                                   (6 = 18.2%) {18.2%}
5   -O                                                                        (1 = 3.0%) {36.4%}
6   ... 
8   -O                                                                        (1 = 3.0%) {39.4%}
9   ... 
13  -O                                                                        (1 = 3.0%) {42.4%}
14  ... 
18  --O                                                                       (2 = 6.1%) {45.5%}
19  ---O                                                                      (3 = 9.1%) {51.5%}
21  O                                                                         (0 = 0.0%) {60.6%}
23  --O                                                                       (2 = 6.1%) {60.6%}
25  -O                                                                        (1 = 3.0%) {66.7%}
27  -O                                                                        (1 = 3.0%) {69.7%}
29  O                                                                         (0 = 0.0%) {72.7%}
31  ---O                                                                      (3 = 9.1%) {72.7%}
34  --O                                                                       (2 = 6.1%) {81.8%}
37  -O                                                                        (1 = 3.0%) {87.9%}
40  -O                                                                        (1 = 3.0%) {90.9%}
43  O                                                                         (0 = 0.0%) {93.9%}
46  -O                                                                        (1 = 3.0%) {93.9%}
50  -O                                                                        (1 = 3.0%) {97.0%}
54  ... 

Histogram: Blink.HTMLParsing.ChunkCount4 recorded 1 samples, mean = 2.0 (flags = 0x41)
0  ... 
2  -O                                                                        (1 = 100.0%) {0.0%}
3  ... 

Histogram: Blink.HTMLParsing.InputCharacterCount4 recorded 1 samples, mean = 159304.0 (flags = 0x41)
0       ... 
141691  -O                                                                        (1 = 100.0%) {0.0%}
196583  ... 

Histogram: Blink.HTMLParsing.ParsingTimeMax4 recorded 1 samples, mean = 9989.0 (flags = 0x41)
0     ... 
9964  -O                                                                        (1 = 100.0%) {0.0%}
10118 ... 

Histogram: Blink.HTMLParsing.ParsingTimeMin4 recorded 1 samples, mean = 106.0 (flags = 0x41)
0    ... 
100  -O                                                                        (1 = 100.0%) {0.0%}
114  ... 

Histogram: Blink.HTMLParsing.ParsingTimeTotal4 recorded 1 samples, mean = 10095.0 (flags = 0x41)
0     ... 
9964  -O                                                                        (1 = 100.0%) {0.0%}
10118 ... 

Histogram: Blink.HTMLParsing.PreloadRequestCount recorded 1 samples, mean = 33.0 (flags = 0x41)
0   ... 
33  -O                                                                        (1 = 100.0%) {0.0%}
37  ... 

Histogram: Blink.HTMLParsing.TimeToDeferredPumpTokenizer4 recorded 1 samples, mean = 10039.0 (flags = 0x41)
0     ... 
9326  -O                                                                        (1 = 100.0%) {0.0%}
10619 ... 

Histogram: Blink.HTMLParsing.TokensParsedAverage4 recorded 1 samples, mean = 63.0 (flags = 0x41)
0   ... 
49  -O                                                                        (1 = 100.0%) {0.0%}
65  ... 

Histogram: Blink.HTMLParsing.TokensParsedMax4 recorded 1 samples, mean = 109.0 (flags = 0x41)
0   ... 
86  -O                                                                        (1 = 100.0%) {0.0%}
113 ... 

Histogram: Blink.HTMLParsing.TokensParsedMin4 recorded 1 samples, mean = 18.0 (flags = 0x41)
0   ... 
17  -O                                                                        (1 = 100.0%) {0.0%}
20  ... 

Histogram: Blink.HTMLParsing.TokensParsedTotal4 recorded 1 samples, mean = 127.0 (flags = 0x41)
0    ... 
105  -O                                                                        (1 = 100.0%) {0.0%}
146  ... 

Histogram: Blink.HTMLParsing.YieldedTimeAverage4 recorded 1 samples, mean = 1615.0 (flags = 0x41)
0     ... 
1482  -O                                                                        (1 = 100.0%) {0.0%}
1730  ... 

Histogram: Blink.HTMLParsing.YieldedTimeMax4 recorded 1 samples, mean = 10048.0 (flags = 0x41)
0     ... 
9964  -O                                                                        (1 = 100.0%) {0.0%}
10118 ... 

Histogram: Blink.HTMLParsing.YieldedTimeMin4 recorded 1 samples, mean = 30.0 (flags = 0x41)
0   ... 
27  -O                                                                        (1 = 100.0%) {0.0%}
32  ... 

Histogram: Blink.History.VisitedLinks.IsLinkStyledAsVisited recorded 41 samples, mean = 0.0 (flags = 0x41)
0  -----------------------------------------O                                (41 = 100.0%)
1  ... 

Histogram: Blink.JavascriptDocumentUpdate.UpdateTime.PreFCP recorded 1 samples, mean = 4.0 (flags = 0x41)
0  ... 
4  -O                                                                        (1 = 100.0%) {0.0%}
6  ... 

Histogram: Blink.Layout.InlineNode.ShapeText.MaxTime.InOutermostMainFrame3 recorded 1 samples, mean = 0.0 (flags = 0x41)
0  -O                                                                        (1 = 100.0%)
1  ... 

Histogram: Blink.Layout.InlineNode.ShapeText.TotalTime.InOutermostMainFrame3 recorded 1 samples, mean = 0.0 (flags = 0x41)
0  -O                                                                        (1 = 100.0%)
1  ... 

Histogram: Blink.Layout.SVGImage.Count.InOutermostMainFrame recorded 1 samples, mean = 0.0 (flags = 0x41)
0  -O                                                                        (1 = 100.0%)
1  ... 

Histogram: Blink.Layout.SVGImage.TotalTime.InOutermostMainFrame recorded 1 samples, mean = 0.0 (flags = 0x41)
0  -O                                                                        (1 = 100.0%)
1  ... 

Histogram: Blink.MainFrame.UpdateTime.PreFCP recorded 31 samples, mean = 2474.4 (flags = 0x41)
0      ... 
55     -O                                                                        (1 = 3.2%) {0.0%}
76     -O                                                                        (1 = 3.2%) {3.2%}
105    -----------O                                                              (11 = 35.5%) {6.5%}
146    ----O                                                                     (4 = 12.9%) {41.9%}
203    O                                                                         (0 = 0.0%) {54.8%}
282    ----O                                                                     (4 = 12.9%) {54.8%}
391    -O                                                                        (1 = 3.2%) {67.7%}
542    -O                                                                        (1 = 3.2%) {71.0%}
752    O                                                                         (0 = 0.0%) {74.2%}
1043   -O                                                                        (1 = 3.2%) {74.2%}
1447   O                                                                         (0 = 0.0%) {77.4%}
2008   -O                                                                        (1 = 3.2%) {77.4%}
2786   O                                                                         (0 = 0.0%) {80.6%}
3865   --O                                                                       (2 = 6.5%) {80.6%}
5362   --O                                                                       (2 = 6.5%) {87.1%}
7439   ... 
14319  -O                                                                        (1 = 3.2%) {93.5%}
19866  O                                                                         (0 = 0.0%) {96.8%}
27562  -O                                                                        (1 = 3.2%) {96.8%}
38240  ... 

Histogram: Blink.MemoryCache.RevalidationPolicy.AsyncScript recorded 48 samples, mean = 1.6 (flags = 0x41)
0  -----------------------O                                                  (23 = 47.9%)
1  ... 
3  -------------------------O                                                (25 = 52.1%) {47.9%}
4  ... 

Histogram: Blink.MemoryCache.RevalidationPolicy.CSSStyleSheet recorded 8 samples, mean = 0.0 (flags = 0x41)
0  --------O                                                                 (8 = 100.0%)
1  ... 

Histogram: Blink.MemoryCache.RevalidationPolicy.Dead.CSSStyleSheet recorded 8 samples, mean = 0.0 (flags = 0x41)
0  --------O                                                                 (8 = 100.0%)
1  ... 

Histogram: Blink.MemoryCache.RevalidationPolicy.Dead.Font recorded 2 samples, mean = 0.0 (flags = 0x41)
0  --O                                                                       (2 = 100.0%)
1  ... 

Histogram: Blink.MemoryCache.RevalidationPolicy.Dead.Script recorded 22 samples, mean = 0.0 (flags = 0x41)
0  ----------------------O                                                   (22 = 100.0%)
1  ... 

Histogram: Blink.MemoryCache.RevalidationPolicy.Font recorded 23 samples, mean = 4.0 (flags = 0x41)
0  -O                                                                        (1 = 4.3%)
1  ... 
4  ------------------O                                                       (18 = 78.3%) {4.3%}
5  ----O                                                                     (4 = 17.4%) {82.6%}
6  O                                                                         (0 = 0.0%) {100.0%}

Histogram: Blink.MemoryCache.RevalidationPolicy.Image recorded 35 samples, mean = 4.0 (flags = 0x41)
0  ... 
3  -O                                                                        (1 = 2.9%) {0.0%}
4  ----------------------------------O                                       (34 = 97.1%) {2.9%}
5  ... 

Histogram: Blink.MemoryCache.RevalidationPolicy.Manifest recorded 1 samples, mean = 3.0 (flags = 0x41)
0  ... 
3  -O                                                                        (1 = 100.0%) {0.0%}
4  ... 

Histogram: Blink.MemoryCache.RevalidationPolicy.Preload.CSSStyleSheet recorded 15 samples, mean = 1.6 (flags = 0x41)
0  -------O                                                                  (7 = 46.7%)
1  ... 
3  --------O                                                                 (8 = 53.3%) {46.7%}
4  ... 

Histogram: Blink.MemoryCache.RevalidationPolicy.Preload.Font recorded 2 samples, mean = 1.5 (flags = 0x41)
0  -O                                                                        (1 = 50.0%)
1  ... 
3  -O                                                                        (1 = 50.0%) {50.0%}
4  ... 

Histogram: Blink.MemoryCache.RevalidationPolicy.Preload.Script recorded 24 samples, mean = 2.8 (flags = 0x41)
0  --O                                                                       (2 = 8.3%)
1  ... 
3  ----------------------O                                                   (22 = 91.7%) {8.3%}
4  ... 

Histogram: Blink.MemoryCache.RevalidationPolicy.Raw recorded 8 samples, mean = 3.0 (flags = 0x41)
0  ... 
3  --------O                                                                 (8 = 100.0%) {0.0%}
4  ... 

Histogram: Blink.MemoryCache.RevalidationPolicy.Script recorded 26 samples, mean = 0.5 (flags = 0x41)
0  ----------------------O                                                   (22 = 84.6%)
1  ... 
3  ----O                                                                     (4 = 15.4%) {84.6%}
4  ... 

Histogram: Blink.PreloadRequestStartDuration recorded 41 samples, mean = 93.9 (flags = 0x41)
0    ... 
29   -----O                                                                    (5 = 12.2%) {0.0%}
40   ---------O                                                                (9 = 22.0%) {12.2%}
55   ---------------O                                                          (15 = 36.6%) {34.1%}
76   ---O                                                                      (3 = 7.3%) {70.7%}
105  ------O                                                                   (6 = 14.6%) {78.0%}
146  --O                                                                       (2 = 4.9%) {92.7%}
203  ... 
752  -O                                                                        (1 = 2.4%) {97.6%}
1043 ... 

Histogram: Blink.PreloadRequestWaitTime recorded 31 samples, mean = 1.4 (flags = 0x41)
0  -O                                                                        (1 = 3.2%)
1  ----------------O                                                         (16 = 51.6%) {3.2%}
2  --------------O                                                           (14 = 45.2%) {54.8%}
3  ... 

Histogram: Blink.PrepareToStopParsingTime recorded 25 samples, mean = 0.0 (flags = 0x41)
0  ------------------------O                                                 (24 = 96.0%)
1  -O                                                                        (1 = 4.0%) {96.0%}
2  ... 

Histogram: Blink.PumpTokenizerTime recorded 48 samples, mean = 0.4 (flags = 0x41)
0   ----------------------------------------------O                           (46 = 95.8%)
1   ... 
8   -O                                                                        (1 = 2.1%) {95.8%}
10  -O                                                                        (1 = 2.1%) {97.9%}
12  ... 

Histogram: Blink.ResourceRequest.BackgroundResourceFetchSupportStatus recorded 53 samples, mean = 0.1 (flags = 0x41)
0  ---------------------------------------------------O                      (51 = 96.2%)
1  O                                                                         (0 = 0.0%) {96.2%}
2  --O                                                                       (2 = 3.8%) {96.2%}
3  ... 

Histogram: Blink.ResourceRequest.CompletionDelay2 recorded 53 samples, mean = 6.1 (flags = 0x41)
0   ------------------O                                                       (18 = 34.0%)
1   ---O                                                                      (3 = 5.7%) {34.0%}
2   ---O                                                                      (3 = 5.7%) {39.6%}
3   --O                                                                       (2 = 3.8%) {45.3%}
4   ----O                                                                     (4 = 7.5%) {49.1%}
5   ---O                                                                      (3 = 5.7%) {56.6%}
6   -----O                                                                    (5 = 9.4%) {62.3%}
7   --O                                                                       (2 = 3.8%) {71.7%}
8   --------O                                                                 (8 = 15.1%) {75.5%}
10  --O                                                                       (2 = 3.8%) {90.6%}
12  ... 
24  -O                                                                        (1 = 1.9%) {94.3%}
29  ... 
40  -O                                                                        (1 = 1.9%) {96.2%}
48  ... 
68  -O                                                                        (1 = 1.9%) {98.1%}
81  ... 

Histogram: Blink.ResourceRequest.RedirectDelay2 recorded 2 samples, mean = 1.5 (flags = 0x41)
0  -O                                                                        (1 = 50.0%)
1  ... 
3  -O                                                                        (1 = 50.0%) {50.0%}
4  ... 

Histogram: Blink.ResourceRequest.ResponseDelay2 recorded 49 samples, mean = 5.4 (flags = 0x41)
0   -----------O                                                              (11 = 22.4%)
1   -------O                                                                  (7 = 14.3%) {22.4%}
2   O                                                                         (0 = 0.0%) {36.7%}
3   ---O                                                                      (3 = 6.1%) {36.7%}
4   ---O                                                                      (3 = 6.1%) {42.9%}
5   --O                                                                       (2 = 4.1%) {49.0%}
6   -------O                                                                  (7 = 14.3%) {53.1%}
7   ---O                                                                      (3 = 6.1%) {67.3%}
8   --------O                                                                 (8 = 16.3%) {73.5%}
10  ---O                                                                      (3 = 6.1%) {89.8%}
12  ... 
24  -O                                                                        (1 = 2.0%) {95.9%}
29  ... 
40  -O                                                                        (1 = 2.0%) {98.0%}
48  ... 

Histogram: Blink.ResourceRequest.StartDelay2 recorded 49 samples, mean = 31.8 (flags = 0x41)
0    ... 
4    -O                                                                        (1 = 2.0%) {0.0%}
5    -O                                                                        (1 = 2.0%) {2.0%}
6    --O                                                                       (2 = 4.1%) {4.1%}
7    ------------O                                                             (12 = 24.5%) {8.2%}
8    --O                                                                       (2 = 4.1%) {32.7%}
10   O                                                                         (0 = 0.0%) {36.7%}
12   ----------------O                                                         (16 = 32.7%) {36.7%}
14   --------O                                                                 (8 = 16.3%) {69.4%}
17   ---O                                                                      (3 = 6.1%) {85.7%}
20   --O                                                                       (2 = 4.1%) {91.8%}
24   -O                                                                        (1 = 2.0%) {95.9%}
29   ... 
894  -O                                                                        (1 = 2.0%) {98.0%}
1062 ... 

Histogram: Blink.SVGImage.DataChanged recorded 1 samples, mean = 1798.0 (flags = 0x41)
0     ... 
1447  -O                                                                        (1 = 100.0%) {0.0%}
2008  ... 

Histogram: Blink.SVGImage.IsolatedSVGDocumentHostCreationTime recorded 1 samples, mean = 684.0 (flags = 0x41)
0    ... 
542  -O                                                                        (1 = 100.0%) {0.0%}
752  ... 

Histogram: Blink.ScanAndPreloadTime.MainFrame.Initial recorded 1 samples, mean = 3.0 (flags = 0x41)
0  ... 
3  -O                                                                        (1 = 100.0%) {0.0%}
4  ... 

Histogram: Blink.ScanAndPreloadTime.MainFrame.NonInitial recorded 5 samples, mean = 0.0 (flags = 0x41)
0  -----O                                                                    (5 = 100.0%)
1  ... 

Histogram: Blink.ScanAndPreloadTime2.MainFrame.Initial recorded 1 samples, mean = 3130.0 (flags = 0x41)
0     ... 
2786  -O                                                                        (1 = 100.0%) {0.0%}
3865  ... 

Histogram: Blink.ScanAndPreloadTime2.MainFrame.NonInitial recorded 5 samples, mean = 56.6 (flags = 0x41)
0    O                                                                         (0 = 0.0%)
1    -O                                                                        (1 = 20.0%) {0.0%}
2    -O                                                                        (1 = 20.0%) {20.0%}
3    ... 
11   -O                                                                        (1 = 20.0%) {40.0%}
15   ... 
40   -O                                                                        (1 = 20.0%) {60.0%}
55   ... 
203  -O                                                                        (1 = 20.0%) {80.0%}
282  ... 

Histogram: Blink.ScanAndPreloadTime2.Preload.MainFrame.Initial recorded 1 samples, mean = 2211.0 (flags = 0x41)
0     ... 
2008  -O                                                                        (1 = 100.0%) {0.0%}
2786  ... 

Histogram: Blink.ScanAndPreloadTime2.Preload.MainFrame.NonInitial recorded 5 samples, mean = 1.0 (flags = 0x41)
0  --O                                                                       (2 = 40.0%)
1  --O                                                                       (2 = 40.0%) {40.0%}
2  O                                                                         (0 = 0.0%) {80.0%}
3  -O                                                                        (1 = 20.0%) {80.0%}
4  ... 

Histogram: Blink.ScanAndPreloadTime2.Scan.MainFrame.Initial recorded 1 samples, mean = 879.0 (flags = 0x41)
0    ... 
752  -O                                                                        (1 = 100.0%) {0.0%}
1043 ... 

Histogram: Blink.ScanAndPreloadTime2.Scan.MainFrame.NonInitial recorded 5 samples, mean = 48.8 (flags = 0x41)
0    --O                                                                       (2 = 40.0%)
1    -O                                                                        (1 = 20.0%) {40.0%}
2    ... 
29   -O                                                                        (1 = 20.0%) {60.0%}
40   ... 
203  -O                                                                        (1 = 20.0%) {80.0%}
282  ... 

Histogram: Blink.Script.AsyncScript.FromReadyToStartExecution.Time recorded 26 samples, mean = 0.7 (flags = 0x41)
0   ---------------------O                                                    (21 = 80.8%)
1   ---O                                                                      (3 = 11.5%) {80.8%}
2   ... 
6   -O                                                                        (1 = 3.8%) {92.3%}
8   O                                                                         (0 = 0.0%) {96.2%}
10  -O                                                                        (1 = 3.8%) {96.2%}
13  ... 

Histogram: Blink.Script.SchedulingType recorded 41 samples, mean = 5.3 (flags = 0x41)
0  ... 
3  -O                                                                        (1 = 2.4%) {0.0%}
4  O                                                                         (0 = 0.0%) {2.4%}
5  -------------------------O                                                (25 = 61.0%) {2.4%}
6  ---------------O                                                          (15 = 36.6%) {63.4%}
7  ... 

Histogram: Blink.UseCounter.AnimatedCSSProperties recorded 1 samples, mean = 1.0 (flags = 0x41)
0  O                                                                         (0 = 0.0%)
1  -O                                                                        (1 = 100.0%) {0.0%}
2  ... 

Histogram: Blink.UseCounter.CSSProperties recorded 96 samples, mean = 275.0 (flags = 0x41)
0    O                                                                         (0 = 0.0%)
1    -O                                                                        (1 = 1.0%) {0.0%}
2    -O                                                                        (1 = 1.0%) {1.0%}
3    -O                                                                        (1 = 1.0%) {2.1%}
4    -O                                                                        (1 = 1.0%) {3.1%}
5    -O                                                                        (1 = 1.0%) {4.2%}
6    -O                                                                        (1 = 1.0%) {5.2%}
7    -O                                                                        (1 = 1.0%) {6.2%}
8    -O                                                                        (1 = 1.0%) {7.3%}
9    O                                                                         (0 = 0.0%) {8.3%}
10   -O                                                                        (1 = 1.0%) {8.3%}
11   ... 
14   -O                                                                        (1 = 1.0%) {9.4%}
15   ... 
20   -O                                                                        (1 = 1.0%) {10.4%}
21   -O                                                                        (1 = 1.0%) {11.5%}
22   ... 
24   -O                                                                        (1 = 1.0%) {12.5%}
25   ... 
34   -O                                                                        (1 = 1.0%) {13.5%}
35   ... 
42   -O                                                                        (1 = 1.0%) {14.6%}
43   ... 
53   -O                                                                        (1 = 1.0%) {15.6%}
54   ... 
59   -O                                                                        (1 = 1.0%) {16.7%}
60   ... 
66   -O                                                                        (1 = 1.0%) {17.7%}
67   ... 
69   -O                                                                        (1 = 1.0%) {18.8%}
70   ... 
72   -O                                                                        (1 = 1.0%) {19.8%}
73   O                                                                         (0 = 0.0%) {20.8%}
74   -O                                                                        (1 = 1.0%) {20.8%}
75   ... 
77   -O                                                                        (1 = 1.0%) {21.9%}
78   ... 
81   -O                                                                        (1 = 1.0%) {22.9%}
82   ... 
84   -O                                                                        (1 = 1.0%) {24.0%}
85   ... 
89   -O                                                                        (1 = 1.0%) {25.0%}
90   ... 
95   -O                                                                        (1 = 1.0%) {26.0%}
96   -O                                                                        (1 = 1.0%) {27.1%}
97   -O                                                                        (1 = 1.0%) {28.1%}
98   -O                                                                        (1 = 1.0%) {29.2%}
99   O                                                                         (0 = 0.0%) {30.2%}
100  -O                                                                        (1 = 1.0%) {30.2%}
101  ... 
105  -O                                                                        (1 = 1.0%) {31.2%}
106  -O                                                                        (1 = 1.0%) {32.3%}
107  -O                                                                        (1 = 1.0%) {33.3%}
108  O                                                                         (0 = 0.0%) {34.4%}
109  -O                                                                        (1 = 1.0%) {34.4%}
110  ... 
118  -O                                                                        (1 = 1.0%) {35.4%}
119  -O                                                                        (1 = 1.0%) {36.5%}
120  ... 
124  -O                                                                        (1 = 1.0%) {37.5%}
125  ... 
127  -O                                                                        (1 = 1.0%) {38.5%}
128  -O                                                                        (1 = 1.0%) {39.6%}
129  -O                                                                        (1 = 1.0%) {40.6%}
130  ... 
143  -O                                                                        (1 = 1.0%) {41.7%}
144  ... 
150  -O                                                                        (1 = 1.0%) {42.7%}
151  O                                                                         (0 = 0.0%) {43.8%}
152  -O                                                                        (1 = 1.0%) {43.8%}
153  -O                                                                        (1 = 1.0%) {44.8%}
154  -O                                                                        (1 = 1.0%) {45.8%}
155  O                                                                         (0 = 0.0%) {46.9%}
156  -O                                                                        (1 = 1.0%) {46.9%}
157  -O                                                                        (1 = 1.0%) {47.9%}
158  O                                                                         (0 = 0.0%) {49.0%}
159  -O                                                                        (1 = 1.0%) {49.0%}
160  O                                                                         (0 = 0.0%) {50.0%}
161  -O                                                                        (1 = 1.0%) {50.0%}
162  ... 
164  -O                                                                        (1 = 1.0%) {51.0%}
165  -O                                                                        (1 = 1.0%) {52.1%}
166  ... 
175  -O                                                                        (1 = 1.0%) {53.1%}
176  ... 
231  -O                                                                        (1 = 1.0%) {54.2%}
232  -O                                                                        (1 = 1.0%) {55.2%}
233  O                                                                         (0 = 0.0%) {56.2%}
234  -O                                                                        (1 = 1.0%) {56.2%}
235  -O                                                                        (1 = 1.0%) {57.3%}
236  O                                                                         (0 = 0.0%) {58.3%}
237  -O                                                                        (1 = 1.0%) {58.3%}
238  -O                                                                        (1 = 1.0%) {59.4%}
239  -O                                                                        (1 = 1.0%) {60.4%}
240  -O                                                                        (1 = 1.0%) {61.5%}
241  O                                                                         (0 = 0.0%) {62.5%}
242  -O                                                                        (1 = 1.0%) {62.5%}
243  ... 
303  -O                                                                        (1 = 1.0%) {63.5%}
304  ... 
369  -O                                                                        (1 = 1.0%) {64.6%}
370  -O                                                                        (1 = 1.0%) {65.6%}
371  ... 
415  -O                                                                        (1 = 1.0%) {66.7%}
416  ... 
432  -O                                                                        (1 = 1.0%) {67.7%}
433  -O                                                                        (1 = 1.0%) {68.8%}
434  ... 
437  -O                                                                        (1 = 1.0%) {69.8%}
438  ... 
446  -O                                                                        (1 = 1.0%) {70.8%}
447  ... 
508  -O                                                                        (1 = 1.0%) {71.9%}
509  ... 
514  -O                                                                        (1 = 1.0%) {72.9%}
515  -O                                                                        (1 = 1.0%) {74.0%}
516  -O                                                                        (1 = 1.0%) {75.0%}
517  ... 
537  -O                                                                        (1 = 1.0%) {76.0%}
538  ... 
549  -O                                                                        (1 = 1.0%) {77.1%}
550  ... 
563  -O                                                                        (1 = 1.0%) {78.1%}
564  ... 
591  -O                                                                        (1 = 1.0%) {79.2%}
592  -O                                                                        (1 = 1.0%) {80.2%}
593  O                                                                         (0 = 0.0%) {81.2%}
594  -O                                                                        (1 = 1.0%) {81.2%}
595  -O                                                                        (1 = 1.0%) {82.3%}
596  ... 
598  -O                                                                        (1 = 1.0%) {83.3%}
599  -O                                                                        (1 = 1.0%) {84.4%}
600  ... 
618  -O                                                                        (1 = 1.0%) {85.4%}
619  -O                                                                        (1 = 1.0%) {86.5%}
620  -O                                                                        (1 = 1.0%) {87.5%}
621  -O                                                                        (1 = 1.0%) {88.5%}
622  ... 
636  -O                                                                        (1 = 1.0%) {89.6%}
637  ... 
657  -O                                                                        (1 = 1.0%) {90.6%}
658  -O                                                                        (1 = 1.0%) {91.7%}
659  ... 
662  -O                                                                        (1 = 1.0%) {92.7%}
663  ... 
672  -O                                                                        (1 = 1.0%) {93.8%}
673  -O                                                                        (1 = 1.0%) {94.8%}
674  O                                                                         (0 = 0.0%) {95.8%}
675  -O                                                                        (1 = 1.0%) {95.8%}
676  ... 
696  -O                                                                        (1 = 1.0%) {96.9%}
697  ... 
746  -O                                                                        (1 = 1.0%) {97.9%}
747  ... 
770  -O                                                                        (1 = 1.0%) {99.0%}
771  ... 

Histogram: Blink.UseCounter.Features recorded 172 samples, mean = 2203.1 (flags = 0x41)
0     ... 
13    -O                                                                        (1 = 0.6%) {0.0%}
14    ... 
16    -O                                                                        (1 = 0.6%) {0.6%}
17    ... 
52    -O                                                                        (1 = 0.6%) {1.2%}
53    ... 
69    -O                                                                        (1 = 0.6%) {1.7%}
70    ... 
123   -O                                                                        (1 = 0.6%) {2.3%}
124   -O                                                                        (1 = 0.6%) {2.9%}
125   -O                                                                        (1 = 0.6%) {3.5%}
126   ... 
138   -O                                                                        (1 = 0.6%) {4.1%}
139   ... 
240   -O                                                                        (1 = 0.6%) {4.7%}
241   ... 
250   -O                                                                        (1 = 0.6%) {5.2%}
251   ... 
429   -O                                                                        (1 = 0.6%) {5.8%}
430   -O                                                                        (1 = 0.6%) {6.4%}
431   -O                                                                        (1 = 0.6%) {7.0%}
432   -O                                                                        (1 = 0.6%) {7.6%}
433   ... 
469   -O                                                                        (1 = 0.6%) {8.1%}
470   ... 
494   -O                                                                        (1 = 0.6%) {8.7%}
495   ... 
522   -O                                                                        (1 = 0.6%) {9.3%}
523   -O                                                                        (1 = 0.6%) {9.9%}
524   -O                                                                        (1 = 0.6%) {10.5%}
525   ... 
540   -O                                                                        (1 = 0.6%) {11.0%}
541   ... 
587   -O                                                                        (1 = 0.6%) {11.6%}
588   -O                                                                        (1 = 0.6%) {12.2%}
589   ... 
675   -O                                                                        (1 = 0.6%) {12.8%}
676   ... 
710   -O                                                                        (1 = 0.6%) {13.4%}
711   -O                                                                        (1 = 0.6%) {14.0%}
712   ... 
717   -O                                                                        (1 = 0.6%) {14.5%}
718   ... 
730   -O                                                                        (1 = 0.6%) {15.1%}
731   ... 
744   -O                                                                        (1 = 0.6%) {15.7%}
745   ... 
780   -O                                                                        (1 = 0.6%) {16.3%}
781   -O                                                                        (1 = 0.6%) {16.9%}
782   ... 
786   -O                                                                        (1 = 0.6%) {17.4%}
787   -O                                                                        (1 = 0.6%) {18.0%}
788   ... 
804   -O                                                                        (1 = 0.6%) {18.6%}
805   ... 
900   -O                                                                        (1 = 0.6%) {19.2%}
901   -O                                                                        (1 = 0.6%) {19.8%}
902   ... 
907   -O                                                                        (1 = 0.6%) {20.3%}
908   ... 
954   -O                                                                        (1 = 0.6%) {20.9%}
955   ... 
970   -O                                                                        (1 = 0.6%) {21.5%}
971   O                                                                         (0 = 0.0%) {22.1%}
972   -O                                                                        (1 = 0.6%) {22.1%}
973   -O                                                                        (1 = 0.6%) {22.7%}
974   ... 
976   -O                                                                        (1 = 0.6%) {23.3%}
977   ... 
1023  -O                                                                        (1 = 0.6%) {23.8%}
1024  ... 
1069  -O                                                                        (1 = 0.6%) {24.4%}
1070  -O                                                                        (1 = 0.6%) {25.0%}
1071  ... 
1075  -O                                                                        (1 = 0.6%) {25.6%}
1076  -O                                                                        (1 = 0.6%) {26.2%}
1077  ... 
1124  -O                                                                        (1 = 0.6%) {26.7%}
1125  ... 
1302  -O                                                                        (1 = 0.6%) {27.3%}
1303  ... 
1347  -O                                                                        (1 = 0.6%) {27.9%}
1348  ... 
1351  -O                                                                        (1 = 0.6%) {28.5%}
1352  ... 
1354  -O                                                                        (1 = 0.6%) {29.1%}
1355  ... 
1368  -O                                                                        (1 = 0.6%) {29.7%}
1369  ... 
1417  -O                                                                        (1 = 0.6%) {30.2%}
1418  ... 
1441  -O                                                                        (1 = 0.6%) {30.8%}
1442  ... 
1458  -O                                                                        (1 = 0.6%) {31.4%}
1459  -O                                                                        (1 = 0.6%) {32.0%}
1460  ... 
1462  -O                                                                        (1 = 0.6%) {32.6%}
1463  -O                                                                        (1 = 0.6%) {33.1%}
1464  ... 
1467  -O                                                                        (1 = 0.6%) {33.7%}
1468  ... 
1502  -O                                                                        (1 = 0.6%) {34.3%}
1503  ... 
1692  -O                                                                        (1 = 0.6%) {34.9%}
1693  -O                                                                        (1 = 0.6%) {35.5%}
1694  ... 
1827  -O                                                                        (1 = 0.6%) {36.0%}
1828  ... 
2013  -O                                                                        (1 = 0.6%) {36.6%}
2014  ... 
2077  -O                                                                        (1 = 0.6%) {37.2%}
2078  ... 
2094  -O                                                                        (1 = 0.6%) {37.8%}
2095  O                                                                         (0 = 0.0%) {38.4%}
2096  -O                                                                        (1 = 0.6%) {38.4%}
2097  ... 
2100  -O                                                                        (1 = 0.6%) {39.0%}
2101  ... 
2112  -O                                                                        (1 = 0.6%) {39.5%}
2113  ... 
2121  -O                                                                        (1 = 0.6%) {40.1%}
2122  ... 
2157  -O                                                                        (1 = 0.6%) {40.7%}
2158  ... 
2188  -O                                                                        (1 = 0.6%) {41.3%}
2189  O                                                                         (0 = 0.0%) {41.9%}
2190  -O                                                                        (1 = 0.6%) {41.9%}
2191  -O                                                                        (1 = 0.6%) {42.4%}
2192  ... 
2195  -O                                                                        (1 = 0.6%) {43.0%}
2196  ... 
2203  -O                                                                        (1 = 0.6%) {43.6%}
2204  -O                                                                        (1 = 0.6%) {44.2%}
2205  ... 
2217  -O                                                                        (1 = 0.6%) {44.8%}
2218  ... 
2226  -O                                                                        (1 = 0.6%) {45.3%}
2227  O                                                                         (0 = 0.0%) {45.9%}
2228  -O                                                                        (1 = 0.6%) {45.9%}
2229  -O                                                                        (1 = 0.6%) {46.5%}
2230  ... 
2236  -O                                                                        (1 = 0.6%) {47.1%}
2237  ... 
2298  -O                                                                        (1 = 0.6%) {47.7%}
2299  ... 
2314  -O                                                                        (1 = 0.6%) {48.3%}
2315  ... 
2319  -O                                                                        (1 = 0.6%) {48.8%}
2320  ... 
2322  -O                                                                        (1 = 0.6%) {49.4%}
2323  ... 
2347  -O                                                                        (1 = 0.6%) {50.0%}
2348  ... 
2355  -O                                                                        (1 = 0.6%) {50.6%}
2356  ... 
2361  -O                                                                        (1 = 0.6%) {51.2%}
2362  ... 
2387  -O                                                                        (1 = 0.6%) {51.7%}
2388  -O                                                                        (1 = 0.6%) {52.3%}
2389  ... 
2399  -O                                                                        (1 = 0.6%) {52.9%}
2400  ... 
2413  -O                                                                        (1 = 0.6%) {53.5%}
2414  ... 
2429  -O                                                                        (1 = 0.6%) {54.1%}
2430  O                                                                         (0 = 0.0%) {54.7%}
2431  -O                                                                        (1 = 0.6%) {54.7%}
2432  ... 
2487  -O                                                                        (1 = 0.6%) {55.2%}
2488  ... 
2518  -O                                                                        (1 = 0.6%) {55.8%}
2519  ... 
2598  -O                                                                        (1 = 0.6%) {56.4%}
2599  ... 
2618  -O                                                                        (1 = 0.6%) {57.0%}
2619  ... 
2654  -O                                                                        (1 = 0.6%) {57.6%}
2655  -O                                                                        (1 = 0.6%) {58.1%}
2656  -O                                                                        (1 = 0.6%) {58.7%}
2657  -O                                                                        (1 = 0.6%) {59.3%}
2658  -O                                                                        (1 = 0.6%) {59.9%}
2659  -O                                                                        (1 = 0.6%) {60.5%}
2660  -O                                                                        (1 = 0.6%) {61.0%}
2661  -O                                                                        (1 = 0.6%) {61.6%}
2662  -O                                                                        (1 = 0.6%) {62.2%}
2663  -O                                                                        (1 = 0.6%) {62.8%}
2664  ... 
2699  -O                                                                        (1 = 0.6%) {63.4%}
2700  -O                                                                        (1 = 0.6%) {64.0%}
2701  -O                                                                        (1 = 0.6%) {64.5%}
2702  -O                                                                        (1 = 0.6%) {65.1%}
2703  -O                                                                        (1 = 0.6%) {65.7%}
2704  -O                                                                        (1 = 0.6%) {66.3%}
2705  -O                                                                        (1 = 0.6%) {66.9%}
2706  -O                                                                        (1 = 0.6%) {67.4%}
2707  -O                                                                        (1 = 0.6%) {68.0%}
2708  ... 
2710  -O                                                                        (1 = 0.6%) {68.6%}
2711  -O                                                                        (1 = 0.6%) {69.2%}
2712  ... 
2714  -O                                                                        (1 = 0.6%) {69.8%}
2715  -O                                                                        (1 = 0.6%) {70.3%}
2716  -O                                                                        (1 = 0.6%) {70.9%}
2717  ... 
2723  -O                                                                        (1 = 0.6%) {71.5%}
2724  ... 
2738  -O                                                                        (1 = 0.6%) {72.1%}
2739  ... 
2769  -O                                                                        (1 = 0.6%) {72.7%}
2770  ... 
2841  -O                                                                        (1 = 0.6%) {73.3%}
2842  ... 
2903  -O                                                                        (1 = 0.6%) {73.8%}
2904  -O                                                                        (1 = 0.6%) {74.4%}
2905  ... 
2927  -O                                                                        (1 = 0.6%) {75.0%}
2928  ... 
2935  -O                                                                        (1 = 0.6%) {75.6%}
2936  ... 
3004  -O                                                                        (1 = 0.6%) {76.2%}
3005  ... 
3019  -O                                                                        (1 = 0.6%) {76.7%}
3020  -O                                                                        (1 = 0.6%) {77.3%}
3021  ... 
3028  -O                                                                        (1 = 0.6%) {77.9%}
3029  ... 
3066  -O                                                                        (1 = 0.6%) {78.5%}
3067  ... 
3157  -O                                                                        (1 = 0.6%) {79.1%}
3158  ... 
3198  -O                                                                        (1 = 0.6%) {79.7%}
3199  ... 
3254  -O                                                                        (1 = 0.6%) {80.2%}
3255  ... 
3258  -O                                                                        (1 = 0.6%) {80.8%}
3259  ... 
3275  -O                                                                        (1 = 0.6%) {81.4%}
3276  ... 
3279  -O                                                                        (1 = 0.6%) {82.0%}
3280  ... 
3307  -O                                                                        (1 = 0.6%) {82.6%}
3308  -O                                                                        (1 = 0.6%) {83.1%}
3309  ... 
3349  -O                                                                        (1 = 0.6%) {83.7%}
3350  ... 
3359  -O                                                                        (1 = 0.6%) {84.3%}
3360  ... 
3409  -O                                                                        (1 = 0.6%) {84.9%}
3410  ... 
3444  -O                                                                        (1 = 0.6%) {85.5%}
3445  ... 
3698  -O                                                                        (1 = 0.6%) {86.0%}
3699  ... 
3789  -O                                                                        (1 = 0.6%) {86.6%}
3790  -O                                                                        (1 = 0.6%) {87.2%}
3791  ... 
3803  -O                                                                        (1 = 0.6%) {87.8%}
3804  ... 
3870  -O                                                                        (1 = 0.6%) {88.4%}
3871  ... 
3973  -O                                                                        (1 = 0.6%) {89.0%}
3974  ... 
4007  -O                                                                        (1 = 0.6%) {89.5%}
4008  ... 
4113  -O                                                                        (1 = 0.6%) {90.1%}
4114  ... 
4161  -O                                                                        (1 = 0.6%) {90.7%}
4162  ... 
4177  -O                                                                        (1 = 0.6%) {91.3%}
4178  ... 
4194  -O                                                                        (1 = 0.6%) {91.9%}
4195  O                                                                         (0 = 0.0%) {92.4%}
4196  -O                                                                        (1 = 0.6%) {92.4%}
4197  ... 
4240  -O                                                                        (1 = 0.6%) {93.0%}
4241  O                                                                         (0 = 0.0%) {93.6%}
4242  -O                                                                        (1 = 0.6%) {93.6%}
4243  ... 
4307  -O                                                                        (1 = 0.6%) {94.2%}
4308  ... 
4317  -O                                                                        (1 = 0.6%) {94.8%}
4318  ... 
4372  -O                                                                        (1 = 0.6%) {95.3%}
4373  ... 
4379  -O                                                                        (1 = 0.6%) {95.9%}
4380  ... 
4419  -O                                                                        (1 = 0.6%) {96.5%}
4420  ... 
4561  -O                                                                        (1 = 0.6%) {97.1%}
4562  ... 
4673  -O                                                                        (1 = 0.6%) {97.7%}
4674  ... 
4743  -O                                                                        (1 = 0.6%) {98.3%}
4744  ... 
4961  -O                                                                        (1 = 0.6%) {98.8%}
4962  ... 
4994  -O                                                                        (1 = 0.6%) {99.4%}
4995  ... 

Histogram: Blink.UseCounter.MainFrame.Features recorded 172 samples, mean = 2203.1 (flags = 0x41)
0     ... 
13    -O                                                                        (1 = 0.6%) {0.0%}
14    ... 
16    -O                                                                        (1 = 0.6%) {0.6%}
17    ... 
52    -O                                                                        (1 = 0.6%) {1.2%}
53    ... 
69    -O                                                                        (1 = 0.6%) {1.7%}
70    ... 
123   -O                                                                        (1 = 0.6%) {2.3%}
124   -O                                                                        (1 = 0.6%) {2.9%}
125   -O                                                                        (1 = 0.6%) {3.5%}
126   ... 
138   -O                                                                        (1 = 0.6%) {4.1%}
139   ... 
240   -O                                                                        (1 = 0.6%) {4.7%}
241   ... 
250   -O                                                                        (1 = 0.6%) {5.2%}
251   ... 
429   -O                                                                        (1 = 0.6%) {5.8%}
430   -O                                                                        (1 = 0.6%) {6.4%}
431   -O                                                                        (1 = 0.6%) {7.0%}
432   -O                                                                        (1 = 0.6%) {7.6%}
433   ... 
469   -O                                                                        (1 = 0.6%) {8.1%}
470   ... 
494   -O                                                                        (1 = 0.6%) {8.7%}
495   ... 
522   -O                                                                        (1 = 0.6%) {9.3%}
523   -O                                                                        (1 = 0.6%) {9.9%}
524   -O                                                                        (1 = 0.6%) {10.5%}
525   ... 
540   -O                                                                        (1 = 0.6%) {11.0%}
541   ... 
587   -O                                                                        (1 = 0.6%) {11.6%}
588   -O                                                                        (1 = 0.6%) {12.2%}
589   ... 
675   -O                                                                        (1 = 0.6%) {12.8%}
676   ... 
710   -O                                                                        (1 = 0.6%) {13.4%}
711   -O                                                                        (1 = 0.6%) {14.0%}
712   ... 
717   -O                                                                        (1 = 0.6%) {14.5%}
718   ... 
730   -O                                                                        (1 = 0.6%) {15.1%}
731   ... 
744   -O                                                                        (1 = 0.6%) {15.7%}
745   ... 
780   -O                                                                        (1 = 0.6%) {16.3%}
781   -O                                                                        (1 = 0.6%) {16.9%}
782   ... 
786   -O                                                                        (1 = 0.6%) {17.4%}
787   -O                                                                        (1 = 0.6%) {18.0%}
788   ... 
804   -O                                                                        (1 = 0.6%) {18.6%}
805   ... 
900   -O                                                                        (1 = 0.6%) {19.2%}
901   -O                                                                        (1 = 0.6%) {19.8%}
902   ... 
907   -O                                                                        (1 = 0.6%) {20.3%}
908   ... 
954   -O                                                                        (1 = 0.6%) {20.9%}
955   ... 
970   -O                                                                        (1 = 0.6%) {21.5%}
971   O                                                                         (0 = 0.0%) {22.1%}
972   -O                                                                        (1 = 0.6%) {22.1%}
973   -O                                                                        (1 = 0.6%) {22.7%}
974   ... 
976   -O                                                                        (1 = 0.6%) {23.3%}
977   ... 
1023  -O                                                                        (1 = 0.6%) {23.8%}
1024  ... 
1069  -O                                                                        (1 = 0.6%) {24.4%}
1070  -O                                                                        (1 = 0.6%) {25.0%}
1071  ... 
1075  -O                                                                        (1 = 0.6%) {25.6%}
1076  -O                                                                        (1 = 0.6%) {26.2%}
1077  ... 
1124  -O                                                                        (1 = 0.6%) {26.7%}
1125  ... 
1302  -O                                                                        (1 = 0.6%) {27.3%}
1303  ... 
1347  -O                                                                        (1 = 0.6%) {27.9%}
1348  ... 
1351  -O                                                                        (1 = 0.6%) {28.5%}
1352  ... 
1354  -O                                                                        (1 = 0.6%) {29.1%}
1355  ... 
1368  -O                                                                        (1 = 0.6%) {29.7%}
1369  ... 
1417  -O                                                                        (1 = 0.6%) {30.2%}
1418  ... 
1441  -O                                                                        (1 = 0.6%) {30.8%}
1442  ... 
1458  -O                                                                        (1 = 0.6%) {31.4%}
1459  -O                                                                        (1 = 0.6%) {32.0%}
1460  ... 
1462  -O                                                                        (1 = 0.6%) {32.6%}
1463  -O                                                                        (1 = 0.6%) {33.1%}
1464  ... 
1467  -O                                                                        (1 = 0.6%) {33.7%}
1468  ... 
1502  -O                                                                        (1 = 0.6%) {34.3%}
1503  ... 
1692  -O                                                                        (1 = 0.6%) {34.9%}
1693  -O                                                                        (1 = 0.6%) {35.5%}
1694  ... 
1827  -O                                                                        (1 = 0.6%) {36.0%}
1828  ... 
2013  -O                                                                        (1 = 0.6%) {36.6%}
2014  ... 
2077  -O                                                                        (1 = 0.6%) {37.2%}
2078  ... 
2094  -O                                                                        (1 = 0.6%) {37.8%}
2095  O                                                                         (0 = 0.0%) {38.4%}
2096  -O                                                                        (1 = 0.6%) {38.4%}
2097  ... 
2100  -O                                                                        (1 = 0.6%) {39.0%}
2101  ... 
2112  -O                                                                        (1 = 0.6%) {39.5%}
2113  ... 
2121  -O                                                                        (1 = 0.6%) {40.1%}
2122  ... 
2157  -O                                                                        (1 = 0.6%) {40.7%}
2158  ... 
2188  -O                                                                        (1 = 0.6%) {41.3%}
2189  O                                                                         (0 = 0.0%) {41.9%}
2190  -O                                                                        (1 = 0.6%) {41.9%}
2191  -O                                                                        (1 = 0.6%) {42.4%}
2192  ... 
2195  -O                                                                        (1 = 0.6%) {43.0%}
2196  ... 
2203  -O                                                                        (1 = 0.6%) {43.6%}
2204  -O                                                                        (1 = 0.6%) {44.2%}
2205  ... 
2217  -O                                                                        (1 = 0.6%) {44.8%}
2218  ... 
2226  -O                                                                        (1 = 0.6%) {45.3%}
2227  O                                                                         (0 = 0.0%) {45.9%}
2228  -O                                                                        (1 = 0.6%) {45.9%}
2229  -O                                                                        (1 = 0.6%) {46.5%}
2230  ... 
2236  -O                                                                        (1 = 0.6%) {47.1%}
2237  ... 
2298  -O                                                                        (1 = 0.6%) {47.7%}
2299  ... 
2314  -O                                                                        (1 = 0.6%) {48.3%}
2315  ... 
2319  -O                                                                        (1 = 0.6%) {48.8%}
2320  ... 
2322  -O                                                                        (1 = 0.6%) {49.4%}
2323  ... 
2347  -O                                                                        (1 = 0.6%) {50.0%}
2348  ... 
2355  -O                                                                        (1 = 0.6%) {50.6%}
2356  ... 
2361  -O                                                                        (1 = 0.6%) {51.2%}
2362  ... 
2387  -O                                                                        (1 = 0.6%) {51.7%}
2388  -O                                                                        (1 = 0.6%) {52.3%}
2389  ... 
2399  -O                                                                        (1 = 0.6%) {52.9%}
2400  ... 
2413  -O                                                                        (1 = 0.6%) {53.5%}
2414  ... 
2429  -O                                                                        (1 = 0.6%) {54.1%}
2430  O                                                                         (0 = 0.0%) {54.7%}
2431  -O                                                                        (1 = 0.6%) {54.7%}
2432  ... 
2487  -O                                                                        (1 = 0.6%) {55.2%}
2488  ... 
2518  -O                                                                        (1 = 0.6%) {55.8%}
2519  ... 
2598  -O                                                                        (1 = 0.6%) {56.4%}
2599  ... 
2618  -O                                                                        (1 = 0.6%) {57.0%}
2619  ... 
2654  -O                                                                        (1 = 0.6%) {57.6%}
2655  -O                                                                        (1 = 0.6%) {58.1%}
2656  -O                                                                        (1 = 0.6%) {58.7%}
2657  -O                                                                        (1 = 0.6%) {59.3%}
2658  -O                                                                        (1 = 0.6%) {59.9%}
2659  -O                                                                        (1 = 0.6%) {60.5%}
2660  -O                                                                        (1 = 0.6%) {61.0%}
2661  -O                                                                        (1 = 0.6%) {61.6%}
2662  -O                                                                        (1 = 0.6%) {62.2%}
2663  -O                                                                        (1 = 0.6%) {62.8%}
2664  ... 
2699  -O                                                                        (1 = 0.6%) {63.4%}
2700  -O                                                                        (1 = 0.6%) {64.0%}
2701  -O                                                                        (1 = 0.6%) {64.5%}
2702  -O                                                                        (1 = 0.6%) {65.1%}
2703  -O                                                                        (1 = 0.6%) {65.7%}
2704  -O                                                                        (1 = 0.6%) {66.3%}
2705  -O                                                                        (1 = 0.6%) {66.9%}
2706  -O                                                                        (1 = 0.6%) {67.4%}
2707  -O                                                                        (1 = 0.6%) {68.0%}
2708  ... 
2710  -O                                                                        (1 = 0.6%) {68.6%}
2711  -O                                                                        (1 = 0.6%) {69.2%}
2712  ... 
2714  -O                                                                        (1 = 0.6%) {69.8%}
2715  -O                                                                        (1 = 0.6%) {70.3%}
2716  -O                                                                        (1 = 0.6%) {70.9%}
2717  ... 
2723  -O                                                                        (1 = 0.6%) {71.5%}
2724  ... 
2738  -O                                                                        (1 = 0.6%) {72.1%}
2739  ... 
2769  -O                                                                        (1 = 0.6%) {72.7%}
2770  ... 
2841  -O                                                                        (1 = 0.6%) {73.3%}
2842  ... 
2903  -O                                                                        (1 = 0.6%) {73.8%}
2904  -O                                                                        (1 = 0.6%) {74.4%}
2905  ... 
2927  -O                                                                        (1 = 0.6%) {75.0%}
2928  ... 
2935  -O                                                                        (1 = 0.6%) {75.6%}
2936  ... 
3004  -O                                                                        (1 = 0.6%) {76.2%}
3005  ... 
3019  -O                                                                        (1 = 0.6%) {76.7%}
3020  -O                                                                        (1 = 0.6%) {77.3%}
3021  ... 
3028  -O                                                                        (1 = 0.6%) {77.9%}
3029  ... 
3066  -O                                                                        (1 = 0.6%) {78.5%}
3067  ... 
3157  -O                                                                        (1 = 0.6%) {79.1%}
3158  ... 
3198  -O                                                                        (1 = 0.6%) {79.7%}
3199  ... 
3254  -O                                                                        (1 = 0.6%) {80.2%}
3255  ... 
3258  -O                                                                        (1 = 0.6%) {80.8%}
3259  ... 
3275  -O                                                                        (1 = 0.6%) {81.4%}
3276  ... 
3279  -O                                                                        (1 = 0.6%) {82.0%}
3280  ... 
3307  -O                                                                        (1 = 0.6%) {82.6%}
3308  -O                                                                        (1 = 0.6%) {83.1%}
3309  ... 
3349  -O                                                                        (1 = 0.6%) {83.7%}
3350  ... 
3359  -O                                                                        (1 = 0.6%) {84.3%}
3360  ... 
3409  -O                                                                        (1 = 0.6%) {84.9%}
3410  ... 
3444  -O                                                                        (1 = 0.6%) {85.5%}
3445  ... 
3698  -O                                                                        (1 = 0.6%) {86.0%}
3699  ... 
3789  -O                                                                        (1 = 0.6%) {86.6%}
3790  -O                                                                        (1 = 0.6%) {87.2%}
3791  ... 
3803  -O                                                                        (1 = 0.6%) {87.8%}
3804  ... 
3870  -O                                                                        (1 = 0.6%) {88.4%}
3871  ... 
3973  -O                                                                        (1 = 0.6%) {89.0%}
3974  ... 
4007  -O                                                                        (1 = 0.6%) {89.5%}
4008  ... 
4113  -O                                                                        (1 = 0.6%) {90.1%}
4114  ... 
4161  -O                                                                        (1 = 0.6%) {90.7%}
4162  ... 
4177  -O                                                                        (1 = 0.6%) {91.3%}
4178  ... 
4194  -O                                                                        (1 = 0.6%) {91.9%}
4195  O                                                                         (0 = 0.0%) {92.4%}
4196  -O                                                                        (1 = 0.6%) {92.4%}
4197  ... 
4240  -O                                                                        (1 = 0.6%) {93.0%}
4241  O                                                                         (0 = 0.0%) {93.6%}
4242  -O                                                                        (1 = 0.6%) {93.6%}
4243  ... 
4307  -O                                                                        (1 = 0.6%) {94.2%}
4308  ... 
4317  -O                                                                        (1 = 0.6%) {94.8%}
4318  ... 
4372  -O                                                                        (1 = 0.6%) {95.3%}
4373  ... 
4379  -O                                                                        (1 = 0.6%) {95.9%}
4380  ... 
4419  -O                                                                        (1 = 0.6%) {96.5%}
4420  ... 
4561  -O                                                                        (1 = 0.6%) {97.1%}
4562  ... 
4673  -O                                                                        (1 = 0.6%) {97.7%}
4674  ... 
4743  -O                                                                        (1 = 0.6%) {98.3%}
4744  ... 
4961  -O                                                                        (1 = 0.6%) {98.8%}
4962  ... 
4994  -O                                                                        (1 = 0.6%) {99.4%}
4995  ... 

Histogram: Blink.UseCounter.PermissionsPolicy.Allow2 recorded 0 samples (flags = 0x41)
0 ... 

Histogram: Blink.UseCounter.PermissionsPolicy.Header2 recorded 0 samples (flags = 0x41)
0 ... 

Histogram: Blink.UseCounter.PermissionsPolicy.Violation.Enforce recorded 0 samples (flags = 0x41)
0 ... 

Histogram: Blink.UseCounter.WebDXFeatures recorded 15 samples, mean = 37.7 (flags = 0x41)
0   ... 
5   -O                                                                        (1 = 6.7%) {0.0%}
6   ... 
8   -O                                                                        (1 = 6.7%) {6.7%}
9   -O                                                                        (1 = 6.7%) {13.3%}
10  O                                                                         (0 = 0.0%) {20.0%}
11  -O                                                                        (1 = 6.7%) {20.0%}
12  ... 
27  -O                                                                        (1 = 6.7%) {26.7%}
28  -O                                                                        (1 = 6.7%) {33.3%}
29  -O                                                                        (1 = 6.7%) {40.0%}
30  ... 
38  -O                                                                        (1 = 6.7%) {46.7%}
39  -O                                                                        (1 = 6.7%) {53.3%}
40  ... 
45  -O                                                                        (1 = 6.7%) {60.0%}
46  -O                                                                        (1 = 6.7%) {66.7%}
47  ... 
58  -O                                                                        (1 = 6.7%) {73.3%}
59  ... 
68  -O                                                                        (1 = 6.7%) {80.0%}
69  ... 
71  -O                                                                        (1 = 6.7%) {86.7%}
72  ... 
83  -O                                                                        (1 = 6.7%) {93.3%}
84  ... 

Histogram: Blink.UserDrivenDocumentUpdate.UpdateTime.PreFCP recorded 1 samples, mean = 11.0 (flags = 0x41)
0   ... 
11  -O                                                                        (1 = 100.0%) {0.0%}
15  ... 

Histogram: Bookmarks.BookmarkBar.Shown recorded 1 samples, mean = 0.0 (flags = 0x41)
0  -O                                                                        (1 = 100.0%)
1  ... 

Histogram: Bookmarks.Count.OnProfileLoad3 recorded 1 samples, mean = 0.0 (flags = 0x41)
0  -O                                                                        (1 = 100.0%)
1  ... 

Histogram: Bookmarks.Storage.TimeToLoadAtStartup2 recorded 1 samples, mean = 2504.0 (flags = 0x41)
0     ... 
2117  -O                                                                        (1 = 100.0%) {0.0%}
2516  ... 

Histogram: Bookmarks.Times.OnProfileLoad.TimeSinceAdded3 recorded 1 samples, mean = 0.0 (flags = 0x41)
0  -O                                                                        (1 = 100.0%)
1  ... 

Histogram: Bookmarks.Utilization.OnProfileLoad.PercentageUsed recorded 1 samples, mean = 0.0 (flags = 0x41)
0  -O                                                                        (1 = 100.0%)
1  ... 

Histogram: Bookmarks.Utilization.OnProfileLoad.TotalUnused recorded 1 samples, mean = 0.0 (flags = 0x41)
0  -O                                                                        (1 = 100.0%)
1  ... 

Histogram: Bookmarks.Utilization.OnProfileLoad.TotalUsed recorded 1 samples, mean = 0.0 (flags = 0x41)
0  -O                                                                        (1 = 100.0%)
1  ... 

Histogram: BrotliFilter.CompressionPercent recorded 35 samples, mean = 36.7 (flags = 0x41)
0    ... 
10   --O                                                                       (2 = 5.7%) {0.0%}
11   -O                                                                        (1 = 2.9%) {5.7%}
12   -O                                                                        (1 = 2.9%) {8.6%}
13   O                                                                         (0 = 0.0%) {11.4%}
14   -O                                                                        (1 = 2.9%) {11.4%}
15   -O                                                                        (1 = 2.9%) {14.3%}
16   -O                                                                        (1 = 2.9%) {17.1%}
17   -O                                                                        (1 = 2.9%) {20.0%}
18   -O                                                                        (1 = 2.9%) {22.9%}
19   ... 
22   -O                                                                        (1 = 2.9%) {25.7%}
23   -O                                                                        (1 = 2.9%) {28.6%}
24   -O                                                                        (1 = 2.9%) {31.4%}
25   -O                                                                        (1 = 2.9%) {34.3%}
26   -O                                                                        (1 = 2.9%) {37.1%}
27   ... 
29   ----O                                                                     (4 = 11.4%) {40.0%}
30   --O                                                                       (2 = 5.7%) {51.4%}
31   O                                                                         (0 = 0.0%) {57.1%}
32   -O                                                                        (1 = 2.9%) {57.1%}
33   -O                                                                        (1 = 2.9%) {60.0%}
34   -O                                                                        (1 = 2.9%) {62.9%}
35   ... 
38   -O                                                                        (1 = 2.9%) {65.7%}
39   --O                                                                       (2 = 5.7%) {68.6%}
40   ... 
43   -O                                                                        (1 = 2.9%) {74.3%}
44   -O                                                                        (1 = 2.9%) {77.1%}
45   O                                                                         (0 = 0.0%) {80.0%}
46   -O                                                                        (1 = 2.9%) {80.0%}
47   --O                                                                       (2 = 5.7%) {82.9%}
48   ... 
84   --O                                                                       (2 = 5.7%) {88.6%}
85   ... 
101  --O                                                                       (2 = 5.7%) {94.3%}

Histogram: BrotliFilter.Status recorded 35 samples, mean = 1.0 (flags = 0x41)
0  O                                                                         (0 = 0.0%)
1  -----------------------------------O                                      (35 = 100.0%) {0.0%}
2  ... 

Histogram: BrotliFilter.UsedMemoryKB recorded 35 samples, mean = 209.5 (flags = 0x41)
0    ... 
16   --O                                                                       (2 = 5.7%) {0.0%}
20   O                                                                         (0 = 0.0%) {5.7%}
25   ----O                                                                     (4 = 11.4%) {5.7%}
31   -------O                                                                  (7 = 20.0%) {17.1%}
39   O                                                                         (0 = 0.0%) {37.1%}
49   --O                                                                       (2 = 5.7%) {37.1%}
61   -O                                                                        (1 = 2.9%) {42.9%}
76   ----O                                                                     (4 = 11.4%) {45.7%}
95   O                                                                         (0 = 0.0%) {57.1%}
119  ---O                                                                      (3 = 8.6%) {57.1%}
149  O                                                                         (0 = 0.0%) {65.7%}
187  -O                                                                        (1 = 2.9%) {65.7%}
234  ... 
367  -------O                                                                  (7 = 20.0%) {68.6%}
460  O                                                                         (0 = 0.0%) {88.6%}
576  -O                                                                        (1 = 2.9%) {88.6%}
722  ---O                                                                      (3 = 8.6%) {91.4%}
905  ... 

Histogram: Browser.MainThreadsCongestion.RunningOnly recorded 93 samples, mean = 0.0 (flags = 0x41)
0  ------------------------------------------------------------------------O (93 = 100.0%)
1  ... 

Histogram: Browser.MainThreadsCongestion.RunningOnly.Initial recorded 1 samples, mean = 0.0 (flags = 0x41)
0  -O                                                                        (1 = 100.0%)
1  ... 

Histogram: Browser.Responsiveness.IOJanksTotalPerMinute recorded 46 samples, mean = 0.0 (flags = 0x41)
0  ----------------------------------------------O                           (46 = 100.0%)
1  ... 

Histogram: Browser.Responsiveness.IOJankyIntervalsPerMinute recorded 46 samples, mean = 0.0 (flags = 0x41)
0  ----------------------------------------------O                           (46 = 100.0%)
1  ... 

Histogram: BrowserRenderProcessHost.Cleanup.DelayReason recorded 12 samples, mean = 6.8 (flags = 0x41)
0  ---O                                                                      (3 = 25.0%)
1  ... 
9  ---------O                                                                (9 = 75.0%) {25.0%}
10 ... 

Histogram: BrowserRenderProcessHost.Cleanup.Total recorded 12 samples, mean = 1.0 (flags = 0x41)
0  O                                                                         (0 = 0.0%)
1  ------------O                                                             (12 = 100.0%) {0.0%}
2  O                                                                         (0 = 0.0%) {100.0%}

Histogram: BrowserRenderProcessHost.ExistingRendererIsInitializedAndNotDead recorded 1 samples, mean = 1.0 (flags = 0x41)
0  O                                                                         (0 = 0.0%)
1  -O                                                                        (1 = 100.0%) {0.0%}
2  O                                                                         (0 = 0.0%) {100.0%}

Histogram: BrowserRenderProcessHost.FastShutdownIfPossible.DelayReason recorded 1 samples, mean = 4.0 (flags = 0x41)
0  ... 
4  -O                                                                        (1 = 100.0%) {0.0%}
5  ... 

Histogram: BrowserRenderProcessHost.FastShutdownIfPossible.Total recorded 1 samples, mean = 1.0 (flags = 0x41)
0  O                                                                         (0 = 0.0%)
1  -O                                                                        (1 = 100.0%) {0.0%}
2  O                                                                         (0 = 0.0%) {100.0%}

Histogram: BrowserRenderProcessHost.SpareProcessEvictedOtherSpare recorded 2 samples, mean = 0.0 (flags = 0x41)
0  --O                                                                       (2 = 100.0%)
1  ... 

Histogram: BrowserRenderProcessHost.SpareProcessMaybeTakeAction recorded 2 samples, mean = 2.0 (flags = 0x41)
0  -O                                                                        (1 = 50.0%)
1  ... 
4  -O                                                                        (1 = 50.0%) {50.0%}
5  ... 

Histogram: BrowserRenderProcessHost.SpareProcessStartupTime recorded 2 samples, mean = 1257.0 (flags = 0x41)
0     ... 
40    -O                                                                        (1 = 50.0%) {0.0%}
48    ... 
2117  -O                                                                        (1 = 50.0%) {50.0%}
2516  ... 

Histogram: BrowserSwitcher.ExternalGreylistSize recorded 1 samples, mean = 0.0 (flags = 0x41)
0  -O                                                                        (1 = 100.0%)
1  ... 

Histogram: BrowserSwitcher.ExternalSitelistSize recorded 1 samples, mean = 0.0 (flags = 0x41)
0  -O                                                                        (1 = 100.0%)
1  ... 

Histogram: BrowserSwitcher.IeemSitelistSize recorded 1 samples, mean = 0.0 (flags = 0x41)
0  -O                                                                        (1 = 100.0%)
1  ... 

Histogram: BrowsingTopics.BrowsingTopicsState.LoadFinishStatus recorded 1 samples, mean = 1.0 (flags = 0x41)
0  O                                                                         (0 = 0.0%)
1  -O                                                                        (1 = 100.0%) {0.0%}
2  O                                                                         (0 = 0.0%) {100.0%}

Histogram: BrowsingTopics.SiteDataStorage.FileSize.KB recorded 1 samples, mean = 28.0 (flags = 0x41)
0   ... 
28  -O                                                                        (1 = 100.0%) {0.0%}
37  ... 

Histogram: BrowsingTopics.SiteDataStorage.InitStatus recorded 1 samples, mean = 1.0 (flags = 0x41)
0  O                                                                         (0 = 0.0%)
1  -O                                                                        (1 = 100.0%) {0.0%}
2  O                                                                         (0 = 0.0%) {100.0%}

Histogram: CPU.Experimental.CpuEstimationTaskMigrated recorded 9 samples, mean = 0.0 (flags = 0x41)
0  ---------O                                                                (9 = 100.0%)
1  ... 

Histogram: CPU.Experimental.CpuEstimationTaskQueuedTime.Performance recorded 9 samples, mean = 12.4 (flags = 0x41)
0   ... 
7   -O                                                                        (1 = 11.1%) {0.0%}
9   --O                                                                       (2 = 22.2%) {11.1%}
12  -----O                                                                    (5 = 55.6%) {33.3%}
16  -O                                                                        (1 = 11.1%) {88.9%}
21  ... 

Histogram: CPU.Experimental.CpuEstimationTaskThreadTime.Performance recorded 9 samples, mean = 121.1 (flags = 0x41)
0    ... 
86   ----O                                                                     (4 = 44.4%) {0.0%}
113  -----O                                                                    (5 = 55.6%) {44.4%}
149  ... 

Histogram: CPU.Experimental.CpuEstimationTaskTotalTime.Performance recorded 9 samples, mean = 134.8 (flags = 0x41)
0    ... 
113  --------O                                                                 (8 = 88.9%) {0.0%}
149  -O                                                                        (1 = 11.1%) {88.9%}
196  ... 

Histogram: CPU.Experimental.CpuEstimationTaskWallTime.Performance recorded 9 samples, mean = 122.3 (flags = 0x41)
0    ... 
86   ----O                                                                     (4 = 44.4%) {0.0%}
113  -----O                                                                    (5 = 55.6%) {44.4%}
149  ... 

Histogram: CPU.Experimental.CpuEstimationThreadTimePercent.Performance recorded 9 samples, mean = 98.8 (flags = 0x41)
0    ... 
98   ---O                                                                      (3 = 33.3%) {0.0%}
99   -----O                                                                    (5 = 55.6%) {33.3%}
100  -O                                                                        (1 = 11.1%) {88.9%}
101  O                                                                         (0 = 0.0%) {100.0%}

Histogram: CPU.Experimental.EstimatedFrequencyAsPercentOfLimit.Performance recorded 9 samples, mean = 108.2 (flags = 0x41)
0    ... 
97   ---O                                                                      (3 = 33.3%) {0.0%}
98   -O                                                                        (1 = 11.1%) {33.3%}
99   O                                                                         (0 = 0.0%) {44.4%}
100  -O                                                                        (1 = 11.1%) {44.4%}
101  ----O                                                                     (4 = 44.4%) {55.6%}

Histogram: CPU.Experimental.EstimatedFrequencyAsPercentOfMax.Performance recorded 9 samples, mean = 108.2 (flags = 0x41)
0    ... 
97   ---O                                                                      (3 = 33.3%) {0.0%}
98   -O                                                                        (1 = 11.1%) {33.3%}
99   O                                                                         (0 = 0.0%) {44.4%}
100  -O                                                                        (1 = 11.1%) {44.4%}
101  ----O                                                                     (4 = 44.4%) {55.6%}

Histogram: CertificateType2.BR.Intermediate.ECDSA recorded 6 samples, mean = 277.3 (flags = 0x41)
0    ... 
256  -----O                                                                    (5 = 83.3%) {0.0%}
257  ... 
384  -O                                                                        (1 = 16.7%) {83.3%}
385  ... 

Histogram: CertificateType2.BR.Intermediate.RSA recorded 6 samples, mean = 2048.0 (flags = 0x41)
0     ... 
2048  ------O                                                                   (6 = 100.0%) {0.0%}
2049  ... 

Histogram: CertificateType2.BR.Leaf.ECDSA recorded 9 samples, mean = 256.0 (flags = 0x41)
0    ... 
256  ---------O                                                                (9 = 100.0%) {0.0%}
257  ... 

Histogram: CertificateType2.BR.Leaf.RSA recorded 3 samples, mean = 2048.0 (flags = 0x41)
0     ... 
2048  ---O                                                                      (3 = 100.0%) {0.0%}
2049  ... 

Histogram: CertificateType2.BR.Root.ECDSA recorded 5 samples, mean = 384.0 (flags = 0x41)
0    ... 
384  -----O                                                                    (5 = 100.0%) {0.0%}
385  ... 

Histogram: CertificateType2.BR.Root.RSA recorded 7 samples, mean = 3218.3 (flags = 0x41)
0     ... 
2048  ---O                                                                      (3 = 42.9%) {0.0%}
2049  ... 
4096  ----O                                                                     (4 = 57.1%) {42.9%}
4097  ... 

Histogram: ChildProcess.Launched.UtilityProcessHash recorded 3 samples (flags = 0x41)
-2043041185 -O                                                                        (1 = 33.3%)
-1468742076 -O                                                                        (1 = 33.3%)
1411170475  -O                                                                        (1 = 33.3%)

Histogram: ChildProcess.ProcessLifetime.Utility recorded 3 samples, mean = 1860262.4 (flags = 0x41)
0        ... 
87       -O                                                                        (1 = 33.3%) {0.0%}
118      ... 
2657126  --O                                                                       (2 = 66.7%) {33.3%}
3600000  O                                                                         (0 = 0.0%) {100.0%}

Histogram: Chrome.ProcessSingleton.NotifyResult recorded 1 samples, mean = 0.0 (flags = 0x41)
0  -O                                                                        (1 = 100.0%)
1  ... 

Histogram: Chrome.ProcessSingleton.TimeToCreate recorded 1 samples, mean = 0.0 (flags = 0x41)
0  -O                                                                        (1 = 100.0%)
10 ... 

Histogram: Chrome.SystemNetworkContextManager.NetworkSandboxState recorded 4 samples, mean = 0.0 (flags = 0x41)
0  ----O                                                                     (4 = 100.0%)
1  ... 

Histogram: ChromeElf.Beacon.RetryAttemptsBeforeSuccess recorded 1 samples, mean = 0.0 (flags = 0x41)
0  -O                                                                        (1 = 100.0%)
1  ... 

Histogram: ChromeElf.Beacon.SetupStatus recorded 1 samples, mean = 1.0 (flags = 0x41)
0  O                                                                         (0 = 0.0%)
1  -O                                                                        (1 = 100.0%) {0.0%}
2  ... 

Histogram: ChromeElf.ExtensionPoint.EnableState recorded 1 samples, mean = 1.0 (flags = 0x41)
0  O                                                                         (0 = 0.0%)
1  -O                                                                        (1 = 100.0%) {0.0%}
2  O                                                                         (0 = 0.0%) {100.0%}

Histogram: ClientHints.CriticalCHRestart recorded 1 samples, mean = 0.0 (flags = 0x41)
0  -O                                                                        (1 = 100.0%)
1  ... 

Histogram: ClientHints.FetchLatency_PrefRead recorded 5 samples, mean = 4.0 (flags = 0x41)
0  ... 
2  --O                                                                       (2 = 40.0%) {0.0%}
3  --O                                                                       (2 = 40.0%) {40.0%}
4  ... 
8  -O                                                                        (1 = 20.0%) {80.0%}
11 ... 

Histogram: ClientHints.FetchLatency_PrerenderHost recorded 5 samples, mean = 0.4 (flags = 0x41)
0  ---O                                                                      (3 = 60.0%)
1  --O                                                                       (2 = 40.0%) {60.0%}
2  ... 

Histogram: ClientHints.FetchLatency_Total recorded 5 samples, mean = 4.4 (flags = 0x41)
0   ... 
2   --O                                                                       (2 = 40.0%) {0.0%}
3   -O                                                                        (1 = 20.0%) {40.0%}
4   -O                                                                        (1 = 20.0%) {60.0%}
6   ... 
11  -O                                                                        (1 = 20.0%) {80.0%}
15  ... 

Histogram: Compositing.Browser.CompositorFrame.Quads recorded 3 samples, mean = 1.0 (flags = 0x41)
0  O                                                                         (0 = 0.0%)
1  ---O                                                                      (3 = 100.0%) {0.0%}
2  ... 

Histogram: Compositing.Browser.LayerTreeImpl.CalculateDrawPropertiesUs recorded 4 samples, mean = 11.5 (flags = 0x41)
0   ... 
7   --O                                                                       (2 = 50.0%) {0.0%}
9   -O                                                                        (1 = 25.0%) {50.0%}
12  O                                                                         (0 = 0.0%) {75.0%}
16  -O                                                                        (1 = 25.0%) {75.0%}
21  ... 

Histogram: Compositing.Browser.LayersUpdateTime recorded 4 samples, mean = 19.0 (flags = 0x41)
0   ... 
4   -O                                                                        (1 = 25.0%) {0.0%}
6   O                                                                         (0 = 0.0%) {25.0%}
8   -O                                                                        (1 = 25.0%) {25.0%}
11  ... 
21  -O                                                                        (1 = 25.0%) {50.0%}
29  O                                                                         (0 = 0.0%) {75.0%}
40  -O                                                                        (1 = 25.0%) {75.0%}
55  ... 

Histogram: Compositing.ColorGamut recorded 5 samples, mean = 0.0 (flags = 0x41)
0  -----O                                                                    (5 = 100.0%)
1  ... 

Histogram: Compositing.DidMainThreadBlockDuringCommit recorded 9 samples, mean = 0.1 (flags = 0x41)
0  --------O                                                                 (8 = 88.9%)
1  -O                                                                        (1 = 11.1%) {88.9%}
2  O                                                                         (0 = 0.0%) {100.0%}

Histogram: Compositing.DirectRenderer.OverlayProcessingUs recorded 5 samples, mean = 0.2 (flags = 0x41)
0  -----O                                                                    (5 = 100.0%)
5  ... 

Histogram: Compositing.DirectRenderer.PartialSwap.ExtraDamage recorded 5 samples, mean = 0.0 (flags = 0x41)
0  -----O                                                                    (5 = 100.0%)
1  ... 

Histogram: Compositing.DirectRenderer.PartialSwap.FrameBufferDamage recorded 5 samples, mean = 0.0 (flags = 0x41)
0  -----O                                                                    (5 = 100.0%)
1  ... 

Histogram: Compositing.DirectRenderer.PartialSwap.RootDamage recorded 5 samples, mean = 100.0 (flags = 0x41)
0    ... 
100  -----O                                                                    (5 = 100.0%) {0.0%}
101  O                                                                         (0 = 0.0%) {100.0%}

Histogram: Compositing.DirectRenderer.PartialSwap.TotalDamage recorded 5 samples, mean = 100.0 (flags = 0x41)
0    ... 
100  -----O                                                                    (5 = 100.0%) {0.0%}
101  O                                                                         (0 = 0.0%) {100.0%}

Histogram: Compositing.DirectRenderer.SkipAllNonRootRenderPassesPerFrame recorded 3 samples, mean = 0.0 (flags = 0x41)
0  ---O                                                                      (3 = 100.0%)
1  ... 

Histogram: Compositing.DirectRenderer.SkipNonRootRenderPass recorded 3 samples, mean = 0.0 (flags = 0x41)
0  ---O                                                                      (3 = 100.0%)
1  ... 

Histogram: Compositing.DirectRenderer.TotalPixelsRendered recorded 5 samples, mean = 1.6 (flags = 0x41)
0  O                                                                         (0 = 0.0%)
1  --O                                                                       (2 = 40.0%) {0.0%}
2  ---O                                                                      (3 = 60.0%) {40.0%}
3  ... 

Histogram: Compositing.Display.Draw.Occlusion.Calculation.Time recorded 5 samples, mean = 5.4 (flags = 0x41)
0   O                                                                         (0 = 0.0%)
1   -O                                                                        (1 = 20.0%) {0.0%}
2   -O                                                                        (1 = 20.0%) {20.0%}
3   ... 
5   -O                                                                        (1 = 20.0%) {40.0%}
6   O                                                                         (0 = 0.0%) {60.0%}
7   -O                                                                        (1 = 20.0%) {60.0%}
8   ... 
12  -O                                                                        (1 = 20.0%) {80.0%}
14  ... 

Histogram: Compositing.Display.Draw.Quads recorded 5 samples, mean = 2.2 (flags = 0x41)
0  O                                                                         (0 = 0.0%)
1  --O                                                                       (2 = 40.0%) {0.0%}
2  O                                                                         (0 = 0.0%) {40.0%}
3  ---O                                                                      (3 = 60.0%) {40.0%}
4  ... 

Histogram: Compositing.Display.DrawToSwapUs recorded 5 samples, mean = 3444.2 (flags = 0x41)
0     ... 
227   -O                                                                        (1 = 20.0%) {0.0%}
275   ... 
594   -O                                                                        (1 = 20.0%) {20.0%}
720   ... 
1059  -O                                                                        (1 = 20.0%) {40.0%}
1284  ... 
6001  -O                                                                        (1 = 20.0%) {60.0%}
7277  -O                                                                        (1 = 20.0%) {80.0%}
8824  ... 

Histogram: Compositing.Display.FlattenedRenderPassCount recorded 5 samples, mean = 1.6 (flags = 0x41)
0  O                                                                         (0 = 0.0%)
1  --O                                                                       (2 = 40.0%) {0.0%}
2  ---O                                                                      (3 = 60.0%) {40.0%}
3  ... 

Histogram: Compositing.Display.PendingSwaps recorded 5 samples, mean = 1.0 (flags = 0x41)
0  O                                                                         (0 = 0.0%)
1  -----O                                                                    (5 = 100.0%) {0.0%}
2  ... 

Histogram: Compositing.Display.VizDependencyResolvedToGpuStartedDrawUs recorded 5 samples, mean = 21.2 (flags = 0x41)
0   ... 
10  -O                                                                        (1 = 20.0%) {0.0%}
12  ... 
18  -O                                                                        (1 = 20.0%) {20.0%}
22  --O                                                                       (2 = 40.0%) {40.0%}
27  -O                                                                        (1 = 20.0%) {80.0%}
33  ... 

Histogram: Compositing.Display.VizScheduledDrawToDependencyResolvedUs recorded 5 samples, mean = 2.2 (flags = 0x41)
0  -----O                                                                    (5 = 100.0%)
5  ... 

Histogram: Compositing.Display.VizScheduledDrawToGpuStartedDrawUs recorded 5 samples, mean = 23.4 (flags = 0x41)
0   ... 
12  -O                                                                        (1 = 20.0%) {0.0%}
15  O                                                                         (0 = 0.0%) {20.0%}
18  -O                                                                        (1 = 20.0%) {20.0%}
22  -O                                                                        (1 = 20.0%) {40.0%}
27  --O                                                                       (2 = 40.0%) {60.0%}
33  ... 

Histogram: Compositing.MainThreadBlockedDuringCommitTime recorded 1 samples, mean = 5.0 (flags = 0x41)
0  ... 
4  -O                                                                        (1 = 100.0%) {0.0%}
6  ... 

Histogram: Compositing.Renderer.CompositorFrame.Quads recorded 2 samples, mean = 2.0 (flags = 0x41)
0  ... 
2  --O                                                                       (2 = 100.0%) {0.0%}
3  ... 

Histogram: Compositing.Renderer.LayersUpdateTime recorded 7 samples, mean = 18.4 (flags = 0x41)
0   ... 
6   -O                                                                        (1 = 14.3%) {0.0%}
8   ----O                                                                     (4 = 57.1%) {14.3%}
11  O                                                                         (0 = 0.0%) {71.4%}
15  -O                                                                        (1 = 14.3%) {71.4%}
21  ... 
55  -O                                                                        (1 = 14.3%) {85.7%}
76  ... 

Histogram: Compositing.Renderer.NumRenderSurfaces recorded 13 samples, mean = 1.0 (flags = 0x41)
0  O                                                                         (0 = 0.0%)
1  -------------O                                                            (13 = 100.0%) {0.0%}
2  ... 

Histogram: Compositing.SurfaceAggregator.AggregateUs recorded 5 samples, mean = 6389.4 (flags = 0x41)
0      ... 
21     -O                                                                        (1 = 20.0%) {0.0%}
28     ... 
49     -O                                                                        (1 = 20.0%) {20.0%}
65     ... 
113    -O                                                                        (1 = 20.0%) {40.0%}
149    ... 
777    -O                                                                        (1 = 20.0%) {60.0%}
1023   ... 
27864  -O                                                                        (1 = 20.0%) {80.0%}
36699  ... 

Histogram: Compositing.SurfaceAggregator.CopiedSurfaceCount recorded 5 samples, mean = 1.6 (flags = 0x41)
0  O                                                                         (0 = 0.0%)
1  --O                                                                       (2 = 40.0%) {0.0%}
2  ---O                                                                      (3 = 60.0%) {40.0%}
3  ... 

Histogram: Compositing.SurfaceAggregator.CopyUs recorded 5 samples, mean = 14.0 (flags = 0x41)
0   ... 
7   -O                                                                        (1 = 20.0%) {0.0%}
8   ... 
11  --O                                                                       (2 = 40.0%) {20.0%}
13  ... 
18  -O                                                                        (1 = 20.0%) {60.0%}
21  -O                                                                        (1 = 20.0%) {80.0%}
25  ... 

Histogram: Compositing.SurfaceAggregator.HasCopyRequestsPerFrame recorded 5 samples, mean = 0.4 (flags = 0x41)
0  ---O                                                                      (3 = 60.0%)
1  --O                                                                       (2 = 40.0%) {60.0%}
2  O                                                                         (0 = 0.0%) {100.0%}

Histogram: Compositing.SurfaceAggregator.HasPixelMovingBackdropFiltersPerFrame recorded 5 samples, mean = 0.0 (flags = 0x41)
0  -----O                                                                    (5 = 100.0%)
1  ... 

Histogram: Compositing.SurfaceAggregator.HasPixelMovingFiltersPerFrame recorded 5 samples, mean = 0.0 (flags = 0x41)
0  -----O                                                                    (5 = 100.0%)
1  ... 

Histogram: Compositing.SurfaceAggregator.HasUnembeddedRenderPassesPerFrame recorded 5 samples, mean = 0.0 (flags = 0x41)
0  -----O                                                                    (5 = 100.0%)
1  ... 

Histogram: Compositing.SurfaceAggregator.PrewalkUs recorded 5 samples, mean = 6355.2 (flags = 0x41)
0      ... 
13     -O                                                                        (1 = 20.0%) {0.0%}
15     ... 
25     -O                                                                        (1 = 20.0%) {20.0%}
29     ... 
47     -O                                                                        (1 = 20.0%) {40.0%}
55     ... 
801    -O                                                                        (1 = 20.0%) {60.0%}
938    ... 
10000  -O                                                                        (1 = 20.0%) {80.0%}

Histogram: Compositing.SurfaceAggregator.PrewalkedSurfaceCount recorded 5 samples, mean = 1.6 (flags = 0x41)
0  O                                                                         (0 = 0.0%)
1  --O                                                                       (2 = 40.0%) {0.0%}
2  ---O                                                                      (3 = 60.0%) {40.0%}
3  ... 

Histogram: Compositing.SurfaceManager.MarkForDestructionToDestroy recorded 1 samples, mean = 43.0 (flags = 0x41)
0   ... 
40  -O                                                                        (1 = 100.0%) {0.0%}
48  ... 

Histogram: Content.Classification.OpenGraph recorded 1 samples, mean = 4.0 (flags = 0x41)
0  ... 
4  -O                                                                        (1 = 100.0%) {0.0%}
5  ... 

Histogram: ContentSettings.AllowStorageAccessSync recorded 4 samples, mean = 0.0 (flags = 0x41)
0  ----O                                                                     (4 = 100.0%)
1  ... 

Histogram: ContentSettings.GetContentSetting.Network.Duration recorded 348 samples, mean = 0.5 (flags = 0x41)
0   ------------------------------------------------------------------------O (229 = 65.8%)
1   ---------------------------O                                              (85 = 24.4%) {65.8%}
2   -------O                                                                  (21 = 6.0%) {90.2%}
3   ---O                                                                      (8 = 2.3%) {96.3%}
4   -O                                                                        (2 = 0.6%) {98.6%}
5   O                                                                         (1 = 0.3%) {99.1%}
7   O                                                                         (1 = 0.3%) {99.4%}
9   O                                                                         (0 = 0.0%) {99.7%}
12  O                                                                         (1 = 0.3%) {99.7%}
16  ... 

Histogram: ContentSettings.GetCookieSettingInternal.Duration recorded 143 samples, mean = 5.4 (flags = 0x41)
0   O                                                                         (0 = 0.0%)
1   ---------------------------------O                                        (33 = 23.1%) {0.0%}
2   ---------------------------------------O                                  (39 = 27.3%) {23.1%}
3   ----------------O                                                         (16 = 11.2%) {50.3%}
4   ----O                                                                     (4 = 2.8%) {61.5%}
5   ---------------O                                                          (15 = 10.5%) {64.3%}
7   ----------O                                                               (10 = 7.0%) {74.8%}
9   ------O                                                                   (6 = 4.2%) {81.8%}
12  ------O                                                                   (6 = 4.2%) {86.0%}
16  --------O                                                                 (8 = 5.6%) {90.2%}
21  -----O                                                                    (5 = 3.5%) {95.8%}
28  O                                                                         (0 = 0.0%) {99.3%}
37  -O                                                                        (1 = 0.7%) {99.3%}
49  ... 

Histogram: ContentSettings.NumberOfExceptions recorded 1 samples, mean = 3.0 (flags = 0x41)
0  ... 
3  -O                                                                        (1 = 100.0%) {0.0%}
4  ... 

Histogram: ContentSettings.Popups.StrongBlockerActions recorded 1 samples, mean = 0.0 (flags = 0x41)
0  -O                                                                        (1 = 100.0%)
1  ... 

Histogram: ContentSettings.RegularProfile.DefaultAutoVerifySetting recorded 1 samples, mean = 1.0 (flags = 0x41)
0  O                                                                         (0 = 0.0%)
1  -O                                                                        (1 = 100.0%) {0.0%}
2  ... 

Histogram: ContentSettings.RegularProfile.DefaultAutoplaySetting recorded 1 samples, mean = 1.0 (flags = 0x41)
0  O                                                                         (0 = 0.0%)
1  -O                                                                        (1 = 100.0%) {0.0%}
2  ... 

Histogram: ContentSettings.RegularProfile.DefaultBackgroundSyncSetting recorded 1 samples, mean = 1.0 (flags = 0x41)
0  O                                                                         (0 = 0.0%)
1  -O                                                                        (1 = 100.0%) {0.0%}
2  ... 

Histogram: ContentSettings.RegularProfile.DefaultCookiesSetting recorded 1 samples, mean = 1.0 (flags = 0x41)
0  O                                                                         (0 = 0.0%)
1  -O                                                                        (1 = 100.0%) {0.0%}
2  ... 

Histogram: ContentSettings.RegularProfile.DefaultIdleDetectionSetting recorded 1 samples, mean = 3.0 (flags = 0x41)
0  ... 
3  -O                                                                        (1 = 100.0%) {0.0%}
4  ... 

Histogram: ContentSettings.RegularProfile.DefaultImagesSetting recorded 1 samples, mean = 1.0 (flags = 0x41)
0  O                                                                         (0 = 0.0%)
1  -O                                                                        (1 = 100.0%) {0.0%}
2  ... 

Histogram: ContentSettings.RegularProfile.DefaultJavaScriptSetting recorded 1 samples, mean = 1.0 (flags = 0x41)
0  O                                                                         (0 = 0.0%)
1  -O                                                                        (1 = 100.0%) {0.0%}
2  ... 

Histogram: ContentSettings.RegularProfile.DefaultLocationSetting recorded 1 samples, mean = 3.0 (flags = 0x41)
0  ... 
3  -O                                                                        (1 = 100.0%) {0.0%}
4  ... 

Histogram: ContentSettings.RegularProfile.DefaultMIDISysExSetting recorded 1 samples, mean = 3.0 (flags = 0x41)
0  ... 
3  -O                                                                        (1 = 100.0%) {0.0%}
4  ... 

Histogram: ContentSettings.RegularProfile.DefaultMediaStreamCameraSetting recorded 1 samples, mean = 3.0 (flags = 0x41)
0  ... 
3  -O                                                                        (1 = 100.0%) {0.0%}
4  ... 

Histogram: ContentSettings.RegularProfile.DefaultMediaStreamMicSetting recorded 1 samples, mean = 3.0 (flags = 0x41)
0  ... 
3  -O                                                                        (1 = 100.0%) {0.0%}
4  ... 

Histogram: ContentSettings.RegularProfile.DefaultNotificationsSetting recorded 1 samples, mean = 3.0 (flags = 0x41)
0  ... 
3  -O                                                                        (1 = 100.0%) {0.0%}
4  ... 

Histogram: ContentSettings.RegularProfile.DefaultPopupsSetting recorded 1 samples, mean = 2.0 (flags = 0x41)
0  ... 
2  -O                                                                        (1 = 100.0%) {0.0%}
3  ... 

Histogram: ContentSettings.RegularProfile.DefaultSoundSetting recorded 1 samples, mean = 1.0 (flags = 0x41)
0  O                                                                         (0 = 0.0%)
1  -O                                                                        (1 = 100.0%) {0.0%}
2  ... 

Histogram: ContentSettings.RegularProfile.DefaultStorageAccessSetting recorded 1 samples, mean = 3.0 (flags = 0x41)
0  ... 
3  -O                                                                        (1 = 100.0%) {0.0%}
4  ... 

Histogram: ContentSettings.RegularProfile.DefaultSubresourceFilterSetting recorded 1 samples, mean = 2.0 (flags = 0x41)
0  ... 
2  -O                                                                        (1 = 100.0%) {0.0%}
3  ... 

Histogram: ContentSettings.RegularProfile.DefaultUsbGuardSetting recorded 1 samples, mean = 3.0 (flags = 0x41)
0  ... 
3  -O                                                                        (1 = 100.0%) {0.0%}
4  ... 

Histogram: ContentSettings.RegularProfile.DefaultWebBluetoothGuardSetting recorded 1 samples, mean = 3.0 (flags = 0x41)
0  ... 
3  -O                                                                        (1 = 100.0%) {0.0%}
4  ... 

Histogram: ContentSettings.RegularProfile.Exceptions.3pcd-heuristics-grants recorded 1 samples, mean = 0.0 (flags = 0x41)
0  -O                                                                        (1 = 100.0%)
1  ... 

Histogram: ContentSettings.RegularProfile.Exceptions.3pcd-support recorded 1 samples, mean = 0.0 (flags = 0x41)
0  -O                                                                        (1 = 100.0%)
1  ... 

Histogram: ContentSettings.RegularProfile.Exceptions.abusive-notification-permissions recorded 1 samples, mean = 0.0 (flags = 0x41)
0  -O                                                                        (1 = 100.0%)
1  ... 

Histogram: ContentSettings.RegularProfile.Exceptions.access-to-get-all-screens-media-in-session recorded 1 samples, mean = 0.0 (flags = 0x41)
0  -O                                                                        (1 = 100.0%)
1  ... 

Histogram: ContentSettings.RegularProfile.Exceptions.accessibility-events recorded 1 samples, mean = 0.0 (flags = 0x41)
0  -O                                                                        (1 = 100.0%)
1  ... 

Histogram: ContentSettings.RegularProfile.Exceptions.anti-abuse recorded 1 samples, mean = 0.0 (flags = 0x41)
0  -O                                                                        (1 = 100.0%)
1  ... 

Histogram: ContentSettings.RegularProfile.Exceptions.app-banner recorded 1 samples, mean = 0.0 (flags = 0x41)
0  -O                                                                        (1 = 100.0%)
1  ... 

Histogram: ContentSettings.RegularProfile.Exceptions.ar recorded 1 samples, mean = 0.0 (flags = 0x41)
0  -O                                                                        (1 = 100.0%)
1  ... 

Histogram: ContentSettings.RegularProfile.Exceptions.auto-picture-in-picture recorded 1 samples, mean = 0.0 (flags = 0x41)
0  -O                                                                        (1 = 100.0%)
1  ... 

Histogram: ContentSettings.RegularProfile.Exceptions.auto-select-certificate recorded 1 samples, mean = 0.0 (flags = 0x41)
0  -O                                                                        (1 = 100.0%)
1  ... 

Histogram: ContentSettings.RegularProfile.Exceptions.automatic-downloads recorded 1 samples, mean = 0.0 (flags = 0x41)
0  -O                                                                        (1 = 100.0%)
1  ... 

Histogram: ContentSettings.RegularProfile.Exceptions.automatic-fullscreen recorded 1 samples, mean = 0.0 (flags = 0x41)
0  -O                                                                        (1 = 100.0%)
1  ... 

Histogram: ContentSettings.RegularProfile.Exceptions.autoplay recorded 1 samples, mean = 0.0 (flags = 0x41)
0  -O                                                                        (1 = 100.0%)
1  ... 

Histogram: ContentSettings.RegularProfile.Exceptions.background-sync recorded 1 samples, mean = 0.0 (flags = 0x41)
0  -O                                                                        (1 = 100.0%)
1  ... 

Histogram: ContentSettings.RegularProfile.Exceptions.bluetooth-chooser-data recorded 1 samples, mean = 0.0 (flags = 0x41)
0  -O                                                                        (1 = 100.0%)
1  ... 

Histogram: ContentSettings.RegularProfile.Exceptions.bluetooth-guard recorded 1 samples, mean = 0.0 (flags = 0x41)
0  -O                                                                        (1 = 100.0%)
1  ... 

Histogram: ContentSettings.RegularProfile.Exceptions.bluetooth-scanning recorded 1 samples, mean = 0.0 (flags = 0x41)
0  -O                                                                        (1 = 100.0%)
1  ... 

Histogram: ContentSettings.RegularProfile.Exceptions.camera-pan-tilt-zoom recorded 1 samples, mean = 0.0 (flags = 0x41)
0  -O                                                                        (1 = 100.0%)
1  ... 

Histogram: ContentSettings.RegularProfile.Exceptions.captured-surface-control recorded 1 samples, mean = 0.0 (flags = 0x41)
0  -O                                                                        (1 = 100.0%)
1  ... 

Histogram: ContentSettings.RegularProfile.Exceptions.client-hints recorded 1 samples, mean = 0.0 (flags = 0x41)
0  -O                                                                        (1 = 100.0%)
1  ... 

Histogram: ContentSettings.RegularProfile.Exceptions.clipboard recorded 1 samples, mean = 0.0 (flags = 0x41)
0  -O                                                                        (1 = 100.0%)
1  ... 

Histogram: ContentSettings.RegularProfile.Exceptions.cookie-controls-metadata recorded 1 samples, mean = 0.0 (flags = 0x41)
0  -O                                                                        (1 = 100.0%)
1  ... 

Histogram: ContentSettings.RegularProfile.Exceptions.cookies recorded 1 samples, mean = 0.0 (flags = 0x41)
0  -O                                                                        (1 = 100.0%)
1  ... 

Histogram: ContentSettings.RegularProfile.Exceptions.cookies.Allow recorded 1 samples, mean = 0.0 (flags = 0x41)
0  -O                                                                        (1 = 100.0%)
1  ... 

Histogram: ContentSettings.RegularProfile.Exceptions.cookies.AllowThirdParty recorded 1 samples, mean = 0.0 (flags = 0x41)
0  -O                                                                        (1 = 100.0%)
1  ... 

Histogram: ContentSettings.RegularProfile.Exceptions.cookies.Block recorded 1 samples, mean = 0.0 (flags = 0x41)
0  -O                                                                        (1 = 100.0%)
1  ... 

Histogram: ContentSettings.RegularProfile.Exceptions.cookies.DomainWildcardAllowThirdParty recorded 1 samples, mean = 0.0 (flags = 0x41)
0  -O                                                                        (1 = 100.0%)
1  ... 

Histogram: ContentSettings.RegularProfile.Exceptions.cookies.SessionOnly recorded 1 samples, mean = 0.0 (flags = 0x41)
0  -O                                                                        (1 = 100.0%)
1  ... 

Histogram: ContentSettings.RegularProfile.Exceptions.cookies.TemporaryAllowThirdParty recorded 1 samples, mean = 0.0 (flags = 0x41)
0  -O                                                                        (1 = 100.0%)
1  ... 

Histogram: ContentSettings.RegularProfile.Exceptions.direct-sockets recorded 1 samples, mean = 0.0 (flags = 0x41)
0  -O                                                                        (1 = 100.0%)
1  ... 

Histogram: ContentSettings.RegularProfile.Exceptions.display-media-system-audio recorded 1 samples, mean = 0.0 (flags = 0x41)
0  -O                                                                        (1 = 100.0%)
1  ... 

Histogram: ContentSettings.RegularProfile.Exceptions.durable-storage recorded 1 samples, mean = 0.0 (flags = 0x41)
0  -O                                                                        (1 = 100.0%)
1  ... 

Histogram: ContentSettings.RegularProfile.Exceptions.fedcm-idp-registration recorded 1 samples, mean = 0.0 (flags = 0x41)
0  -O                                                                        (1 = 100.0%)
1  ... 

Histogram: ContentSettings.RegularProfile.Exceptions.fedcm-idp-signin recorded 1 samples, mean = 1.0 (flags = 0x41)
0  O                                                                         (0 = 0.0%)
1  -O                                                                        (1 = 100.0%) {0.0%}
2  ... 

Histogram: ContentSettings.RegularProfile.Exceptions.fedcm-share recorded 1 samples, mean = 0.0 (flags = 0x41)
0  -O                                                                        (1 = 100.0%)
1  ... 

Histogram: ContentSettings.RegularProfile.Exceptions.file-system-access-chooser-data recorded 1 samples, mean = 0.0 (flags = 0x41)
0  -O                                                                        (1 = 100.0%)
1  ... 

Histogram: ContentSettings.RegularProfile.Exceptions.file-system-access-extended-permission recorded 1 samples, mean = 0.0 (flags = 0x41)
0  -O                                                                        (1 = 100.0%)
1  ... 

Histogram: ContentSettings.RegularProfile.Exceptions.file-system-access-restore-permission recorded 1 samples, mean = 0.0 (flags = 0x41)
0  -O                                                                        (1 = 100.0%)
1  ... 

Histogram: ContentSettings.RegularProfile.Exceptions.file-system-last-picked-directory recorded 1 samples, mean = 0.0 (flags = 0x41)
0  -O                                                                        (1 = 100.0%)
1  ... 

Histogram: ContentSettings.RegularProfile.Exceptions.file-system-read-guard recorded 1 samples, mean = 0.0 (flags = 0x41)
0  -O                                                                        (1 = 100.0%)
1  ... 

Histogram: ContentSettings.RegularProfile.Exceptions.file-system-write-guard recorded 1 samples, mean = 0.0 (flags = 0x41)
0  -O                                                                        (1 = 100.0%)
1  ... 

Histogram: ContentSettings.RegularProfile.Exceptions.formfill-metadata recorded 1 samples, mean = 0.0 (flags = 0x41)
0  -O                                                                        (1 = 100.0%)
1  ... 

Histogram: ContentSettings.RegularProfile.Exceptions.geolocation recorded 1 samples, mean = 0.0 (flags = 0x41)
0  -O                                                                        (1 = 100.0%)
1  ... 

Histogram: ContentSettings.RegularProfile.Exceptions.hid-chooser-data recorded 1 samples, mean = 0.0 (flags = 0x41)
0  -O                                                                        (1 = 100.0%)
1  ... 

Histogram: ContentSettings.RegularProfile.Exceptions.hid-guard recorded 1 samples, mean = 0.0 (flags = 0x41)
0  -O                                                                        (1 = 100.0%)
1  ... 

Histogram: ContentSettings.RegularProfile.Exceptions.http-allowed recorded 1 samples, mean = 0.0 (flags = 0x41)
0  -O                                                                        (1 = 100.0%)
1  ... 

Histogram: ContentSettings.RegularProfile.Exceptions.https-enforced recorded 1 samples, mean = 0.0 (flags = 0x41)
0  -O                                                                        (1 = 100.0%)
1  ... 

Histogram: ContentSettings.RegularProfile.Exceptions.idle-detection recorded 1 samples, mean = 0.0 (flags = 0x41)
0  -O                                                                        (1 = 100.0%)
1  ... 

Histogram: ContentSettings.RegularProfile.Exceptions.images recorded 1 samples, mean = 0.0 (flags = 0x41)
0  -O                                                                        (1 = 100.0%)
1  ... 

Histogram: ContentSettings.RegularProfile.Exceptions.important-site-info recorded 1 samples, mean = 0.0 (flags = 0x41)
0  -O                                                                        (1 = 100.0%)
1  ... 

Histogram: ContentSettings.RegularProfile.Exceptions.insecure-private-network recorded 1 samples, mean = 0.0 (flags = 0x41)
0  -O                                                                        (1 = 100.0%)
1  ... 

Histogram: ContentSettings.RegularProfile.Exceptions.intent-picker-auto-display recorded 1 samples, mean = 0.0 (flags = 0x41)
0  -O                                                                        (1 = 100.0%)
1  ... 

Histogram: ContentSettings.RegularProfile.Exceptions.javascript recorded 1 samples, mean = 0.0 (flags = 0x41)
0  -O                                                                        (1 = 100.0%)
1  ... 

Histogram: ContentSettings.RegularProfile.Exceptions.javascript-jit recorded 1 samples, mean = 0.0 (flags = 0x41)
0  -O                                                                        (1 = 100.0%)
1  ... 

Histogram: ContentSettings.RegularProfile.Exceptions.javascript-optimizer recorded 1 samples, mean = 0.0 (flags = 0x41)
0  -O                                                                        (1 = 100.0%)
1  ... 

Histogram: ContentSettings.RegularProfile.Exceptions.keyboard-lock recorded 1 samples, mean = 0.0 (flags = 0x41)
0  -O                                                                        (1 = 100.0%)
1  ... 

Histogram: ContentSettings.RegularProfile.Exceptions.legacy-cookie-access recorded 1 samples, mean = 0.0 (flags = 0x41)
0  -O                                                                        (1 = 100.0%)
1  ... 

Histogram: ContentSettings.RegularProfile.Exceptions.local-fonts recorded 1 samples, mean = 0.0 (flags = 0x41)
0  -O                                                                        (1 = 100.0%)
1  ... 

Histogram: ContentSettings.RegularProfile.Exceptions.media-engagement recorded 1 samples, mean = 1.0 (flags = 0x41)
0  O                                                                         (0 = 0.0%)
1  -O                                                                        (1 = 100.0%) {0.0%}
2  ... 

Histogram: ContentSettings.RegularProfile.Exceptions.media-stream-camera recorded 1 samples, mean = 0.0 (flags = 0x41)
0  -O                                                                        (1 = 100.0%)
1  ... 

Histogram: ContentSettings.RegularProfile.Exceptions.media-stream-mic recorded 1 samples, mean = 0.0 (flags = 0x41)
0  -O                                                                        (1 = 100.0%)
1  ... 

Histogram: ContentSettings.RegularProfile.Exceptions.midi-sysex recorded 1 samples, mean = 0.0 (flags = 0x41)
0  -O                                                                        (1 = 100.0%)
1  ... 

Histogram: ContentSettings.RegularProfile.Exceptions.mixed-script recorded 1 samples, mean = 0.0 (flags = 0x41)
0  -O                                                                        (1 = 100.0%)
1  ... 

Histogram: ContentSettings.RegularProfile.Exceptions.nfc-devices recorded 1 samples, mean = 0.0 (flags = 0x41)
0  -O                                                                        (1 = 100.0%)
1  ... 

Histogram: ContentSettings.RegularProfile.Exceptions.notification-interactions recorded 1 samples, mean = 0.0 (flags = 0x41)
0  -O                                                                        (1 = 100.0%)
1  ... 

Histogram: ContentSettings.RegularProfile.Exceptions.notification-permission-review recorded 1 samples, mean = 0.0 (flags = 0x41)
0  -O                                                                        (1 = 100.0%)
1  ... 

Histogram: ContentSettings.RegularProfile.Exceptions.notifications recorded 1 samples, mean = 0.0 (flags = 0x41)
0  -O                                                                        (1 = 100.0%)
1  ... 

Histogram: ContentSettings.RegularProfile.Exceptions.password-protection recorded 1 samples, mean = 0.0 (flags = 0x41)
0  -O                                                                        (1 = 100.0%)
1  ... 

Histogram: ContentSettings.RegularProfile.Exceptions.payment-handler recorded 1 samples, mean = 0.0 (flags = 0x41)
0  -O                                                                        (1 = 100.0%)
1  ... 

Histogram: ContentSettings.RegularProfile.Exceptions.permission-autoblocking-data recorded 1 samples, mean = 0.0 (flags = 0x41)
0  -O                                                                        (1 = 100.0%)
1  ... 

Histogram: ContentSettings.RegularProfile.Exceptions.permission-autorevocation-data recorded 1 samples, mean = 0.0 (flags = 0x41)
0  -O                                                                        (1 = 100.0%)
1  ... 

Histogram: ContentSettings.RegularProfile.Exceptions.pointer-lock recorded 1 samples, mean = 0.0 (flags = 0x41)
0  -O                                                                        (1 = 100.0%)
1  ... 

Histogram: ContentSettings.RegularProfile.Exceptions.popups recorded 1 samples, mean = 0.0 (flags = 0x41)
0  -O                                                                        (1 = 100.0%)
1  ... 

Histogram: ContentSettings.RegularProfile.Exceptions.popups.Allow recorded 1 samples, mean = 0.0 (flags = 0x41)
0  -O                                                                        (1 = 100.0%)
1  ... 

Histogram: ContentSettings.RegularProfile.Exceptions.popups.Block recorded 1 samples, mean = 0.0 (flags = 0x41)
0  -O                                                                        (1 = 100.0%)
1  ... 

Histogram: ContentSettings.RegularProfile.Exceptions.private-network-chooser-data recorded 1 samples, mean = 0.0 (flags = 0x41)
0  -O                                                                        (1 = 100.0%)
1  ... 

Histogram: ContentSettings.RegularProfile.Exceptions.private-network-guard recorded 1 samples, mean = 0.0 (flags = 0x41)
0  -O                                                                        (1 = 100.0%)
1  ... 

Histogram: ContentSettings.RegularProfile.Exceptions.protected-media-identifier recorded 1 samples, mean = 0.0 (flags = 0x41)
0  -O                                                                        (1 = 100.0%)
1  ... 

Histogram: ContentSettings.RegularProfile.Exceptions.protocol-handler recorded 1 samples, mean = 0.0 (flags = 0x41)
0  -O                                                                        (1 = 100.0%)
1  ... 

Histogram: ContentSettings.RegularProfile.Exceptions.reduced-accept-language recorded 1 samples, mean = 0.0 (flags = 0x41)
0  -O                                                                        (1 = 100.0%)
1  ... 

Histogram: ContentSettings.RegularProfile.Exceptions.safe-browsing-url-check-data recorded 1 samples, mean = 0.0 (flags = 0x41)
0  -O                                                                        (1 = 100.0%)
1  ... 

Histogram: ContentSettings.RegularProfile.Exceptions.sensors recorded 1 samples, mean = 0.0 (flags = 0x41)
0  -O                                                                        (1 = 100.0%)
1  ... 

Histogram: ContentSettings.RegularProfile.Exceptions.serial-chooser-data recorded 1 samples, mean = 0.0 (flags = 0x41)
0  -O                                                                        (1 = 100.0%)
1  ... 

Histogram: ContentSettings.RegularProfile.Exceptions.serial-guard recorded 1 samples, mean = 0.0 (flags = 0x41)
0  -O                                                                        (1 = 100.0%)
1  ... 

Histogram: ContentSettings.RegularProfile.Exceptions.site-engagement recorded 1 samples, mean = 1.0 (flags = 0x41)
0  O                                                                         (0 = 0.0%)
1  -O                                                                        (1 = 100.0%) {0.0%}
2  ... 

Histogram: ContentSettings.RegularProfile.Exceptions.sound recorded 1 samples, mean = 0.0 (flags = 0x41)
0  -O                                                                        (1 = 100.0%)
1  ... 

Histogram: ContentSettings.RegularProfile.Exceptions.speaker-selection recorded 1 samples, mean = 0.0 (flags = 0x41)
0  -O                                                                        (1 = 100.0%)
1  ... 

Histogram: ContentSettings.RegularProfile.Exceptions.ssl-cert-decisions recorded 1 samples, mean = 0.0 (flags = 0x41)
0  -O                                                                        (1 = 100.0%)
1  ... 

Histogram: ContentSettings.RegularProfile.Exceptions.storage-access recorded 1 samples, mean = 0.0 (flags = 0x41)
0  -O                                                                        (1 = 100.0%)
1  ... 

Histogram: ContentSettings.RegularProfile.Exceptions.storage-access-header-origin-trial recorded 1 samples, mean = 0.0 (flags = 0x41)
0  -O                                                                        (1 = 100.0%)
1  ... 

Histogram: ContentSettings.RegularProfile.Exceptions.storage-access.Allow recorded 1 samples, mean = 0.0 (flags = 0x41)
0  -O                                                                        (1 = 100.0%)
1  ... 

Histogram: ContentSettings.RegularProfile.Exceptions.storage-access.Ask recorded 1 samples, mean = 0.0 (flags = 0x41)
0  -O                                                                        (1 = 100.0%)
1  ... 

Histogram: ContentSettings.RegularProfile.Exceptions.storage-access.Block recorded 1 samples, mean = 0.0 (flags = 0x41)
0  -O                                                                        (1 = 100.0%)
1  ... 

Histogram: ContentSettings.RegularProfile.Exceptions.storage-access.MaxRequester recorded 1 samples, mean = 0.0 (flags = 0x41)
0  -O                                                                        (1 = 100.0%)
1  ... 

Histogram: ContentSettings.RegularProfile.Exceptions.storage-access.MaxTopLevel recorded 1 samples, mean = 0.0 (flags = 0x41)
0  -O                                                                        (1 = 100.0%)
1  ... 

Histogram: ContentSettings.RegularProfile.Exceptions.subresource-filter recorded 1 samples, mean = 0.0 (flags = 0x41)
0  -O                                                                        (1 = 100.0%)
1  ... 

Histogram: ContentSettings.RegularProfile.Exceptions.subresource-filter-data recorded 1 samples, mean = 0.0 (flags = 0x41)
0  -O                                                                        (1 = 100.0%)
1  ... 

Histogram: ContentSettings.RegularProfile.Exceptions.subresource-filter.Allow recorded 1 samples, mean = 0.0 (flags = 0x41)
0  -O                                                                        (1 = 100.0%)
1  ... 

Histogram: ContentSettings.RegularProfile.Exceptions.subresource-filter.Block recorded 1 samples, mean = 0.0 (flags = 0x41)
0  -O                                                                        (1 = 100.0%)
1  ... 

Histogram: ContentSettings.RegularProfile.Exceptions.third-party-storage-partitioning recorded 1 samples, mean = 0.0 (flags = 0x41)
0  -O                                                                        (1 = 100.0%)
1  ... 

Histogram: ContentSettings.RegularProfile.Exceptions.top-level-3pcd-origin-trial recorded 1 samples, mean = 0.0 (flags = 0x41)
0  -O                                                                        (1 = 100.0%)
1  ... 

Histogram: ContentSettings.RegularProfile.Exceptions.top-level-3pcd-support recorded 1 samples, mean = 0.0 (flags = 0x41)
0  -O                                                                        (1 = 100.0%)
1  ... 

Histogram: ContentSettings.RegularProfile.Exceptions.top-level-storage-access recorded 1 samples, mean = 0.0 (flags = 0x41)
0  -O                                                                        (1 = 100.0%)
1  ... 

Histogram: ContentSettings.RegularProfile.Exceptions.tracking-protection recorded 1 samples, mean = 0.0 (flags = 0x41)
0  -O                                                                        (1 = 100.0%)
1  ... 

Histogram: ContentSettings.RegularProfile.Exceptions.tracking-protection.Allow recorded 1 samples, mean = 0.0 (flags = 0x41)
0  -O                                                                        (1 = 100.0%)
1  ... 

Histogram: ContentSettings.RegularProfile.Exceptions.tracking-protection.Block recorded 1 samples, mean = 0.0 (flags = 0x41)
0  -O                                                                        (1 = 100.0%)
1  ... 

Histogram: ContentSettings.RegularProfile.Exceptions.unused-site-permissions recorded 1 samples, mean = 0.0 (flags = 0x41)
0  -O                                                                        (1 = 100.0%)
1  ... 

Histogram: ContentSettings.RegularProfile.Exceptions.usb-chooser-data recorded 1 samples, mean = 0.0 (flags = 0x41)
0  -O                                                                        (1 = 100.0%)
1  ... 

Histogram: ContentSettings.RegularProfile.Exceptions.usb-guard recorded 1 samples, mean = 0.0 (flags = 0x41)
0  -O                                                                        (1 = 100.0%)
1  ... 

Histogram: ContentSettings.RegularProfile.Exceptions.vr recorded 1 samples, mean = 0.0 (flags = 0x41)
0  -O                                                                        (1 = 100.0%)
1  ... 

Histogram: ContentSettings.RegularProfile.Exceptions.webid-api recorded 1 samples, mean = 0.0 (flags = 0x41)
0  -O                                                                        (1 = 100.0%)
1  ... 

Histogram: ContentSettings.RegularProfile.Exceptions.webid-auto-reauthn recorded 1 samples, mean = 0.0 (flags = 0x41)
0  -O                                                                        (1 = 100.0%)
1  ... 

Histogram: ContentSettings.RegularProfile.Exceptions.window-placement recorded 1 samples, mean = 0.0 (flags = 0x41)
0  -O                                                                        (1 = 100.0%)
1  ... 

Histogram: Conversions.DelayOnAttestationsLoaded recorded 1 samples, mean = 300234.0 (flags = 0x41)
0       ... 
300000  -O                                                                        (1 = 100.0%) {0.0%}

Histogram: Cookie.AvgCookieJarSizePerKey recorded 1 samples, mean = 0.0 (flags = 0x41)
0  -O                                                                        (1 = 100.0%)
1  ... 

Histogram: Cookie.ClockSkew.AddMinutes recorded 4 samples, mean = 0.0 (flags = 0x41)
0  ----O                                                                     (4 = 100.0%)
1  ... 

Histogram: Cookie.ClockSkew.AddMinutes12To24Hours recorded 4 samples, mean = 0.0 (flags = 0x41)
0  ----O                                                                     (4 = 100.0%)
720... 

Histogram: Cookie.ClockSkew.ExpiredWithoutSkew recorded 7 samples, mean = 0.0 (flags = 0x41)
0  -------O                                                                  (7 = 100.0%)
1  ... 

Histogram: Cookie.ClockSkew.SubtractMinutes recorded 3 samples, mean = 0.0 (flags = 0x41)
0  ---O                                                                      (3 = 100.0%)
1  ... 

Histogram: Cookie.ClockSkew.SubtractMinutes12To24Hours recorded 3 samples, mean = 0.0 (flags = 0x41)
0  ---O                                                                      (3 = 100.0%)
720... 

Histogram: Cookie.CookieJarSize recorded 1 samples, mean = 0.0 (flags = 0x41)
0  -O                                                                        (1 = 100.0%)
1  ... 

Histogram: Cookie.CookiePartitionSizeKibibytes recorded 1 samples, mean = 0.0 (flags = 0x41)
0  -O                                                                        (1 = 100.0%)
1  ... 

Histogram: Cookie.CookiePrefix recorded 7 samples, mean = 0.0 (flags = 0x41)
0  -------O                                                                  (7 = 100.0%)
1  ... 

Histogram: Cookie.CookieSchemeRequestScheme recorded 44 samples, mean = 2.0 (flags = 0x41)
0  ... 
2  --------------------------------------------O                             (44 = 100.0%) {0.0%}
3  ... 

Histogram: Cookie.CookieSourceScheme recorded 7 samples, mean = 0.0 (flags = 0x41)
0  -------O                                                                  (7 = 100.0%)
1  ... 

Histogram: Cookie.CookieSourceSchemeName recorded 7 samples, mean = 14.0 (flags = 0x41)
0   ... 
14  -------O                                                                  (7 = 100.0%) {0.0%}
15  ... 

Histogram: Cookie.Count2 recorded 1 samples, mean = 2.0 (flags = 0x41)
0  ... 
2  -O                                                                        (1 = 100.0%) {0.0%}
3  ... 

Histogram: Cookie.CrossSiteRedirectType.Read recorded 86 samples, mean = 1.0 (flags = 0x41)
0  O                                                                         (0 = 0.0%)
1  ------------------------------------------------------------------------O (86 = 100.0%) {0.0%}
2  ... 

Histogram: Cookie.CrossSiteRedirectType.Write recorded 7 samples, mean = 1.0 (flags = 0x41)
0  O                                                                         (0 = 0.0%)
1  -------O                                                                  (7 = 100.0%) {0.0%}
2  ... 

Histogram: Cookie.DaysSinceRefreshForRetrieval recorded 1 samples, mean = 0.0 (flags = 0x41)
0  -O                                                                        (1 = 100.0%)
1  ... 

Histogram: Cookie.DomainHasNonASCII recorded 7 samples, mean = 0.0 (flags = 0x41)
0  -------O                                                                  (7 = 100.0%)
1  ... 

Histogram: Cookie.DomainSet recorded 7 samples, mean = 1.0 (flags = 0x41)
0  O                                                                         (0 = 0.0%)
1  -------O                                                                  (7 = 100.0%) {0.0%}
2  O                                                                         (0 = 0.0%) {100.0%}

Histogram: Cookie.DoubleUnderscorePrefixedName recorded 7 samples, mean = 0.9 (flags = 0x41)
0  -O                                                                        (1 = 14.3%)
1  ------O                                                                   (6 = 85.7%) {14.3%}
2  O                                                                         (0 = 0.0%) {100.0%}

Histogram: Cookie.ExpirationDuration400DaysLTE recorded 7 samples, mean = 52.1 (flags = 0x41)
0    ------O                                                                   (6 = 85.7%)
1    ... 
364  -O                                                                        (1 = 14.3%) {85.7%}
400  O                                                                         (0 = 0.0%) {100.0%}

Histogram: Cookie.ExpirationDurationMinutesSecure recorded 7 samples, mean = 75111.4 (flags = 0x41)
0       ... 
26      ------O                                                                   (6 = 85.7%) {0.0%}
36      ... 
429766  -O                                                                        (1 = 14.3%) {85.7%}
587706  ... 

Histogram: Cookie.FirstPartyPartitioned.HasCrossSiteAncestor recorded 6 samples, mean = 0.0 (flags = 0x41)
0  ------O                                                                   (6 = 100.0%)
1  ... 

Histogram: Cookie.FirstPartySets.Browser.DelayedQueriesCount recorded 1 samples, mean = 2.0 (flags = 0x41)
0  ... 
2  -O                                                                        (1 = 100.0%) {0.0%}
3  ... 

Histogram: Cookie.FirstPartySets.Browser.MostDelayedQueryDelta recorded 1 samples, mean = 45.0 (flags = 0x41)
0   ... 
40  -O                                                                        (1 = 100.0%) {0.0%}
48  ... 

Histogram: Cookie.FirstPartySets.ComponentSetsNonfatalErrors recorded 1 samples, mean = 0.0 (flags = 0x41)
0  -O                                                                        (1 = 100.0%)
1  ... 

Histogram: Cookie.FirstPartySets.ComponentSetsParsedSuccessfully recorded 1 samples, mean = 0.0 (flags = 0x41)
0  -O                                                                        (1 = 100.0%)
1  ... 

Histogram: Cookie.FirstPartySets.ContextDelayedQueriesCount recorded 1 samples, mean = 0.0 (flags = 0x41)
0  -O                                                                        (1 = 100.0%)
1  ... 

Histogram: Cookie.FirstPartySets.ContextMostDelayedQueryDelta recorded 1 samples, mean = 0.0 (flags = 0x41)
0  -O                                                                        (1 = 100.0%)
1  ... 

Histogram: Cookie.FirstPartySets.EnqueueingDelay.ContextConfig2 recorded 1 samples, mean = 21.0 (flags = 0x41)
0   ... 
20  -O                                                                        (1 = 100.0%) {0.0%}
24  ... 

Histogram: Cookie.FirstPartySets.InitializationDuration.ContextReadyToServeQueries2 recorded 1 samples, mean = 4708.0 (flags = 0x41)
0     ... 
4222  -O                                                                        (1 = 100.0%) {0.0%}
5017  ... 

Histogram: Cookie.FirstPartySets.InitializationDuration.ReadCommandLineSet2 recorded 1 samples, mean = 45.0 (flags = 0x41)
0   ... 
40  -O                                                                        (1 = 100.0%) {0.0%}
48  ... 

Histogram: Cookie.FirstPartySets.InitializationDuration.ReadComponentSets2 recorded 1 samples, mean = 0.0 (flags = 0x41)
0  -O                                                                        (1 = 100.0%)
1  ... 

Histogram: Cookie.FirstPartySets.InitializationDuration.ReadyToServeQueries2 recorded 1 samples, mean = 0.0 (flags = 0x41)
0  -O                                                                        (1 = 100.0%)
1  ... 

Histogram: Cookie.FirstPartySets.Network.DelayedQueriesCount recorded 1 samples, mean = 0.0 (flags = 0x41)
0  -O                                                                        (1 = 100.0%)
1  ... 

Histogram: Cookie.FirstPartySets.Network.MostDelayedQueryDelta recorded 1 samples, mean = 0.0 (flags = 0x41)
0  -O                                                                        (1 = 100.0%)
1  ... 

Histogram: Cookie.FirstPartySets.ProcessedEntireComponent recorded 1 samples, mean = 1.0 (flags = 0x41)
0  O                                                                         (0 = 0.0%)
1  -O                                                                        (1 = 100.0%) {0.0%}
2  O                                                                         (0 = 0.0%) {100.0%}

Histogram: Cookie.FromStorageWithValidLength recorded 75 samples, mean = 1.0 (flags = 0x41)
0  O                                                                         (0 = 0.0%)
1  ------------------------------------------------------------------------O (75 = 100.0%) {0.0%}
2  O                                                                         (0 = 0.0%) {100.0%}

Histogram: Cookie.HasNonASCII.Name recorded 7 samples, mean = 0.0 (flags = 0x41)
0  -------O                                                                  (7 = 100.0%)
1  ... 

Histogram: Cookie.HasNonASCII.Value recorded 7 samples, mean = 0.0 (flags = 0x41)
0  -------O                                                                  (7 = 100.0%)
1  ... 

Histogram: Cookie.IncludedRequestEffectiveSameSite recorded 85 samples, mean = 0.0 (flags = 0x41)
0  ------------------------------------------------------------------------O (85 = 100.0%)
1  ... 

Histogram: Cookie.IncludedResponseEffectiveSameSite recorded 7 samples, mean = 0.0 (flags = 0x41)
0  -------O                                                                  (7 = 100.0%)
1  ... 

Histogram: Cookie.IsPartitionedValid recorded 1 samples, mean = 1.0 (flags = 0x41)
0  O                                                                         (0 = 0.0%)
1  -O                                                                        (1 = 100.0%) {0.0%}
2  O                                                                         (0 = 0.0%) {100.0%}

Histogram: Cookie.MaxCookieJarSizePerKey recorded 1 samples, mean = 0.0 (flags = 0x41)
0  -O                                                                        (1 = 100.0%)
1  ... 

Histogram: Cookie.MaxSameSiteNoneCookiesPerKey recorded 1 samples, mean = 1.0 (flags = 0x41)
0  O                                                                         (0 = 0.0%)
1  -O                                                                        (1 = 100.0%) {0.0%}
2  ... 

Histogram: Cookie.NameOrValueHtab recorded 7 samples, mean = 0.0 (flags = 0x41)
0  -------O                                                                  (7 = 100.0%)
1  ... 

Histogram: Cookie.NumKeys recorded 1 samples, mean = 2.0 (flags = 0x41)
0  ... 
2  -O                                                                        (1 = 100.0%) {0.0%}
3  ... 

Histogram: Cookie.OnCookiesAccessed.BatchSize recorded 13 samples, mean = 1.3 (flags = 0x41)
0  O                                                                         (0 = 0.0%)
1  ---------O                                                                (9 = 69.2%) {0.0%}
2  ----O                                                                     (4 = 30.8%) {69.2%}
3  ... 

Histogram: Cookie.OnCookiesAccessed.TotalAccesses recorded 13 samples, mean = 1.8 (flags = 0x41)
0  O                                                                         (0 = 0.0%)
1  -----O                                                                    (5 = 38.5%) {0.0%}
2  ------O                                                                   (6 = 46.2%) {38.5%}
3  --O                                                                       (2 = 15.4%) {84.6%}
4  ... 

Histogram: Cookie.PartitionCount recorded 1 samples, mean = 1.0 (flags = 0x41)
0  O                                                                         (0 = 0.0%)
1  -O                                                                        (1 = 100.0%) {0.0%}
2  ... 

Histogram: Cookie.PartitionedCookieCount recorded 1 samples, mean = 1.0 (flags = 0x41)
0  O                                                                         (0 = 0.0%)
1  -O                                                                        (1 = 100.0%) {0.0%}
2  ... 

Histogram: Cookie.PartitionedCookieCount.Nonced recorded 1 samples, mean = 0.0 (flags = 0x41)
0  -O                                                                        (1 = 100.0%)
1  ... 

Histogram: Cookie.PartitionedCookieCount.Unnonced recorded 1 samples, mean = 1.0 (flags = 0x41)
0  O                                                                         (0 = 0.0%)
1  -O                                                                        (1 = 100.0%) {0.0%}
2  ... 

Histogram: Cookie.PartitionedCookieJarSizeKibibytes recorded 1 samples, mean = 0.0 (flags = 0x41)
0  -O                                                                        (1 = 100.0%)
1  ... 

Histogram: Cookie.PartitionedCookieJarSizeKibibytes.Nonced recorded 1 samples, mean = 0.0 (flags = 0x41)
0  -O                                                                        (1 = 100.0%)
1  ... 

Histogram: Cookie.PartitionedCookieJarSizeKibibytes.Unnonced recorded 1 samples, mean = 0.0 (flags = 0x41)
0  -O                                                                        (1 = 100.0%)
1  ... 

Histogram: Cookie.PartitionedCookiesInRequest recorded 39 samples, mean = 0.1 (flags = 0x41)
0  ----------------------------------O                                       (34 = 87.2%)
1  -----O                                                                    (5 = 12.8%) {87.2%}
2  ... 

Histogram: Cookie.Port.Read.RemoteHost recorded 83 samples, mean = 7.0 (flags = 0x41)
0  ... 
7  ------------------------------------------------------------------------O (83 = 100.0%) {0.0%}
8  ... 

Histogram: Cookie.Port.ReadDiffersFromSet.DomainSet recorded 83 samples, mean = 4.0 (flags = 0x41)
0  ... 
4  ------------------------------------------------------------------------O (83 = 100.0%) {0.0%}
5  O                                                                         (0 = 0.0%) {100.0%}

Histogram: Cookie.Port.ReadDiffersFromSet.RemoteHost recorded 83 samples, mean = 4.0 (flags = 0x41)
0  ... 
4  ------------------------------------------------------------------------O (83 = 100.0%) {0.0%}
5  O                                                                         (0 = 0.0%) {100.0%}

Histogram: Cookie.Port.Set.RemoteHost recorded 7 samples, mean = 7.0 (flags = 0x41)
0  ... 
7  -------O                                                                  (7 = 100.0%) {0.0%}
8  ... 

Histogram: Cookie.RequestSameSiteContext recorded 88 samples, mean = 3.0 (flags = 0x41)
0  ... 
3  ------------------------------------------------------------------------O (88 = 100.0%) {0.0%}
4  O                                                                         (0 = 0.0%) {100.0%}

Histogram: Cookie.SameSiteAttributeValue recorded 7 samples, mean = 5.0 (flags = 0x41)
0  ... 
5  -------O                                                                  (7 = 100.0%) {0.0%}
6  ... 

Histogram: Cookie.SameSiteNoneSizeBytes recorded 7 samples, mean = 235.7 (flags = 0x41)
0    ... 
190  ------O                                                                   (6 = 85.7%) {0.0%}
226  ... 
378  -O                                                                        (1 = 14.3%) {85.7%}
449  ... 

Histogram: Cookie.SameSiteNoneSizeBytes.Partitioned recorded 1 samples, mean = 417.0 (flags = 0x41)
0    ... 
378  -O                                                                        (1 = 100.0%) {0.0%}
449  ... 

Histogram: Cookie.SameSiteNoneSizeBytes.Unpartitioned recorded 6 samples, mean = 205.5 (flags = 0x41)
0    ... 
190  ------O                                                                   (6 = 100.0%) {0.0%}
226  ... 

Histogram: Cookie.SourceType recorded 8 samples, mean = 1.0 (flags = 0x41)
0  O                                                                         (0 = 0.0%)
1  --------O                                                                 (8 = 100.0%) {0.0%}
2  ... 

Histogram: Cookie.TimeBlockedOnLoad recorded 2 samples, mean = 132.0 (flags = 0x41)
0    ... 
2    -O                                                                        (1 = 50.0%) {0.0%}
3    ... 
224  -O                                                                        (1 = 50.0%) {50.0%}
278  ... 

Histogram: Cookie.TimeInitializeDB recorded 2 samples, mean = 1.5 (flags = 0x41)
0  O                                                                         (0 = 0.0%)
1  -O                                                                        (1 = 50.0%) {0.0%}
2  -O                                                                        (1 = 50.0%) {50.0%}
3  ... 

Histogram: Cookie.TimeOpsBlockedDueToGlobalOp recorded 2 samples, mean = 1.0 (flags = 0x41)
0  -O                                                                        (1 = 50.0%)
1  O                                                                         (0 = 0.0%) {50.0%}
2  -O                                                                        (1 = 50.0%) {50.0%}
3  ... 

Histogram: Cookie.TimeToRecordPeriodicStats recorded 1 samples, mean = 0.0 (flags = 0x41)
0  -O                                                                        (1 = 100.0%)
1  ... 

Histogram: Cookie.Type2 recorded 8 samples, mean = 14.0 (flags = 0x41)
0   ... 
14  --------O                                                                 (8 = 100.0%) {0.0%}
15  ... 

Histogram: Crypto.TPMDuration.MessageSigningECDSA recorded 1 samples, mean = 20.0 (flags = 0x41)
0   ... 
20  -O                                                                        (1 = 100.0%) {0.0%}
25  ... 

Histogram: Crypto.TPMDuration.NewKeyCreationECDSA recorded 1 samples, mean = 81.0 (flags = 0x41)
0   ... 
66  -O                                                                        (1 = 100.0%) {0.0%}
84  ... 

Histogram: Crypto.TPMDuration.WrappedKeyCreationECDSA recorded 1 samples, mean = 13.0 (flags = 0x41)
0   ... 
13  -O                                                                        (1 = 100.0%) {0.0%}
16  ... 

Histogram: Crypto.TPMOperation.MessageSigningECDSA recorded 1 samples, mean = 1.0 (flags = 0x41)
0  O                                                                         (0 = 0.0%)
1  -O                                                                        (1 = 100.0%) {0.0%}
2  O                                                                         (0 = 0.0%) {100.0%}

Histogram: Crypto.TPMOperation.MessageVerifyECDSA recorded 1 samples, mean = 1.0 (flags = 0x41)
0  O                                                                         (0 = 0.0%)
1  -O                                                                        (1 = 100.0%) {0.0%}
2  O                                                                         (0 = 0.0%) {100.0%}

Histogram: Crypto.TPMOperation.NewKeyCreationECDSA recorded 1 samples, mean = 1.0 (flags = 0x41)
0  O                                                                         (0 = 0.0%)
1  -O                                                                        (1 = 100.0%) {0.0%}
2  O                                                                         (0 = 0.0%) {100.0%}

Histogram: Crypto.TPMOperation.Virtual.NewKeyCreationECDSA recorded 1 samples, mean = 0.0 (flags = 0x41)
0  -O                                                                        (1 = 100.0%)
1  ... 

Histogram: Crypto.TPMOperation.WrappedKeyCreationECDSA recorded 1 samples, mean = 1.0 (flags = 0x41)
0  O                                                                         (0 = 0.0%)
1  -O                                                                        (1 = 100.0%) {0.0%}
2  O                                                                         (0 = 0.0%) {100.0%}

Histogram: Crypto.TPMSupport2 recorded 1 samples, mean = 2.0 (flags = 0x41)
0  ... 
2  -O                                                                        (1 = 100.0%) {0.0%}
3  O                                                                         (0 = 0.0%) {100.0%}

Histogram: Crypto.TPMSupportType recorded 1 samples, mean = 1.0 (flags = 0x41)
0  O                                                                         (0 = 0.0%)
1  -O                                                                        (1 = 100.0%) {0.0%}
2  ... 

Histogram: Crypto.TpmError.VirtualCreateKey recorded 1 samples (flags = 0x41)
-2146893767-O                                                                        (1 = 100.0%)

Histogram: Crypto.VirtualKeySupport recorded 1 samples, mean = 2.0 (flags = 0x41)
0  ... 
2  -O                                                                        (1 = 100.0%) {0.0%}
3  O                                                                         (0 = 0.0%) {100.0%}

Histogram: DOMStorage.CommitMeasuredDelay recorded 4 samples, mean = 3693.0 (flags = 0x41)
0     ... 
3     -O                                                                        (1 = 25.0%) {0.0%}
4     ... 
4249  -O                                                                        (1 = 25.0%) {25.0%}
4904  --O                                                                       (2 = 50.0%) {50.0%}
5660  ... 

Histogram: DOMStorage.CommitSizeBytes recorded 2 samples, mean = 234.5 (flags = 0x41)
0    ... 
182  -O                                                                        (1 = 50.0%) {0.0%}
205  ... 
260  -O                                                                        (1 = 50.0%) {50.0%}
293  ... 

Histogram: DataUse.BytesReceived3.Delegate recorded 42 samples, mean = 19910.0 (flags = 0x41)
0       ... 
64      -O                                                                        (1 = 2.4%) {0.0%}
83      ... 
297     -O                                                                        (1 = 2.4%) {2.4%}
383     --O                                                                       (2 = 4.8%) {4.8%}
494     -O                                                                        (1 = 2.4%) {9.5%}
637     -O                                                                        (1 = 2.4%) {11.9%}
821     -O                                                                        (1 = 2.4%) {14.3%}
1059    ------------------O                                                       (18 = 42.9%) {16.7%}
1366    ... 
2928    -----O                                                                    (5 = 11.9%) {59.5%}
3776    -O                                                                        (1 = 2.4%) {71.4%}
4869    -O                                                                        (1 = 2.4%) {73.8%}
6279    ... 
10441   -O                                                                        (1 = 2.4%) {76.2%}
13464   O                                                                         (0 = 0.0%) {78.6%}
17362   --O                                                                       (2 = 4.8%) {78.6%}
22388   -O                                                                        (1 = 2.4%) {83.3%}
28869   ... 
79817   --O                                                                       (2 = 4.8%) {85.7%}
102923  --O                                                                       (2 = 4.8%) {90.5%}
132718  --O                                                                       (2 = 4.8%) {95.2%}
171138  ... 

Histogram: DataUse.BytesSent3.Delegate recorded 42 samples, mean = 1135.1 (flags = 0x41)
0      ... 
21     -O                                                                        (1 = 2.4%) {0.0%}
28     ... 
65     -----O                                                                    (5 = 11.9%) {2.4%}
86     ... 
196    -O                                                                        (1 = 2.4%) {14.3%}
258    O                                                                         (0 = 0.0%) {16.7%}
340    ---O                                                                      (3 = 7.1%) {16.7%}
448    ------O                                                                   (6 = 14.3%) {23.8%}
590    -----O                                                                    (5 = 11.9%) {38.1%}
777    --O                                                                       (2 = 4.8%) {50.0%}
1023   -----------------O                                                        (17 = 40.5%) {54.8%}
1347   -O                                                                        (1 = 2.4%) {95.2%}
1774   ... 
16063  -O                                                                        (1 = 2.4%) {97.6%}
21156  ... 

Histogram: DefaultBrowser.State recorded 1 samples, mean = 0.0 (flags = 0x41)
0  -O                                                                        (1 = 100.0%)
1  ... 

Histogram: DiskCache.0.Error recorded 1 samples, mean = 0.0 (flags = 0x41)
0  -O                                                                        (1 = 100.0%)
1  ... 

Histogram: DiskCache.0.TotalIOTimeRead recorded 70 samples, mean = 0.9 (flags = 0x41)
0  --------------------------------------O                                   (38 = 54.3%)
1  ---------O                                                                (9 = 12.9%) {54.3%}
2  --------------O                                                           (14 = 20.0%) {67.1%}
3  ---------O                                                                (9 = 12.9%) {87.1%}
4  ... 

Histogram: DiskCache.0.TotalIOTimeWrite recorded 98 samples, mean = 0.1 (flags = 0x41)
0  ------------------------------------------------------------------------O (97 = 99.0%)
1  ... 
5  -O                                                                        (1 = 1.0%) {99.0%}
6  ... 

Histogram: Download.Database.IsAvailable recorded 1 samples, mean = 1.0 (flags = 0x41)
0  O                                                                         (0 = 0.0%)
1  -O                                                                        (1 = 100.0%) {0.0%}
2  O                                                                         (0 = 0.0%) {100.0%}

Histogram: Download.Service.Db.Operation.Success recorded 1 samples, mean = 0.0 (flags = 0x41)
0  -O                                                                        (1 = 100.0%)
1  ... 

Histogram: Download.Service.Db.Records recorded 1 samples, mean = 0.0 (flags = 0x41)
0  -O                                                                        (1 = 100.0%)
1  ... 

Histogram: Download.Service.Db.Records.Active recorded 1 samples, mean = 0.0 (flags = 0x41)
0  -O                                                                        (1 = 100.0%)
1  ... 

Histogram: Download.Service.Db.Records.Available recorded 1 samples, mean = 0.0 (flags = 0x41)
0  -O                                                                        (1 = 100.0%)
1  ... 

Histogram: Download.Service.Db.Records.Complete recorded 1 samples, mean = 0.0 (flags = 0x41)
0  -O                                                                        (1 = 100.0%)
1  ... 

Histogram: Download.Service.Db.Records.New recorded 1 samples, mean = 0.0 (flags = 0x41)
0  -O                                                                        (1 = 100.0%)
1  ... 

Histogram: Download.Service.Db.Records.Paused recorded 1 samples, mean = 0.0 (flags = 0x41)
0  -O                                                                        (1 = 100.0%)
1  ... 

Histogram: Download.Service.Files.CleanUp.External recorded 3 samples, mean = 0.0 (flags = 0x41)
0  ---O                                                                      (3 = 100.0%)
1  ... 

Histogram: Download.Service.Files.CleanUp.External.Orphaned recorded 1 samples, mean = 0.0 (flags = 0x41)
0  -O                                                                        (1 = 100.0%)
1  ... 

Histogram: Download.Service.Files.CleanUp.External.Timeout recorded 1 samples, mean = 0.0 (flags = 0x41)
0  -O                                                                        (1 = 100.0%)
1  ... 

Histogram: Download.Service.Files.CleanUp.External.Unknown recorded 1 samples, mean = 0.0 (flags = 0x41)
0  -O                                                                        (1 = 100.0%)
1  ... 

Histogram: Download.Service.Files.CleanUp.Failure recorded 3 samples, mean = 0.0 (flags = 0x41)
0  ---O                                                                      (3 = 100.0%)
1  ... 

Histogram: Download.Service.Files.CleanUp.Failure.Orphaned recorded 1 samples, mean = 0.0 (flags = 0x41)
0  -O                                                                        (1 = 100.0%)
1  ... 

Histogram: Download.Service.Files.CleanUp.Failure.Timeout recorded 1 samples, mean = 0.0 (flags = 0x41)
0  -O                                                                        (1 = 100.0%)
1  ... 

Histogram: Download.Service.Files.CleanUp.Failure.Unknown recorded 1 samples, mean = 0.0 (flags = 0x41)
0  -O                                                                        (1 = 100.0%)
1  ... 

Histogram: Download.Service.Files.CleanUp.Success recorded 3 samples, mean = 0.0 (flags = 0x41)
0  ---O                                                                      (3 = 100.0%)
1  ... 

Histogram: Download.Service.Files.CleanUp.Success.Orphaned recorded 1 samples, mean = 0.0 (flags = 0x41)
0  -O                                                                        (1 = 100.0%)
1  ... 

Histogram: Download.Service.Files.CleanUp.Success.Timeout recorded 1 samples, mean = 0.0 (flags = 0x41)
0  -O                                                                        (1 = 100.0%)
1  ... 

Histogram: Download.Service.Files.CleanUp.Success.Unknown recorded 1 samples, mean = 0.0 (flags = 0x41)
0  -O                                                                        (1 = 100.0%)
1  ... 

Histogram: Download.Service.StartUpStatus.Initialization recorded 1 samples, mean = 0.0 (flags = 0x41)
0  -O                                                                        (1 = 100.0%)
1  ... 

Histogram: Enterprise.TimeToFirstPolicyLoad.Profile.Unmanaged recorded 1 samples, mean = 0.0 (flags = 0x41)
0  -O                                                                        (1 = 100.0%)
1  ... 

Histogram: EnterpriseCheck.AzureADJoinStatusCheckTime recorded 1 samples, mean = 4.0 (flags = 0x41)
0  ... 
4  -O                                                                        (1 = 100.0%) {0.0%}
5  ... 

Histogram: Event.GestureCreated recorded 1 samples, mean = 12.0 (flags = 0x41)
0   ... 
12  -O                                                                        (1 = 100.0%) {0.0%}
13  ... 

Histogram: Extension.Toolbar.BrowserActionsCount2 recorded 1 samples, mean = 0.0 (flags = 0x41)
0  -O                                                                        (1 = 100.0%)
1  ... 

Histogram: ExtensionToolbarModel.BrowserActionsCount recorded 1 samples, mean = 0.0 (flags = 0x41)
0  -O                                                                        (1 = 100.0%)
1  ... 

Histogram: Extensions.AppLocation2 recorded 1 samples, mean = 5.0 (flags = 0x41)
0  ... 
5  -O                                                                        (1 = 100.0%) {0.0%}
6  ... 

Histogram: Extensions.CorruptExtensionTotalDisables recorded 1 samples, mean = 0.0 (flags = 0x41)
0  -O                                                                        (1 = 100.0%)
1  ... 

Histogram: Extensions.CorruptExtensionTotalDisables2 recorded 1 samples, mean = 0.0 (flags = 0x41)
0  -O                                                                        (1 = 100.0%)
1  ... 

Histogram: Extensions.Database.Open.State recorded 1 samples, mean = 0.0 (flags = 0x41)
0  -O                                                                        (1 = 100.0%)
1  ... 

Histogram: Extensions.DeveloperModeEnabled recorded 2 samples, mean = 0.0 (flags = 0x41)
0  --O                                                                       (2 = 100.0%)
1  ... 

Histogram: Extensions.DidCreateScriptContext_Unspecified recorded 1 samples, mean = 0.0 (flags = 0x41)
0  -O                                                                        (1 = 100.0%)
1  ... 

Histogram: Extensions.DidCreateScriptContext_WebPage recorded 3 samples, mean = 0.0 (flags = 0x41)
0  ---O                                                                      (3 = 100.0%)
1  ... 

Histogram: Extensions.Disabled recorded 1 samples, mean = 0.0 (flags = 0x41)
0  -O                                                                        (1 = 100.0%)
1  ... 

Histogram: Extensions.Disabled2 recorded 1 samples, mean = 0.0 (flags = 0x41)
0  -O                                                                        (1 = 100.0%)
1  ... 

Histogram: Extensions.DisabledForPermissions recorded 1 samples, mean = 0.0 (flags = 0x41)
0  -O                                                                        (1 = 100.0%)
1  ... 

Histogram: Extensions.DisabledForPermissions2 recorded 1 samples, mean = 0.0 (flags = 0x41)
0  -O                                                                        (1 = 100.0%)
1  ... 

Histogram: Extensions.EventlessEventPages2 recorded 1 samples, mean = 0.0 (flags = 0x41)
0  -O                                                                        (1 = 100.0%)
1  ... 

Histogram: Extensions.ExtensionLocation recorded 1 samples, mean = 5.0 (flags = 0x41)
0  ... 
5  -O                                                                        (1 = 100.0%) {0.0%}
6  ... 

Histogram: Extensions.ExtensionLocation2 recorded 1 samples, mean = 5.0 (flags = 0x41)
0  ... 
5  -O                                                                        (1 = 100.0%) {0.0%}
6  ... 

Histogram: Extensions.ExtensionsWithPageActions recorded 1 samples, mean = 0.0 (flags = 0x41)
0  -O                                                                        (1 = 100.0%)
1  ... 

Histogram: Extensions.HomepageOverrides recorded 1 samples, mean = 0.0 (flags = 0x41)
0  -O                                                                        (1 = 100.0%)
1  ... 

Histogram: Extensions.HomepageOverrides2 recorded 1 samples, mean = 0.0 (flags = 0x41)
0  -O                                                                        (1 = 100.0%)
1  ... 

Histogram: Extensions.InjectEnd_ScriptCount recorded 3 samples, mean = 0.0 (flags = 0x41)
0  ---O                                                                      (3 = 100.0%)
1  ... 

Histogram: Extensions.InjectIdle_ScriptCount recorded 3 samples, mean = 0.0 (flags = 0x41)
0  ---O                                                                      (3 = 100.0%)
1  ... 

Histogram: Extensions.InjectStart_CssCount recorded 5 samples, mean = 0.0 (flags = 0x41)
0  -----O                                                                    (5 = 100.0%)
1  ... 

Histogram: Extensions.InjectStart_ScriptCount recorded 5 samples, mean = 0.0 (flags = 0x41)
0  -----O                                                                    (5 = 100.0%)
1  ... 

Histogram: Extensions.LoadAll recorded 1 samples, mean = 2.0 (flags = 0x41)
0  ... 
2  -O                                                                        (1 = 100.0%) {0.0%}
3  ... 

Histogram: Extensions.LoadAll2 recorded 1 samples, mean = 2.0 (flags = 0x41)
0  ... 
2  -O                                                                        (1 = 100.0%) {0.0%}
3  ... 

Histogram: Extensions.LoadAllComponentTime recorded 1 samples, mean = 1.0 (flags = 0x41)
0  O                                                                         (0 = 0.0%)
1  -O                                                                        (1 = 100.0%) {0.0%}
2  ... 

Histogram: Extensions.LoadAllComponentTime.User recorded 1 samples, mean = 1.0 (flags = 0x41)
0  O                                                                         (0 = 0.0%)
1  -O                                                                        (1 = 100.0%) {0.0%}
2  ... 

Histogram: Extensions.LoadAllTime2 recorded 1 samples, mean = 0.0 (flags = 0x41)
0  -O                                                                        (1 = 100.0%)
1  ... 

Histogram: Extensions.LoadAllTime2.User recorded 1 samples, mean = 0.0 (flags = 0x41)
0  -O                                                                        (1 = 100.0%)
1  ... 

Histogram: Extensions.LoadApp recorded 1 samples, mean = 0.0 (flags = 0x41)
0  -O                                                                        (1 = 100.0%)
1  ... 

Histogram: Extensions.LoadApp2 recorded 1 samples, mean = 0.0 (flags = 0x41)
0  -O                                                                        (1 = 100.0%)
1  ... 

Histogram: Extensions.LoadAppExternal recorded 1 samples, mean = 0.0 (flags = 0x41)
0  -O                                                                        (1 = 100.0%)
1  ... 

Histogram: Extensions.LoadAppExternal2 recorded 1 samples, mean = 0.0 (flags = 0x41)
0  -O                                                                        (1 = 100.0%)
1  ... 

Histogram: Extensions.LoadAppUser recorded 1 samples, mean = 0.0 (flags = 0x41)
0  -O                                                                        (1 = 100.0%)
1  ... 

Histogram: Extensions.LoadAppUser2 recorded 1 samples, mean = 0.0 (flags = 0x41)
0  -O                                                                        (1 = 100.0%)
1  ... 

Histogram: Extensions.LoadBrowserAction recorded 1 samples, mean = 0.0 (flags = 0x41)
0  -O                                                                        (1 = 100.0%)
1  ... 

Histogram: Extensions.LoadBrowserAction2 recorded 1 samples, mean = 0.0 (flags = 0x41)
0  -O                                                                        (1 = 100.0%)
1  ... 

Histogram: Extensions.LoadExtension recorded 1 samples, mean = 0.0 (flags = 0x41)
0  -O                                                                        (1 = 100.0%)
1  ... 

Histogram: Extensions.LoadExtension2 recorded 1 samples, mean = 0.0 (flags = 0x41)
0  -O                                                                        (1 = 100.0%)
1  ... 

Histogram: Extensions.LoadExtensionExternal recorded 1 samples, mean = 0.0 (flags = 0x41)
0  -O                                                                        (1 = 100.0%)
1  ... 

Histogram: Extensions.LoadExtensionExternal2 recorded 1 samples, mean = 0.0 (flags = 0x41)
0  -O                                                                        (1 = 100.0%)
1  ... 

Histogram: Extensions.LoadExtensionUser2 recorded 1 samples, mean = 0.0 (flags = 0x41)
0  -O                                                                        (1 = 100.0%)
1  ... 

Histogram: Extensions.LoadHostedApp recorded 1 samples, mean = 0.0 (flags = 0x41)
0  -O                                                                        (1 = 100.0%)
1  ... 

Histogram: Extensions.LoadHostedApp2 recorded 1 samples, mean = 0.0 (flags = 0x41)
0  -O                                                                        (1 = 100.0%)
1  ... 

Histogram: Extensions.LoadNoExtensionAction recorded 1 samples, mean = 0.0 (flags = 0x41)
0  -O                                                                        (1 = 100.0%)
1  ... 

Histogram: Extensions.LoadNoExtensionAction2 recorded 1 samples, mean = 0.0 (flags = 0x41)
0  -O                                                                        (1 = 100.0%)
1  ... 

Histogram: Extensions.LoadOffStoreItems recorded 1 samples, mean = 0.0 (flags = 0x41)
0  -O                                                                        (1 = 100.0%)
1  ... 

Histogram: Extensions.LoadOffStoreItems2 recorded 1 samples, mean = 0.0 (flags = 0x41)
0  -O                                                                        (1 = 100.0%)
1  ... 

Histogram: Extensions.LoadPackagedApp recorded 1 samples, mean = 0.0 (flags = 0x41)
0  -O                                                                        (1 = 100.0%)
1  ... 

Histogram: Extensions.LoadPackagedApp2 recorded 1 samples, mean = 0.0 (flags = 0x41)
0  -O                                                                        (1 = 100.0%)
1  ... 

Histogram: Extensions.LoadPlatformApp recorded 1 samples, mean = 0.0 (flags = 0x41)
0  -O                                                                        (1 = 100.0%)
1  ... 

Histogram: Extensions.LoadPlatformApp2 recorded 1 samples, mean = 0.0 (flags = 0x41)
0  -O                                                                        (1 = 100.0%)
1  ... 

Histogram: Extensions.LoadTheme recorded 1 samples, mean = 0.0 (flags = 0x41)
0  -O                                                                        (1 = 100.0%)
1  ... 

Histogram: Extensions.LoadTheme2 recorded 1 samples, mean = 0.0 (flags = 0x41)
0  -O                                                                        (1 = 100.0%)
1  ... 

Histogram: Extensions.LoadUserScript recorded 1 samples, mean = 0.0 (flags = 0x41)
0  -O                                                                        (1 = 100.0%)
1  ... 

Histogram: Extensions.LoadUserScript2 recorded 1 samples, mean = 0.0 (flags = 0x41)
0  -O                                                                        (1 = 100.0%)
1  ... 

Histogram: Extensions.Management_Refresh recorded 1 samples, mean = 0.0 (flags = 0x41)
0  -O                                                                        (1 = 100.0%)
1  ... 

Histogram: Extensions.ManifestVersion2Count.Component recorded 1 samples, mean = 1.0 (flags = 0x41)
0  O                                                                         (0 = 0.0%)
1  -O                                                                        (1 = 100.0%) {0.0%}
2  ... 

Histogram: Extensions.ManifestVersion2Count.External recorded 1 samples, mean = 0.0 (flags = 0x41)
0  -O                                                                        (1 = 100.0%)
1  ... 

Histogram: Extensions.ManifestVersion2Count.Internal recorded 1 samples, mean = 0.0 (flags = 0x41)
0  -O                                                                        (1 = 100.0%)
1  ... 

Histogram: Extensions.ManifestVersion2Count.Policy recorded 1 samples, mean = 0.0 (flags = 0x41)
0  -O                                                                        (1 = 100.0%)
1  ... 

Histogram: Extensions.ManifestVersion2Count.Unpacked recorded 1 samples, mean = 0.0 (flags = 0x41)
0  -O                                                                        (1 = 100.0%)
1  ... 

Histogram: Extensions.ManifestVersion3Count.Component recorded 1 samples, mean = 0.0 (flags = 0x41)
0  -O                                                                        (1 = 100.0%)
1  ... 

Histogram: Extensions.ManifestVersion3Count.External recorded 1 samples, mean = 0.0 (flags = 0x41)
0  -O                                                                        (1 = 100.0%)
1  ... 

Histogram: Extensions.ManifestVersion3Count.Internal recorded 1 samples, mean = 0.0 (flags = 0x41)
0  -O                                                                        (1 = 100.0%)
1  ... 

Histogram: Extensions.ManifestVersion3Count.Policy recorded 1 samples, mean = 0.0 (flags = 0x41)
0  -O                                                                        (1 = 100.0%)
1  ... 

Histogram: Extensions.ManifestVersion3Count.Unpacked recorded 1 samples, mean = 0.0 (flags = 0x41)
0  -O                                                                        (1 = 100.0%)
1  ... 

Histogram: Extensions.ManifestVersionByLocation.Component recorded 1 samples, mean = 2.0 (flags = 0x41)
0  ... 
2  -O                                                                        (1 = 100.0%) {0.0%}
3  ... 

Histogram: Extensions.ManifestVersionPopulationSplit.Component recorded 1 samples, mean = 1.0 (flags = 0x41)
0  O                                                                         (0 = 0.0%)
1  -O                                                                        (1 = 100.0%) {0.0%}
2  ... 

Histogram: Extensions.ManifestVersionPopulationSplit.External recorded 1 samples, mean = 0.0 (flags = 0x41)
0  -O                                                                        (1 = 100.0%)
1  ... 

Histogram: Extensions.ManifestVersionPopulationSplit.Internal recorded 1 samples, mean = 0.0 (flags = 0x41)
0  -O                                                                        (1 = 100.0%)
1  ... 

Histogram: Extensions.ManifestVersionPopulationSplit.InternalAndExternal recorded 1 samples, mean = 0.0 (flags = 0x41)
0  -O                                                                        (1 = 100.0%)
1  ... 

Histogram: Extensions.ManifestVersionPopulationSplit.Unpacked recorded 1 samples, mean = 0.0 (flags = 0x41)
0  -O                                                                        (1 = 100.0%)
1  ... 

Histogram: Extensions.NewTabPageOverrides recorded 1 samples, mean = 0.0 (flags = 0x41)
0  -O                                                                        (1 = 100.0%)
1  ... 

Histogram: Extensions.NewTabPageOverrides2 recorded 1 samples, mean = 0.0 (flags = 0x41)
0  -O                                                                        (1 = 100.0%)
1  ... 

Histogram: Extensions.NonWebStoreNewTabPageOverrides recorded 1 samples, mean = 0.0 (flags = 0x41)
0  -O                                                                        (1 = 100.0%)
1  ... 

Histogram: Extensions.NonWebStoreNewTabPageOverrides2 recorded 1 samples, mean = 0.0 (flags = 0x41)
0  -O                                                                        (1 = 100.0%)
1  ... 

Histogram: Extensions.NonWebstoreLocation recorded 2 samples, mean = 5.0 (flags = 0x41)
0  ... 
5  --O                                                                       (2 = 100.0%) {0.0%}
6  ... 

Histogram: Extensions.NonWebstoreLocation2 recorded 2 samples, mean = 5.0 (flags = 0x41)
0  ... 
5  --O                                                                       (2 = 100.0%) {0.0%}
6  ... 

Histogram: Extensions.NonWebstoreLocationWithDeveloperModeOff.Enabled3 recorded 2 samples, mean = 5.0 (flags = 0x41)
0  ... 
5  --O                                                                       (2 = 100.0%) {0.0%}
6  ... 

Histogram: Extensions.NotAllowlistedDisabled recorded 1 samples, mean = 0.0 (flags = 0x41)
0  -O                                                                        (1 = 100.0%)
1  ... 

Histogram: Extensions.NotAllowlistedDisabled2 recorded 1 samples, mean = 0.0 (flags = 0x41)
0  -O                                                                        (1 = 100.0%)
1  ... 

Histogram: Extensions.NotAllowlistedEnabled recorded 1 samples, mean = 0.0 (flags = 0x41)
0  -O                                                                        (1 = 100.0%)
1  ... 

Histogram: Extensions.NotAllowlistedEnabled2 recorded 1 samples, mean = 0.0 (flags = 0x41)
0  -O                                                                        (1 = 100.0%)
1  ... 

Histogram: Extensions.ProcessManagerStartupHostsTime2 recorded 1 samples, mean = 0.0 (flags = 0x41)
0  -O                                                                        (1 = 100.0%)
1  ... 

Histogram: Extensions.SearchEngineOverrides recorded 1 samples, mean = 0.0 (flags = 0x41)
0  -O                                                                        (1 = 100.0%)
1  ... 

Histogram: Extensions.SearchEngineOverrides2 recorded 1 samples, mean = 0.0 (flags = 0x41)
0  -O                                                                        (1 = 100.0%)
1  ... 

Histogram: Extensions.StartupPagesOverrides recorded 1 samples, mean = 0.0 (flags = 0x41)
0  -O                                                                        (1 = 100.0%)
1  ... 

Histogram: Extensions.StartupPagesOverrides2 recorded 1 samples, mean = 0.0 (flags = 0x41)
0  -O                                                                        (1 = 100.0%)
1  ... 

Histogram: Extensions.WebRequestBlockingCount recorded 1 samples, mean = 0.0 (flags = 0x41)
0  -O                                                                        (1 = 100.0%)
1  ... 

Histogram: Extensions.WebRequestBlockingCount2 recorded 1 samples, mean = 0.0 (flags = 0x41)
0  -O                                                                        (1 = 100.0%)
1  ... 

Histogram: Extensions.WebRequestCount recorded 1 samples, mean = 0.0 (flags = 0x41)
0  -O                                                                        (1 = 100.0%)
1  ... 

Histogram: Extensions.WebRequestCount2 recorded 1 samples, mean = 0.0 (flags = 0x41)
0  -O                                                                        (1 = 100.0%)
1  ... 

Histogram: FetchKeepAlive.Renderer.Total.ReceivedResponse recorded 1 samples, mean = 1.0 (flags = 0x41)
0  O                                                                         (0 = 0.0%)
1  -O                                                                        (1 = 100.0%) {0.0%}
2  O                                                                         (0 = 0.0%) {100.0%}

Histogram: FetchKeepAlive.Renderer.Total.Started recorded 1 samples, mean = 1.0 (flags = 0x41)
0  O                                                                         (0 = 0.0%)
1  -O                                                                        (1 = 100.0%) {0.0%}
2  O                                                                         (0 = 0.0%) {100.0%}

Histogram: FetchKeepAlive.Requests2.Network recorded 2 samples, mean = 0.5 (flags = 0x41)
0  -O                                                                        (1 = 50.0%)
1  -O                                                                        (1 = 50.0%) {50.0%}
2  O                                                                         (0 = 0.0%) {100.0%}

Histogram: FetchKeepAlive.Requests2.SentToService.Renderer recorded 1 samples, mean = 2.0 (flags = 0x41)
0  ... 
2  -O                                                                        (1 = 100.0%) {0.0%}
3  ... 

Histogram: FetchKeepAlive.Requests2.Started.IsContextDetached.Renderer recorded 1 samples, mean = 0.0 (flags = 0x41)
0  -O                                                                        (1 = 100.0%)
1  ... 

Histogram: FetchKeepAlive.Requests2.Started.Renderer recorded 1 samples, mean = 1.0 (flags = 0x41)
0  O                                                                         (0 = 0.0%)
1  -O                                                                        (1 = 100.0%) {0.0%}
2  ... 

Histogram: FetchKeepAlive.Requests2.Succeeded.IsContextDetached.Renderer recorded 1 samples, mean = 0.0 (flags = 0x41)
0  -O                                                                        (1 = 100.0%)
1  ... 

Histogram: FetchKeepAlive.Requests2.Succeeded.Renderer recorded 1 samples, mean = 1.0 (flags = 0x41)
0  O                                                                         (0 = 0.0%)
1  -O                                                                        (1 = 100.0%) {0.0%}
2  ... 

Histogram: FetchKeepAlive.Requests2.Total.Renderer recorded 1 samples, mean = 1.0 (flags = 0x41)
0  O                                                                         (0 = 0.0%)
1  -O                                                                        (1 = 100.0%) {0.0%}
2  ... 

Histogram: FirstPartySets.Database.InitStatus recorded 1 samples, mean = 1.0 (flags = 0x41)
0  O                                                                         (0 = 0.0%)
1  -O                                                                        (1 = 100.0%) {0.0%}
2  ... 

Histogram: FirstPartySets.Database.TransactionFailed recorded 7 samples, mean = 0.0 (flags = 0x41)
0  -------O                                                                  (7 = 100.0%)
1  ... 

Histogram: FirstPartySets.Initialization.ClearSiteDataOutcome recorded 1 samples, mean = 1.0 (flags = 0x41)
0  O                                                                         (0 = 0.0%)
1  -O                                                                        (1 = 100.0%) {0.0%}
2  O                                                                         (0 = 0.0%) {100.0%}

Histogram: FirstPartySets.Initialization.SitesToClear.Count recorded 1 samples, mean = 0.0 (flags = 0x41)
0  -O                                                                        (1 = 100.0%)
1  ... 

Histogram: GPU.ANGLE.D3DShaderBlobSizeKB recorded 4 samples, mean = 0.5 (flags = 0x41)
0  ----O                                                                     (4 = 100.0%)
1000... 

Histogram: GPU.ANGLE.D3DShaderCompilationTimeUs recorded 4 samples, mean = 2514.8 (flags = 0x41)
0     ... 
1774  -O                                                                        (1 = 25.0%) {0.0%}
2336  --O                                                                       (2 = 50.0%) {25.0%}
3077  -O                                                                        (1 = 25.0%) {75.0%}
4053  ... 

Histogram: GPU.BlocklistFeatureTestResults.Accelerated2dCanvas recorded 1 samples, mean = 0.0 (flags = 0x41)
0  -O                                                                        (1 = 100.0%)
1  ... 

Histogram: GPU.BlocklistFeatureTestResults.GpuCompositing recorded 1 samples, mean = 0.0 (flags = 0x41)
0  -O                                                                        (1 = 100.0%)
1  ... 

Histogram: GPU.BlocklistFeatureTestResults.GpuRasterization recorded 1 samples, mean = 0.0 (flags = 0x41)
0  -O                                                                        (1 = 100.0%)
1  ... 

Histogram: GPU.BlocklistFeatureTestResults.Webgl recorded 1 samples, mean = 0.0 (flags = 0x41)
0  -O                                                                        (1 = 100.0%)
1  ... 

Histogram: GPU.BlocklistFeatureTestResults.Webgl2 recorded 1 samples, mean = 0.0 (flags = 0x41)
0  -O                                                                        (1 = 100.0%)
1  ... 

Histogram: GPU.BlocklistFeatureTestResults.Webgpu recorded 1 samples, mean = 2.0 (flags = 0x41)
0  ... 
2  -O                                                                        (1 = 100.0%) {0.0%}
3  ... 

Histogram: GPU.BlocklistTestResultsPerEntry recorded 1 samples, mean = 0.0 (flags = 0x41)
0  -O                                                                        (1 = 100.0%)
1  ... 

Histogram: GPU.CanvasOopRaster.OopRasterAndGpuAcceleration recorded 1 samples, mean = 0.0 (flags = 0x41)
0  -O                                                                        (1 = 100.0%)
1  ... 

Histogram: GPU.CompositingMode recorded 9 samples, mean = 1.0 (flags = 0x41)
0  O                                                                         (0 = 0.0%)
1  ---------O                                                                (9 = 100.0%) {0.0%}
2  ... 

Histogram: GPU.D3D12FeatureLevel recorded 1 samples, mean = 5.0 (flags = 0x41)
0  ... 
5  -O                                                                        (1 = 100.0%) {0.0%}
6  O                                                                         (0 = 0.0%) {100.0%}

Histogram: GPU.D3D12HighestShaderModel2 recorded 1 samples, mean = 9.0 (flags = 0x41)
0  ... 
9  -O                                                                        (1 = 100.0%) {0.0%}
10 O                                                                         (0 = 0.0%) {100.0%}

Histogram: GPU.DriverBugTestResultsPerEntry recorded 8 samples (flags = 0x41)
0    -O                                                                        (1 = 12.5%)
17   -O                                                                        (1 = 12.5%)
165  -O                                                                        (1 = 12.5%)
206  -O                                                                        (1 = 12.5%)
256  -O                                                                        (1 = 12.5%)
315  -O                                                                        (1 = 12.5%)
426  -O                                                                        (1 = 12.5%)
430  -O                                                                        (1 = 12.5%)

Histogram: GPU.EstablishGpuChannelSyncTime recorded 2 samples, mean = 130.0 (flags = 0x41)
0    ... 
6    -O                                                                        (1 = 50.0%) {0.0%}
7    ... 
226  -O                                                                        (1 = 50.0%) {50.0%}
268  ... 

Histogram: GPU.EstablishGpuChannelSyncTime.FirstRun recorded 2 samples, mean = 130.0 (flags = 0x41)
0    ... 
6    -O                                                                        (1 = 50.0%) {0.0%}
7    ... 
226  -O                                                                        (1 = 50.0%) {50.0%}
268  ... 

Histogram: GPU.GPUProcessLaunchTime recorded 2 samples, mean = 1430.5 (flags = 0x41)
0     ... 
318   -O                                                                        (1 = 50.0%) {0.0%}
378   ... 
2516  -O                                                                        (1 = 50.0%) {50.0%}
2990  ... 

Histogram: GPU.GPUProcessTerminationStatus2 recorded 1 samples, mean = 4.0 (flags = 0x41)
0  ... 
4  -O                                                                        (1 = 100.0%) {0.0%}
5  ... 

Histogram: GPU.HardwareAccelerationModeEnabled recorded 1 samples, mean = 1.0 (flags = 0x41)
0  O                                                                         (0 = 0.0%)
1  -O                                                                        (1 = 100.0%) {0.0%}
2  O                                                                         (0 = 0.0%) {100.0%}

Histogram: GPU.ProcessLifetimeEvents.HardwareAccelerated recorded 1 samples, mean = 0.0 (flags = 0x41)
0  -O                                                                        (1 = 100.0%)
1  ... 

Histogram: GPU.RasterDecoder.TimeToFlush recorded 1 samples, mean = 344.0 (flags = 0x41)
0    ... 
320  -O                                                                        (1 = 100.0%) {0.0%}
364  ... 

Histogram: GPU.SharedImage.BackingType recorded 4 samples, mean = 7.0 (flags = 0x41)
0   ... 
2   --O                                                                       (2 = 50.0%) {0.0%}
3   ... 
12  --O                                                                       (2 = 50.0%) {50.0%}
13  ... 

Histogram: GPU.SharedImage.ContentConsumed recorded 10 samples, mean = 0.4 (flags = 0x41)
0  ------O                                                                   (6 = 60.0%)
1  ----O                                                                     (4 = 40.0%) {60.0%}
2  O                                                                         (0 = 0.0%) {100.0%}

Histogram: GPU.SkiaBackendType recorded 1 samples, mean = 2.0 (flags = 0x41)
0  ... 
2  -O                                                                        (1 = 100.0%) {0.0%}
3  ... 

Histogram: GPU.SupportsDX12 recorded 1 samples, mean = 1.0 (flags = 0x41)
0  O                                                                         (0 = 0.0%)
1  -O                                                                        (1 = 100.0%) {0.0%}
2  O                                                                         (0 = 0.0%) {100.0%}

Histogram: GPU.WatchdogThread.Event recorded 1 samples, mean = 0.0 (flags = 0x41)
0  -O                                                                        (1 = 100.0%)
1  ... 

Histogram: GPU.WatchdogThread.Event.main recorded 1 samples, mean = 0.0 (flags = 0x41)
0  -O                                                                        (1 = 100.0%)
1  ... 

Histogram: GPU.WatchdogThread.Timeout recorded 138 samples, mean = 0.0 (flags = 0x41)
0  ------------------------------------------------------------------------O (138 = 100.0%)
1  ... 

Histogram: GPU.WatchdogThread.Timeout.Normal recorded 138 samples, mean = 0.0 (flags = 0x41)
0  ------------------------------------------------------------------------O (138 = 100.0%)
1  ... 

Histogram: GPU.WatchdogThread.Timeout.Normal.main recorded 138 samples, mean = 0.0 (flags = 0x41)
0  ------------------------------------------------------------------------O (138 = 100.0%)
1  ... 

Histogram: GPU.WatchdogThread.Timeout.main recorded 138 samples, mean = 0.0 (flags = 0x41)
0  ------------------------------------------------------------------------O (138 = 100.0%)
1  ... 

Histogram: Gaia.AuthFetcher.ListAccounts.NetErrorCodes recorded 1 samples (flags = 0x41)
0  -O                                                                        (1 = 100.0%)

Histogram: Gpu.FenceHandle.CloneCountsPerSubmit recorded 5 samples, mean = 0.0 (flags = 0x41)
0  -----O                                                                    (5 = 100.0%)
1  ... 

Histogram: Gpu.GrCompileShaderUs recorded 4 samples, mean = 353.0 (flags = 0x41)
0    ... 
196  -O                                                                        (1 = 25.0%) {0.0%}
258  --O                                                                       (2 = 50.0%) {25.0%}
340  ... 
590  -O                                                                        (1 = 25.0%) {75.0%}
777  ... 

Histogram: Gpu.GrLinkProgramUs recorded 2 samples, mean = 3617.5 (flags = 0x41)
0     ... 
3077  --O                                                                       (2 = 100.0%) {0.0%}
4053  ... 

Histogram: Gpu.PassthroughProgramCacheLoadHitInCache recorded 2 samples, mean = 0.0 (flags = 0x41)
0  --O                                                                       (2 = 100.0%)
1  ... 

Histogram: Gpu.Rasterization.Raster.MSAASampleCountLog2 recorded 1 samples, mean = 0.0 (flags = 0x41)
0  -O                                                                        (1 = 100.0%)
1  ... 

Histogram: HangWatcher.IsThreadHung.BrowserProcess.IOThread.Normal recorded 279 samples, mean = 0.0 (flags = 0x41)
0  ------------------------------------------------------------------------O (279 = 100.0%)
1  ... 

Histogram: HangWatcher.IsThreadHung.BrowserProcess.UIThread.Normal recorded 279 samples, mean = 0.0 (flags = 0x41)
0  ------------------------------------------------------------------------O (279 = 100.0%)
1  ... 

Histogram: HangWatcher.IsThreadHung.RendererProcess.IOThread recorded 278 samples, mean = 0.0 (flags = 0x41)
0  ------------------------------------------------------------------------O (278 = 100.0%)
1  ... 

Histogram: HangWatcher.IsThreadHung.RendererProcess.IOThread.BestEffort recorded 279 samples, mean = 0.0 (flags = 0x41)
0  ------------------------------------------------------------------------O (279 = 100.0%)
1  ... 

Histogram: HangWatcher.IsThreadHung.RendererProcess.MainThread recorded 278 samples, mean = 0.0 (flags = 0x41)
0  ------------------------------------------------------------------------O (278 = 100.0%)
1  ... 

Histogram: HangWatcher.IsThreadHung.RendererProcess.MainThread.BestEffort recorded 279 samples, mean = 0.0 (flags = 0x41)
0  ------------------------------------------------------------------------O (279 = 100.0%)
1  ... 

Histogram: HangWatcher.IsThreadHung.UtilityProcess.IOThread recorded 558 samples, mean = 0.0 (flags = 0x41)
0  ------------------------------------------------------------------------O (558 = 100.0%)
1  ... 

Histogram: HangWatcher.IsThreadHung.UtilityProcess.MainThread recorded 558 samples, mean = 0.0 (flags = 0x41)
0  ------------------------------------------------------------------------O (558 = 100.0%)
1  ... 

Histogram: HangWatcher.SleepDrift.BrowserProcess recorded 1394 samples, mean = 5.7 (flags = 0x41)
0   ------------------------------------------------------------------------O (305 = 21.9%)
1   ---------------------------O                                              (115 = 8.2%) {21.9%}
2   ------------------O                                                       (76 = 5.5%) {30.1%}
3   -----------------O                                                        (71 = 5.1%) {35.6%}
4   -------------------O                                                      (82 = 5.9%) {40.7%}
5   ------------------O                                                       (78 = 5.6%) {46.6%}
6   -------------------O                                                      (81 = 5.8%) {52.2%}
7   ---------------O                                                          (63 = 4.5%) {58.0%}
8   --------------------------------------O                                   (160 = 11.5%) {62.5%}
10  ----------------------------------O                                       (142 = 10.2%) {74.0%}
12  --------------------------------O                                         (134 = 9.6%) {84.1%}
14  ---------------------O                                                    (87 = 6.2%) {93.8%}
17  ... 

Histogram: Hardware.Display.Count.OnStartup recorded 1 samples, mean = 1.0 (flags = 0x41)
0  O                                                                         (0 = 0.0%)
1  -O                                                                        (1 = 100.0%) {0.0%}
2  ... 

Histogram: Hardware.Display.SupportsHDR recorded 1 samples, mean = 0.0 (flags = 0x41)
0  -O                                                                        (1 = 100.0%)
1  ... 

Histogram: HeapProfiling.InProcess.Enabled recorded 1 samples, mean = 0.0 (flags = 0x41)
0  -O                                                                        (1 = 100.0%)
1  ... 

Histogram: HeapProfiling.InProcess.Enabled.Browser recorded 1 samples, mean = 0.0 (flags = 0x41)
0  -O                                                                        (1 = 100.0%)
1  ... 

Histogram: Histogram.TooManyBuckets.1000 recorded 4 samples (flags = 0x41)
-2140283801 --O                                                                       (2 = 50.0%)
1721222685  --O                                                                       (2 = 50.0%)

Histogram: History.Backend.TransactionCommitSuccess recorded 2 samples, mean = 1.0 (flags = 0x41)
0  O                                                                         (0 = 0.0%)
1  --O                                                                       (2 = 100.0%) {0.0%}
2  O                                                                         (0 = 0.0%) {100.0%}

Histogram: History.ClearBrowsingData.TaskQueueAtShutdown recorded 1 samples, mean = 0.0 (flags = 0x41)
0  -O                                                                        (1 = 100.0%)
1  ... 

Histogram: History.Clusters.ContextClusterer.VisitProcessingLatency.CleanUpTimer recorded 4 samples, mean = 0.0 (flags = 0x41)
0  ----O                                                                     (4 = 100.0%)
1  ... 

Histogram: History.Clusters.ContextClusterer.VisitProcessingLatency.UrlVisited recorded 4 samples, mean = 0.0 (flags = 0x41)
0  ----O                                                                     (4 = 100.0%)
1  ... 

Histogram: History.Clusters.JourneysEligibleAndEnabledAtSessionStart recorded 1 samples, mean = 1.0 (flags = 0x41)
0  O                                                                         (0 = 0.0%)
1  -O                                                                        (1 = 100.0%) {0.0%}
2  O                                                                         (0 = 0.0%) {100.0%}

Histogram: History.Clusters.KeywordCache.LoadCachesFromPrefs.Latency recorded 1 samples, mean = 0.0 (flags = 0x41)
0  -O                                                                        (1 = 100.0%)
1  ... 

Histogram: History.InMemoryDBItemCount recorded 1 samples, mean = 2.0 (flags = 0x41)
0  ... 
2  -O                                                                        (1 = 100.0%) {0.0%}
3  ... 

Histogram: History.TopSites.QueryFromHistoryTime recorded 1 samples, mean = 23.0 (flags = 0x41)
0   ... 
20  -O                                                                        (1 = 100.0%) {0.0%}
24  ... 

Histogram: History.VisitedLinks.HashTableLengthOnReaderInit recorded 3 samples, mean = 16381.0 (flags = 0x41)
0      ... 
14319  ---O                                                                      (3 = 100.0%) {0.0%}
19866  ... 

Histogram: History.VisitedLinks.HashTableSizeOnTableCreate recorded 2 samples, mean = 0.0 (flags = 0x41)
0  --O                                                                       (2 = 100.0%)
1  ... 

Histogram: History.VisitedLinks.HashTableUsageOnLinkAdded recorded 4 samples, mean = 2.2 (flags = 0x41)
0  -O                                                                        (1 = 25.0%)
1  ... 
3  ---O                                                                      (3 = 75.0%) {25.0%}
4  ... 

Histogram: History.VisitedLinks.TryToAddFingerprint recorded 5 samples, mean = 0.8 (flags = 0x41)
0  -O                                                                        (1 = 20.0%)
1  ----O                                                                     (4 = 80.0%) {20.0%}
2  ... 

Histogram: History.VisitedLinks.VisitLoggedFromMainFrame recorded 3 samples, mean = 1.0 (flags = 0x41)
0  O                                                                         (0 = 0.0%)
1  ---O                                                                      (3 = 100.0%) {0.0%}
2  O                                                                         (0 = 0.0%) {100.0%}

Histogram: History.VisitedLinks.VisitLoggedFromTransition recorded 3 samples, mean = 1.7 (flags = 0x41)
0  O                                                                         (0 = 0.0%)
1  -O                                                                        (1 = 33.3%) {0.0%}
2  --O                                                                       (2 = 66.7%) {33.3%}
3  ... 

Histogram: HttpCache.AccessToDone2 recorded 51 samples, mean = 178.5 (flags = 0x41)
0     --O                                                                       (2 = 3.9%)
1     --O                                                                       (2 = 3.9%) {3.9%}
2     O                                                                         (0 = 0.0%) {7.8%}
3     --O                                                                       (2 = 3.9%) {7.8%}
4     ----O                                                                     (4 = 7.8%) {11.8%}
5     ---O                                                                      (3 = 5.9%) {19.6%}
6     ---O                                                                      (3 = 5.9%) {25.5%}
7     O                                                                         (0 = 0.0%) {31.4%}
8     -O                                                                        (1 = 2.0%) {31.4%}
9     --O                                                                       (2 = 3.9%) {33.3%}
10    -O                                                                        (1 = 2.0%) {37.3%}
11    ---O                                                                      (3 = 5.9%) {39.2%}
12    O                                                                         (0 = 0.0%) {45.1%}
13    --O                                                                       (2 = 3.9%) {45.1%}
14    -O                                                                        (1 = 2.0%) {49.0%}
15    ... 
18    --O                                                                       (2 = 3.9%) {51.0%}
20    ... 
37    -O                                                                        (1 = 2.0%) {54.9%}
41    ... 
78    -O                                                                        (1 = 2.0%) {56.9%}
85    O                                                                         (0 = 0.0%) {58.8%}
93    -O                                                                        (1 = 2.0%) {58.8%}
102   O                                                                         (0 = 0.0%) {60.8%}
112   -O                                                                        (1 = 2.0%) {60.8%}
123   O                                                                         (0 = 0.0%) {62.7%}
135   -O                                                                        (1 = 2.0%) {62.7%}
148   ... 
177   -O                                                                        (1 = 2.0%) {64.7%}
194   O                                                                         (0 = 0.0%) {66.7%}
212   -O                                                                        (1 = 2.0%) {66.7%}
232   -O                                                                        (1 = 2.0%) {68.6%}
254   O                                                                         (0 = 0.0%) {70.6%}
278   --O                                                                       (2 = 3.9%) {70.6%}
304   -O                                                                        (1 = 2.0%) {74.5%}
333   -O                                                                        (1 = 2.0%) {76.5%}
364   -O                                                                        (1 = 2.0%) {78.4%}
398   ---O                                                                      (3 = 5.9%) {80.4%}
436   -O                                                                        (1 = 2.0%) {86.3%}
477   -O                                                                        (1 = 2.0%) {88.2%}
522   -O                                                                        (1 = 2.0%) {90.2%}
571   --O                                                                       (2 = 3.9%) {92.2%}
625   O                                                                         (0 = 0.0%) {96.1%}
684   -O                                                                        (1 = 2.0%) {96.1%}
748   ... 
1403  -O                                                                        (1 = 2.0%) {98.0%}
1535  ... 

Histogram: HttpCache.AccessToDone2.SentRequest recorded 22 samples, mean = 403.0 (flags = 0x41)
0     ... 
78    -O                                                                        (1 = 4.5%) {0.0%}
85    O                                                                         (0 = 0.0%) {4.5%}
93    -O                                                                        (1 = 4.5%) {4.5%}
102   O                                                                         (0 = 0.0%) {9.1%}
112   -O                                                                        (1 = 4.5%) {9.1%}
123   O                                                                         (0 = 0.0%) {13.6%}
135   -O                                                                        (1 = 4.5%) {13.6%}
148   ... 
177   -O                                                                        (1 = 4.5%) {18.2%}
194   O                                                                         (0 = 0.0%) {22.7%}
212   -O                                                                        (1 = 4.5%) {22.7%}
232   -O                                                                        (1 = 4.5%) {27.3%}
254   O                                                                         (0 = 0.0%) {31.8%}
278   --O                                                                       (2 = 9.1%) {31.8%}
304   -O                                                                        (1 = 4.5%) {40.9%}
333   -O                                                                        (1 = 4.5%) {45.5%}
364   -O                                                                        (1 = 4.5%) {50.0%}
398   ---O                                                                      (3 = 13.6%) {54.5%}
436   -O                                                                        (1 = 4.5%) {68.2%}
477   -O                                                                        (1 = 4.5%) {72.7%}
522   -O                                                                        (1 = 4.5%) {77.3%}
571   --O                                                                       (2 = 9.1%) {81.8%}
625   O                                                                         (0 = 0.0%) {90.9%}
684   -O                                                                        (1 = 4.5%) {90.9%}
748   ... 
1403  -O                                                                        (1 = 4.5%) {95.5%}
1535  ... 

Histogram: HttpCache.AccessToDone2.Used recorded 29 samples, mean = 8.2 (flags = 0x41)
0   --O                                                                       (2 = 6.9%)
1   --O                                                                       (2 = 6.9%) {6.9%}
2   O                                                                         (0 = 0.0%) {13.8%}
3   --O                                                                       (2 = 6.9%) {13.8%}
4   ----O                                                                     (4 = 13.8%) {20.7%}
5   ---O                                                                      (3 = 10.3%) {34.5%}
6   ---O                                                                      (3 = 10.3%) {44.8%}
7   O                                                                         (0 = 0.0%) {55.2%}
8   -O                                                                        (1 = 3.4%) {55.2%}
9   --O                                                                       (2 = 6.9%) {58.6%}
10  -O                                                                        (1 = 3.4%) {65.5%}
11  ---O                                                                      (3 = 10.3%) {69.0%}
12  O                                                                         (0 = 0.0%) {79.3%}
13  --O                                                                       (2 = 6.9%) {79.3%}
14  -O                                                                        (1 = 3.4%) {86.2%}
15  ... 
18  --O                                                                       (2 = 6.9%) {89.7%}
19  ... 
37  -O                                                                        (1 = 3.4%) {96.6%}
39  ... 

Histogram: HttpCache.AddTransactionToEntry recorded 51 samples, mean = 0.0 (flags = 0x41)
0  --------------------------------------------------O                       (50 = 98.0%)
1  -O                                                                        (1 = 2.0%) {98.0%}
2  ... 

Histogram: HttpCache.BeforeSend recorded 22 samples, mean = 0.1 (flags = 0x41)
0  --------------------O                                                     (20 = 90.9%)
1  --O                                                                       (2 = 9.1%) {90.9%}
2  ... 

Histogram: HttpCache.BeforeSend.CantConditionalize recorded 1 samples, mean = 0.0 (flags = 0x41)
0  -O                                                                        (1 = 100.0%)
1  ... 

Histogram: HttpCache.BeforeSend.NotCached recorded 20 samples, mean = 0.1 (flags = 0x41)
0  -------------------O                                                      (19 = 95.0%)
1  -O                                                                        (1 = 5.0%) {95.0%}
2  ... 

Histogram: HttpCache.BeforeSend.Validated recorded 1 samples, mean = 1.0 (flags = 0x41)
0  O                                                                         (0 = 0.0%)
1  -O                                                                        (1 = 100.0%) {0.0%}
2  ... 

Histogram: HttpCache.CreateDiskEntry recorded 20 samples, mean = 0.1 (flags = 0x41)
0  -------------------O                                                      (19 = 95.0%)
1  -O                                                                        (1 = 5.0%) {95.0%}
2  ... 

Histogram: HttpCache.HardReset recorded 1 samples, mean = 0.0 (flags = 0x40)
0  -O                                                                        (1 = 100.0%)
1  ... 

Histogram: HttpCache.IsNoStore recorded 51 samples, mean = 0.1 (flags = 0x41)
0  ----------------------------------------------O                           (46 = 90.2%)
1  -----O                                                                    (5 = 9.8%) {90.2%}
2  O                                                                         (0 = 0.0%) {100.0%}

Histogram: HttpCache.IsNoStore.MainFrameHTML recorded 1 samples, mean = 1.0 (flags = 0x41)
0  O                                                                         (0 = 0.0%)
1  -O                                                                        (1 = 100.0%) {0.0%}
2  O                                                                         (0 = 0.0%) {100.0%}

Histogram: HttpCache.MaxFileSizeOnInit recorded 1 samples, mean = 40960.0 (flags = 0x41)
0      ... 
37526  -O                                                                        (1 = 100.0%) {0.0%}
42713  ... 

Histogram: HttpCache.OpenDiskEntry recorded 31 samples, mean = 0.0 (flags = 0x41)
0  -------------------------------O                                          (31 = 100.0%)
1  ... 

Histogram: HttpCache.Pattern recorded 51 samples, mean = 2.7 (flags = 0x41)
0  ... 
2  --------------------O                                                     (20 = 39.2%) {0.0%}
3  -----------------------------O                                            (29 = 56.9%) {39.2%}
4  -O                                                                        (1 = 2.0%) {96.1%}
5  O                                                                         (0 = 0.0%) {98.0%}
6  -O                                                                        (1 = 2.0%) {98.0%}
7  O                                                                         (0 = 0.0%) {100.0%}

Histogram: HttpCache.Pattern.CSS recorded 8 samples, mean = 3.1 (flags = 0x41)
0  ... 
3  -------O                                                                  (7 = 87.5%) {0.0%}
4  -O                                                                        (1 = 12.5%) {87.5%}
5  ... 

Histogram: HttpCache.Pattern.CSSThirdParty recorded 8 samples, mean = 3.1 (flags = 0x41)
0  ... 
3  -------O                                                                  (7 = 87.5%) {0.0%}
4  -O                                                                        (1 = 12.5%) {87.5%}
5  ... 

Histogram: HttpCache.Pattern.Font recorded 5 samples, mean = 2.2 (flags = 0x41)
0  ... 
2  ----O                                                                     (4 = 80.0%) {0.0%}
3  -O                                                                        (1 = 20.0%) {80.0%}
4  ... 

Histogram: HttpCache.Pattern.FontThirdParty recorded 5 samples, mean = 2.2 (flags = 0x41)
0  ... 
2  ----O                                                                     (4 = 80.0%) {0.0%}
3  -O                                                                        (1 = 20.0%) {80.0%}
4  ... 

Histogram: HttpCache.Pattern.Image recorded 2 samples, mean = 2.0 (flags = 0x41)
0  ... 
2  --O                                                                       (2 = 100.0%) {0.0%}
3  ... 

Histogram: HttpCache.Pattern.JavaScript recorded 26 samples, mean = 2.8 (flags = 0x41)
0  ... 
2  ------O                                                                   (6 = 23.1%) {0.0%}
3  --------------------O                                                     (20 = 76.9%) {23.1%}
4  ... 

Histogram: HttpCache.Pattern.JavaScriptThirdParty recorded 25 samples, mean = 2.8 (flags = 0x41)
0  ... 
2  -----O                                                                    (5 = 20.0%) {0.0%}
3  --------------------O                                                     (20 = 80.0%) {20.0%}
4  ... 

Histogram: HttpCache.Pattern.MainFrameHTML recorded 1 samples, mean = 2.0 (flags = 0x41)
0  ... 
2  -O                                                                        (1 = 100.0%) {0.0%}
3  ... 

Histogram: HttpCache.Pattern.NonTinyImage recorded 1 samples, mean = 2.0 (flags = 0x41)
0  ... 
2  -O                                                                        (1 = 100.0%) {0.0%}
3  ... 

Histogram: HttpCache.TotalDiskCacheTimePerTransaction.Read recorded 2 samples, mean = 0.0 (flags = 0x41)
0  --O                                                                       (2 = 100.0%)
1  ... 

Histogram: HttpCache.TotalDiskCacheTimePerTransaction.Write recorded 17 samples, mean = 0.4 (flags = 0x41)
0  --------------O                                                           (14 = 82.4%)
1  --O                                                                       (2 = 11.8%) {82.4%}
2  ... 
5  -O                                                                        (1 = 5.9%) {94.1%}
6  ... 

Histogram: ImageDecoder.Png.UiGfxIntoSkBitmap recorded 1 samples, mean = 151.0 (flags = 0x41)
0    ... 
149  -O                                                                        (1 = 100.0%) {0.0%}
196  ... 

Histogram: ImportantFile.FileReplaceRetryCount recorded 32 samples, mean = 0.0 (flags = 0x41)
0  --------------------------------O                                         (32 = 100.0%)
1  ... 

Histogram: ImportantFile.SerializationDuration recorded 18 samples, mean = 0.0 (flags = 0x41)
0  ------------------O                                                       (18 = 100.0%)
1  ... 

Histogram: ImportantFile.SerializationDuration.Local_State recorded 4 samples, mean = 0.0 (flags = 0x41)
0  ----O                                                                     (4 = 100.0%)
1  ... 

Histogram: ImportantFile.SerializationDuration.Preferences recorded 5 samples, mean = 0.0 (flags = 0x41)
0  -----O                                                                    (5 = 100.0%)
1  ... 

Histogram: ImportantFile.SerializationDuration.TransportSecurityPersister recorded 2 samples, mean = 0.0 (flags = 0x41)
0  --O                                                                       (2 = 100.0%)
1  ... 

Histogram: ImportantFile.WriteDuration recorded 18 samples, mean = 15.3 (flags = 0x41)
0   ... 
10  --O                                                                       (2 = 11.1%) {0.0%}
12  ---O                                                                      (3 = 16.7%) {11.1%}
14  -------O                                                                  (7 = 38.9%) {27.8%}
17  -----O                                                                    (5 = 27.8%) {66.7%}
20  -O                                                                        (1 = 5.6%) {94.4%}
24  ... 

Histogram: ImportantFile.WriteDuration.Local_State recorded 4 samples, mean = 11.5 (flags = 0x41)
0   ... 
4   -O                                                                        (1 = 25.0%) {0.0%}
5   ... 
12  -O                                                                        (1 = 25.0%) {25.0%}
14  --O                                                                       (2 = 50.0%) {50.0%}
17  ... 

Histogram: ImportantFile.WriteDuration.Preferences recorded 5 samples, mean = 16.6 (flags = 0x41)
0   ... 
12  -O                                                                        (1 = 20.0%) {0.0%}
14  --O                                                                       (2 = 40.0%) {20.0%}
17  -O                                                                        (1 = 20.0%) {60.0%}
20  -O                                                                        (1 = 20.0%) {80.0%}
24  ... 

Histogram: ImportantFile.WriteDuration.SCTAuditing recorded 2 samples, mean = 11.5 (flags = 0x41)
0   ... 
3   -O                                                                        (1 = 50.0%) {0.0%}
4   ... 
20  -O                                                                        (1 = 50.0%) {50.0%}
24  ... 

Histogram: ImportantFile.WriteDuration.TransportSecurityPersister recorded 2 samples, mean = 15.0 (flags = 0x41)
0   ... 
14  --O                                                                       (2 = 100.0%) {0.0%}
17  ... 

Histogram: ImportantFile.WriteDuration.TrustedVault recorded 1 samples, mean = 6.0 (flags = 0x41)
0  ... 
6  -O                                                                        (1 = 100.0%) {0.0%}
7  ... 

Histogram: InProductHelp.Config.ParsingEvent recorded 68 samples, mean = 6.4 (flags = 0x41)
0   -----------------------------O                                            (29 = 42.6%)
1   O                                                                         (0 = 0.0%) {42.6%}
2   ---------O                                                                (9 = 13.2%) {42.6%}
3   ... 
14  ------------------------------O                                           (30 = 44.1%) {55.9%}
15  ... 

Histogram: InProductHelp.Db.Init.AvailabilityStore recorded 1 samples, mean = 1.0 (flags = 0x41)
0  O                                                                         (0 = 0.0%)
1  -O                                                                        (1 = 100.0%) {0.0%}
2  O                                                                         (0 = 0.0%) {100.0%}

Histogram: InProductHelp.Db.Init.EventStore recorded 1 samples, mean = 1.0 (flags = 0x41)
0  O                                                                         (0 = 0.0%)
1  -O                                                                        (1 = 100.0%) {0.0%}
2  O                                                                         (0 = 0.0%) {100.0%}

Histogram: InProductHelp.Db.Load.AvailabilityStore recorded 1 samples, mean = 1.0 (flags = 0x41)
0  O                                                                         (0 = 0.0%)
1  -O                                                                        (1 = 100.0%) {0.0%}
2  O                                                                         (0 = 0.0%) {100.0%}

Histogram: InProductHelp.Db.Load.EventStore recorded 1 samples, mean = 1.0 (flags = 0x41)
0  O                                                                         (0 = 0.0%)
1  -O                                                                        (1 = 100.0%) {0.0%}
2  O                                                                         (0 = 0.0%) {100.0%}

Histogram: InProductHelp.Db.TotalEvents recorded 1 samples, mean = 0.0 (flags = 0x41)
0  -O                                                                        (1 = 100.0%)
1  ... 

Histogram: InProductHelp.Db.Update.AvailabilityStore recorded 1 samples, mean = 1.0 (flags = 0x41)
0  O                                                                         (0 = 0.0%)
1  -O                                                                        (1 = 100.0%) {0.0%}
2  O                                                                         (0 = 0.0%) {100.0%}

Histogram: IndexedDB.ContextShutdownDuration recorded 1 samples, mean = 0.0 (flags = 0x41)
0  -O                                                                        (1 = 100.0%)
1  ... 

Histogram: Input.Digitizer.MaxTouchPoints.DirectPen recorded 1 samples, mean = 1.0 (flags = 0x41)
0  O                                                                         (0 = 0.0%)
1  -O                                                                        (1 = 100.0%) {0.0%}
2  ... 

Histogram: Input.Digitizer.MaxTouchPoints.IndirectPen recorded 2 samples, mean = 1.0 (flags = 0x41)
0  O                                                                         (0 = 0.0%)
1  --O                                                                       (2 = 100.0%) {0.0%}
2  ... 

Histogram: Input.Digitizer.MaxTouchPointsSupportedBySystemAtStartup recorded 1 samples, mean = 0.0 (flags = 0x41)
0  -O                                                                        (1 = 100.0%)
1  ... 

Histogram: Input.Digitizer.OnStartup recorded 3 samples, mean = 1.7 (flags = 0x41)
0  O                                                                         (0 = 0.0%)
1  -O                                                                        (1 = 33.3%) {0.0%}
2  --O                                                                       (2 = 66.7%) {33.3%}
3  ... 

Histogram: Input.PointerTypePrimary recorded 1 samples, mean = 2.0 (flags = 0x41)
0  ... 
2  -O                                                                        (1 = 100.0%) {0.0%}
3  O                                                                         (0 = 0.0%) {100.0%}

Histogram: Input.PointerTypesAll recorded 1 samples, mean = 2.0 (flags = 0x41)
0  ... 
2  -O                                                                        (1 = 100.0%) {0.0%}
3  ... 

Histogram: LanguageDetection.TFLiteModel.WasModelRequestDeferred recorded 2 samples, mean = 1.0 (flags = 0x41)
0  O                                                                         (0 = 0.0%)
1  --O                                                                       (2 = 100.0%) {0.0%}
2  O                                                                         (0 = 0.0%) {100.0%}

Histogram: LanguageUsage.AcceptLanguage recorded 1 samples (flags = 0x41)
25966  -O                                                                        (1 = 100.0%)

Histogram: LanguageUsage.AcceptLanguage.Count recorded 1 samples, mean = 1.0 (flags = 0x41)
0  O                                                                         (0 = 0.0%)
1  -O                                                                        (1 = 100.0%) {0.0%}
2  ... 

Histogram: LanguageUsage.AcceptLanguageAndContentLanguageUsage recorded 1 samples, mean = 0.0 (flags = 0x41)
0  -O                                                                        (1 = 100.0%)
1  ... 

Histogram: LanguageUsage.AcceptLanguageAndXmlHtmlLangUsage recorded 1 samples, mean = 7.0 (flags = 0x41)
0  ... 
7  -O                                                                        (1 = 100.0%) {0.0%}
8  O                                                                         (0 = 0.0%) {100.0%}

Histogram: LevelDB.ApproximateMemTableMemoryUse.BudgetManager recorded 0 samples (flags = 0x41)
0 ... 

Histogram: LevelDB.ApproximateMemTableMemoryUse.CartDatabase recorded 0 samples (flags = 0x41)
0 ... 

Histogram: LevelDB.ApproximateMemTableMemoryUse.ClientCertificatesDatabase recorded 0 samples (flags = 0x41)
0 ... 

Histogram: LevelDB.ApproximateMemTableMemoryUse.CommerceParcelTrackingDatabase recorded 0 samples (flags = 0x41)
0 ... 

Histogram: LevelDB.ApproximateMemTableMemoryUse.CommerceSubscriptionDatabase recorded 0 samples (flags = 0x41)
0 ... 

Histogram: LevelDB.ApproximateMemTableMemoryUse.CouponDatabase recorded 0 samples (flags = 0x41)
0 ... 

Histogram: LevelDB.ApproximateMemTableMemoryUse.DiscountsDatabase recorded 0 samples (flags = 0x41)
0 ... 

Histogram: LevelDB.ApproximateMemTableMemoryUse.DownloadDB recorded 0 samples (flags = 0x41)
0 ... 

Histogram: LevelDB.ApproximateMemTableMemoryUse.DownloadService recorded 0 samples (flags = 0x41)
0 ... 

Histogram: LevelDB.ApproximateMemTableMemoryUse.FeatureEngagementTrackerAvailabilityStore recorded 0 samples (flags = 0x41)
0 ... 

Histogram: LevelDB.ApproximateMemTableMemoryUse.FeatureEngagementTrackerEventStore recorded 0 samples (flags = 0x41)
0 ... 

Histogram: LevelDB.ApproximateMemTableMemoryUse.Metadata recorded 1 samples, mean = 4104.0 (flags = 0x41)
0  O                                                                         (0 = 0.0%)
1  -O                                                                        (1 = 100.0%) {0.0%}
270601... 

Histogram: LevelDB.ApproximateMemTableMemoryUse.PersistentOriginTrials recorded 0 samples (flags = 0x41)
0 ... 

Histogram: LevelDB.ApproximateMemTableMemoryUse.PreviewsHintCacheStore recorded 0 samples (flags = 0x41)
0 ... 

Histogram: LevelDB.ApproximateMemTableMemoryUse.SegmentInfoDatabase recorded 0 samples (flags = 0x41)
0 ... 

Histogram: LevelDB.ApproximateMemTableMemoryUse.SharedProtoDB recorded 1 samples, mean = 12312.0 (flags = 0x41)
0  O                                                                         (0 = 0.0%)
1  -O                                                                        (1 = 100.0%) {0.0%}
270601... 

Histogram: LevelDB.ApproximateMemTableMemoryUse.SignalDatabase recorded 0 samples (flags = 0x41)
0 ... 

Histogram: LevelDB.ApproximateMemTableMemoryUse.SignalStorageConfigDatabase recorded 0 samples (flags = 0x41)
0 ... 

Histogram: LevelDB.ApproximateMemTableMemoryUse.StrikeService recorded 0 samples (flags = 0x41)
0 ... 

Histogram: LevelDBEnv.DeleteTableBackupFile recorded 0 samples (flags = 0x41)
0 ... 

Histogram: LevelDBEnv.SyncResult recorded 21 samples, mean = 0.0 (flags = 0x41)
0  ---------------------O                                                    (21 = 100.0%)
1  ... 

Histogram: LevelDBWrapper.CommitDelay recorded 2 samples, mean = 5000.0 (flags = 0x41)
0     ... 
4516  --O                                                                       (2 = 100.0%) {0.0%}
6118  ... 

Histogram: LoadingPredictor.PreconnectCount recorded 1 samples, mean = 1.0 (flags = 0x41)
0  O                                                                         (0 = 0.0%)
1  -O                                                                        (1 = 100.0%) {0.0%}
2  ... 

Histogram: LoadingPredictor.PreconnectHitsPercentage recorded 1 samples, mean = 100.0 (flags = 0x41)
0    ... 
100  -O                                                                        (1 = 100.0%) {0.0%}
101  O                                                                         (0 = 0.0%) {100.0%}

Histogram: LoadingPredictor.PredictorDatabaseFileSize recorded 1 samples, mean = 44.0 (flags = 0x41)
0   ... 
37  -O                                                                        (1 = 100.0%) {0.0%}
49  ... 

Histogram: LoadingPredictor.PreresolveCount recorded 1 samples, mean = 1.0 (flags = 0x41)
0  O                                                                         (0 = 0.0%)
1  -O                                                                        (1 = 100.0%) {0.0%}
2  ... 

Histogram: LoadingPredictor.PreresolveHitsPercentage recorded 1 samples, mean = 100.0 (flags = 0x41)
0    ... 
100  -O                                                                        (1 = 100.0%) {0.0%}
101  O                                                                         (0 = 0.0%) {100.0%}

Histogram: LocalStorage.MojoSizeInKB recorded 1 samples, mean = 0.0 (flags = 0x41)
0  -O                                                                        (1 = 100.0%)
1  ... 

Histogram: LocalStorage.MojoTimeToPrime recorded 1 samples, mean = 0.0 (flags = 0x41)
0  -O                                                                        (1 = 100.0%)
1  ... 

Histogram: LocalStorage.MojoTimeToPrimeForUnder100KB recorded 1 samples, mean = 0.0 (flags = 0x41)
0  -O                                                                        (1 = 100.0%)
1  ... 

Histogram: LocalStorage.RendererAreaCacheHit recorded 2 samples, mean = 1.0 (flags = 0x41)
0  -O                                                                        (1 = 50.0%)
1  O                                                                         (0 = 0.0%) {50.0%}
2  -O                                                                        (1 = 50.0%) {50.0%}
3  O                                                                         (0 = 0.0%) {100.0%}

Histogram: LocalStorageContext.ShutDown.MaybeDroppedChanges recorded 1 samples, mean = 0.0 (flags = 0x40)
0  -O                                                                        (1 = 100.0%)
1  ... 

Histogram: MPArch.ChildProcessLaunchFirst recorded 1 samples, mean = 3.0 (flags = 0x41)
0  ... 
3  -O                                                                        (1 = 100.0%) {0.0%}
4  ... 

Histogram: MPArch.ChildProcessLaunchSubsequent recorded 7 samples, mean = 3.4 (flags = 0x41)
0  ... 
2  -O                                                                        (1 = 14.3%) {0.0%}
3  ---O                                                                      (3 = 42.9%) {14.3%}
4  --O                                                                       (2 = 28.6%) {57.1%}
5  -O                                                                        (1 = 14.3%) {85.7%}
6  ... 

Histogram: ManagedUsers.BlockedIframeCount recorded 1 samples, mean = 0.0 (flags = 0x41)
0  -O                                                                        (1 = 100.0%)
1  ... 

Histogram: Manifest.HasProperty.description recorded 1 samples, mean = 0.0 (flags = 0x41)
0  -O                                                                        (1 = 100.0%)
1  ... 

Histogram: Manifest.HasProperty.display recorded 1 samples, mean = 1.0 (flags = 0x41)
0  O                                                                         (0 = 0.0%)
1  -O                                                                        (1 = 100.0%) {0.0%}
2  O                                                                         (0 = 0.0%) {100.0%}

Histogram: Manifest.HasProperty.gcm_sender_id recorded 1 samples, mean = 0.0 (flags = 0x41)
0  -O                                                                        (1 = 100.0%)
1  ... 

Histogram: Manifest.HasProperty.icons recorded 1 samples, mean = 1.0 (flags = 0x41)
0  O                                                                         (0 = 0.0%)
1  -O                                                                        (1 = 100.0%) {0.0%}
2  O                                                                         (0 = 0.0%) {100.0%}

Histogram: Manifest.HasProperty.name recorded 1 samples, mean = 1.0 (flags = 0x41)
0  O                                                                         (0 = 0.0%)
1  -O                                                                        (1 = 100.0%) {0.0%}
2  O                                                                         (0 = 0.0%) {100.0%}

Histogram: Manifest.HasProperty.orientation recorded 1 samples, mean = 0.0 (flags = 0x41)
0  -O                                                                        (1 = 100.0%)
1  ... 

Histogram: Manifest.HasProperty.protocol_handlers recorded 1 samples, mean = 0.0 (flags = 0x41)
0  -O                                                                        (1 = 100.0%)
1  ... 

Histogram: Manifest.HasProperty.screenshots recorded 1 samples, mean = 0.0 (flags = 0x41)
0  -O                                                                        (1 = 100.0%)
1  ... 

Histogram: Manifest.HasProperty.share_target recorded 1 samples, mean = 0.0 (flags = 0x41)
0  -O                                                                        (1 = 100.0%)
1  ... 

Histogram: Manifest.HasProperty.short_name recorded 1 samples, mean = 1.0 (flags = 0x41)
0  O                                                                         (0 = 0.0%)
1  -O                                                                        (1 = 100.0%) {0.0%}
2  O                                                                         (0 = 0.0%) {100.0%}

Histogram: Manifest.HasProperty.start_url recorded 1 samples, mean = 1.0 (flags = 0x41)
0  O                                                                         (0 = 0.0%)
1  -O                                                                        (1 = 100.0%) {0.0%}
2  O                                                                         (0 = 0.0%) {100.0%}

Histogram: Manifest.ParseIdResult recorded 1 samples, mean = 1.0 (flags = 0x41)
0  O                                                                         (0 = 0.0%)
1  -O                                                                        (1 = 100.0%) {0.0%}
2  ... 

Histogram: Media.GPU.VideoDecoderType recorded 1 samples, mean = 11.0 (flags = 0x41)
0   ... 
11  -O                                                                        (1 = 100.0%) {0.0%}
12  ... 

Histogram: Media.MediaHistory.DatabaseExists recorded 1 samples, mean = 0.0 (flags = 0x41)
0  -O                                                                        (1 = 100.0%)
1  ... 

Histogram: MediaRouter.Cast.Discovery.ConnectedDevicesCount recorded 1 samples, mean = 0.0 (flags = 0x41)
0  -O                                                                        (1 = 100.0%)
1  ... 

Histogram: MediaRouter.Cast.Discovery.KnownDevicesCount recorded 1 samples, mean = 0.0 (flags = 0x41)
0  -O                                                                        (1 = 100.0%)
1  ... 

Histogram: MediaRouter.Dial.AvailableDevicesCount recorded 1 samples, mean = 0.0 (flags = 0x41)
0  -O                                                                        (1 = 100.0%)
1  ... 

Histogram: MediaRouter.Dial.KnownDevicesCount recorded 1 samples, mean = 0.0 (flags = 0x41)
0  -O                                                                        (1 = 100.0%)
1  ... 

Histogram: Memory.Discardable.FreelistSize.Foreground recorded 4 samples, mean = 1023.0 (flags = 0x41)
0     ---O                                                                      (3 = 75.0%)
1     ... 
4053  -O                                                                        (1 = 25.0%) {75.0%}
5338  ... 

Histogram: Memory.Discardable.Size.Foreground recorded 4 samples, mean = 1.0 (flags = 0x41)
0  ---O                                                                      (3 = 75.0%)
1  ... 
4  -O                                                                        (1 = 25.0%) {75.0%}
5  ... 

Histogram: Memory.Discardable.VirtualSize.Foreground recorded 4 samples, mean = 1024.0 (flags = 0x41)
0     ---O                                                                      (3 = 75.0%)
1     ... 
4053  -O                                                                        (1 = 25.0%) {75.0%}
5338  ... 

Histogram: Memory.DiscardableAllocationSize recorded 1 samples, mean = 4.0 (flags = 0x41)
0  ... 
4  -O                                                                        (1 = 100.0%) {0.0%}
5  ... 

Histogram: Memory.Experimental.AvailableMemoryMB recorded 23 samples, mean = 14245.5 (flags = 0x41)
0      ... 
13114  -----------------O                                                        (17 = 73.9%) {0.0%}
14480  ------O                                                                   (6 = 26.1%) {73.9%}
15988  ... 

Histogram: Memory.Experimental.AvailableMemoryPercent recorded 23 samples, mean = 43.1 (flags = 0x41)
0   ... 
40  --O                                                                       (2 = 8.7%) {0.0%}
41  -O                                                                        (1 = 4.3%) {8.7%}
42  --O                                                                       (2 = 8.7%) {13.0%}
43  ------O                                                                   (6 = 26.1%) {21.7%}
44  -----------O                                                              (11 = 47.8%) {47.8%}
45  -O                                                                        (1 = 4.3%) {95.7%}
46  ... 

Histogram: Memory.Experimental.Renderer.HighestPrivateMemoryFootprint.0to2min recorded 1 samples, mean = 81.0 (flags = 0x41)
0   ... 
75  -O                                                                        (1 = 100.0%) {0.0%}
84  ... 

Histogram: Memory.Experimental.Renderer.HighestPrivateMemoryFootprint.2to4min recorded 1 samples, mean = 62.0 (flags = 0x41)
0   ... 
60  -O                                                                        (1 = 100.0%) {0.0%}
67  ... 

Histogram: Memory.Experimental.Renderer.HighestPrivateMemoryFootprint.4to8min recorded 1 samples, mean = 62.0 (flags = 0x41)
0   ... 
60  -O                                                                        (1 = 100.0%) {0.0%}
67  ... 

Histogram: Memory.Experimental.Renderer.HighestPrivateMemoryFootprint.8to16min recorded 1 samples, mean = 62.0 (flags = 0x41)
0   ... 
60  -O                                                                        (1 = 100.0%) {0.0%}
67  ... 

Histogram: Memory.GPU.PeakMemoryAllocationSource2.PageLoad.SharedContextState recorded 1 samples, mean = 0.0 (flags = 0x41)
0  -O                                                                        (1 = 100.0%)
1  ... 

Histogram: Memory.GPU.PeakMemoryAllocationSource2.PageLoad.Skia recorded 1 samples, mean = 0.0 (flags = 0x41)
0  -O                                                                        (1 = 100.0%)
1  ... 

Histogram: Memory.GPU.PeakMemoryUsage2.PageLoad recorded 1 samples, mean = 0.0 (flags = 0x41)
0  -O                                                                        (1 = 100.0%)
1  ... 

Histogram: Memory.ParkableString.Compression.Latency recorded 18 samples, mean = 5120.9 (flags = 0x41)
0      --O                                                                       (2 = 11.1%)
500    -O                                                                        (1 = 5.6%) {11.1%}
540    O                                                                         (0 = 0.0%) {16.7%}
584    -O                                                                        (1 = 5.6%) {16.7%}
631    ... 
860    -O                                                                        (1 = 5.6%) {22.2%}
929    ... 
1599   -O                                                                        (1 = 5.6%) {27.8%}
1728   ... 
2181   -O                                                                        (1 = 5.6%) {33.3%}
2357   -O                                                                        (1 = 5.6%) {38.9%}
2547   O                                                                         (0 = 0.0%) {44.4%}
2752   --O                                                                       (2 = 11.1%) {44.4%}
2974   -O                                                                        (1 = 5.6%) {55.6%}
3214   ... 
4737   --O                                                                       (2 = 11.1%) {61.1%}
5119   ... 
5978   -O                                                                        (1 = 5.6%) {72.2%}
6460   ... 
12985  --O                                                                       (2 = 11.1%) {77.8%}
14032  -O                                                                        (1 = 5.6%) {88.9%}
15164  -O                                                                        (1 = 5.6%) {94.4%}
16387  ... 

Histogram: Memory.ParkableString.Compression.SizeKb recorded 18 samples, mean = 267.6 (flags = 0x41)
0    ... 
14   -O                                                                        (1 = 5.6%) {0.0%}
16   ... 
23   -O                                                                        (1 = 5.6%) {5.6%}
26   -O                                                                        (1 = 5.6%) {11.1%}
29   -O                                                                        (1 = 5.6%) {16.7%}
33   ... 
60   -O                                                                        (1 = 5.6%) {22.2%}
67   O                                                                         (0 = 0.0%) {27.8%}
75   -O                                                                        (1 = 5.6%) {27.8%}
84   -O                                                                        (1 = 5.6%) {33.3%}
95   O                                                                         (0 = 0.0%) {38.9%}
107  -O                                                                        (1 = 5.6%) {38.9%}
120  O                                                                         (0 = 0.0%) {44.4%}
135  -O                                                                        (1 = 5.6%) {44.4%}
152  O                                                                         (0 = 0.0%) {50.0%}
171  --O                                                                       (2 = 11.1%) {50.0%}
192  -O                                                                        (1 = 5.6%) {61.1%}
216  ... 
307  -O                                                                        (1 = 5.6%) {66.7%}
345  -O                                                                        (1 = 5.6%) {72.2%}
388  ... 
554  -O                                                                        (1 = 5.6%) {77.8%}
623  O                                                                         (0 = 0.0%) {83.3%}
701  -O                                                                        (1 = 5.6%) {83.3%}
789  --O                                                                       (2 = 11.1%) {88.9%}
888  ... 

Histogram: Memory.ParkableString.Decompression.Latency recorded 3 samples, mean = 257.3 (flags = 0x41)
0  ---O                                                                      (3 = 100.0%)
500... 

Histogram: Memory.ParkableString.Decompression.ThroughputMBps recorded 3 samples, mean = 416.0 (flags = 0x41)
0    ... 
307  -O                                                                        (1 = 33.3%) {0.0%}
345  O                                                                         (0 = 0.0%) {33.3%}
388  -O                                                                        (1 = 33.3%) {33.3%}
437  -O                                                                        (1 = 33.3%) {66.7%}
492  ... 

Histogram: Memory.ParkableString.DiskReadTime.5min recorded 1 samples, mean = 0.0 (flags = 0x41)
0  -O                                                                        (1 = 100.0%)
1  ... 

Histogram: Memory.ParkableString.DiskWriteTime.5min recorded 1 samples, mean = 12.0 (flags = 0x41)
0   ... 
12  -O                                                                        (1 = 100.0%) {0.0%}
14  ... 

Histogram: Memory.ParkableString.OnDiskSizeKb.5min recorded 1 samples, mean = 952.0 (flags = 0x41)
0    ... 
896  -O                                                                        (1 = 100.0%) {0.0%}
1122 ... 

Histogram: Memory.ParkableString.Read.Latency recorded 3 samples, mean = 37.0 (flags = 0x41)
0  ---O                                                                      (3 = 100.0%)
500... 

Histogram: Memory.ParkableString.TotalParkingThreadTime.5min recorded 1 samples, mean = 91.0 (flags = 0x41)
0   ... 
81  -O                                                                        (1 = 100.0%) {0.0%}
96  ... 

Histogram: Memory.ParkableString.TotalUnparkingTime.5min recorded 1 samples, mean = 0.0 (flags = 0x41)
0  -O                                                                        (1 = 100.0%)
1  ... 

Histogram: Memory.PartitionAlloc.MemoryReclaim recorded 2727 samples, mean = 274.0 (flags = 0x41)
0     ... 
65    -----------------------------------------------------O                    (513 = 18.8%) {0.0%}
86    ------------------------------------------------------------------------O (698 = 25.6%) {18.8%}
113   -----------O                                                              (104 = 3.8%) {44.4%}
149   ----O                                                                     (39 = 1.4%) {48.2%}
196   -O                                                                        (7 = 0.3%) {49.7%}
258   --------------------------------------O                                   (367 = 13.5%) {49.9%}
340   ----------------------------O                                             (274 = 10.0%) {63.4%}
448   --------------------------------------------------------------O           (603 = 22.1%) {73.4%}
590   ----------O                                                               (100 = 3.7%) {95.5%}
777   --O                                                                       (18 = 0.7%) {99.2%}
1023  O                                                                         (3 = 0.1%) {99.9%}
1347  ... 
2336  O                                                                         (1 = 0.0%) {100.0%}
3077  ... 

Histogram: Memory.PartitionAlloc.PartitionRoot.ExtrasSize recorded 1 samples, mean = 4.0 (flags = 0x41)
0  ... 
4  -O                                                                        (1 = 100.0%) {0.0%}
5  ... 

Histogram: Memory.PartitionAlloc.PeriodicPurge recorded 337 samples, mean = 23.9 (flags = 0x41)
0    ... 
4    -O                                                                        (2 = 0.6%) {0.0%}
5    -------------O                                                            (18 = 5.3%) {0.6%}
7    ---------------O                                                          (20 = 5.9%) {5.9%}
9    ------------O                                                             (17 = 5.0%) {11.9%}
12   --------------------------O                                               (36 = 10.7%) {16.9%}
16   -------------------------------------------------O                        (67 = 19.9%) {27.6%}
21   ------------------------------------------------------------------------O (99 = 29.4%) {47.5%}
28   ----------------------------O                                             (39 = 11.6%) {76.9%}
37   ----------------O                                                         (22 = 6.5%) {88.4%}
49   ----O                                                                     (6 = 1.8%) {95.0%}
65   ----O                                                                     (6 = 1.8%) {96.7%}
86   --O                                                                       (3 = 0.9%) {98.5%}
113  O                                                                         (0 = 0.0%) {99.4%}
149  -O                                                                        (1 = 0.3%) {99.4%}
196  -O                                                                        (1 = 0.3%) {99.7%}
258  ... 

Histogram: Memory.PressureLevel2 recorded 2792 samples, mean = 0.0 (flags = 0x41)
0  ------------------------------------------------------------------------O (2792 = 100.0%)
1  ... 

Histogram: Mojo.Channel.WriteReceiveMessageProcessType recorded 6 samples, mean = 2.5 (flags = 0x41)
0  --O                                                                       (2 = 33.3%)
1  O                                                                         (0 = 0.0%) {33.3%}
2  ---O                                                                      (3 = 50.0%) {33.3%}
3  ... 
9  -O                                                                        (1 = 16.7%) {83.3%}
10 ... 

Histogram: NCN.OfflinePolls recorded 2 samples, mean = 1.0 (flags = 0x41)
0  O                                                                         (0 = 0.0%)
1  --O                                                                       (2 = 100.0%) {0.0%}
2  ... 

Histogram: NQE.ContentObserver.NetworkQualityMeaningfullyChanged recorded 15 samples, mean = 0.4 (flags = 0x40)
0  ---------O                                                                (9 = 60.0%)
1  ------O                                                                   (6 = 40.0%) {60.0%}
2  O                                                                         (0 = 0.0%) {100.0%}

Histogram: NQE.RTT.Error.Absolute recorded 18 samples, mean = 89.3 (flags = 0x41)
0    ... 
10   -O                                                                        (1 = 5.6%) {0.0%}
12   O                                                                         (0 = 0.0%) {5.6%}
14   --O                                                                       (2 = 11.1%) {5.6%}
17   ... 
24   -O                                                                        (1 = 5.6%) {16.7%}
29   -O                                                                        (1 = 5.6%) {22.2%}
34   -O                                                                        (1 = 5.6%) {27.8%}
40   ... 
68   -O                                                                        (1 = 5.6%) {33.3%}
81   -----O                                                                    (5 = 27.8%) {38.9%}
96   --O                                                                       (2 = 11.1%) {66.7%}
114  --O                                                                       (2 = 11.1%) {77.8%}
135  ... 
190  -O                                                                        (1 = 5.6%) {88.9%}
226  O                                                                         (0 = 0.0%) {94.4%}
268  -O                                                                        (1 = 5.6%) {94.4%}
318  ... 

Histogram: NQE.RTT.Error.IsZero recorded 18 samples, mean = 0.0 (flags = 0x41)
0  ------------------O                                                       (18 = 100.0%)
1  ... 

Histogram: NQE.RTT.Error.Negative recorded 9 samples, mean = 75.4 (flags = 0x41)
0   ... 
10  -O                                                                        (1 = 11.1%) {0.0%}
12  O                                                                         (0 = 0.0%) {11.1%}
14  -O                                                                        (1 = 11.1%) {11.1%}
17  ... 
68  -O                                                                        (1 = 11.1%) {22.2%}
81  ----O                                                                     (4 = 44.4%) {33.3%}
96  --O                                                                       (2 = 22.2%) {77.8%}
114 ... 

Histogram: NQE.RTT.Error.Positive recorded 9 samples, mean = 103.1 (flags = 0x41)
0    ... 
14   -O                                                                        (1 = 11.1%) {0.0%}
17   ... 
24   -O                                                                        (1 = 11.1%) {11.1%}
29   -O                                                                        (1 = 11.1%) {22.2%}
34   -O                                                                        (1 = 11.1%) {33.3%}
40   ... 
81   -O                                                                        (1 = 11.1%) {44.4%}
96   O                                                                         (0 = 0.0%) {55.6%}
114  --O                                                                       (2 = 22.2%) {55.6%}
135  ... 
190  -O                                                                        (1 = 11.1%) {77.8%}
226  O                                                                         (0 = 0.0%) {88.9%}
268  -O                                                                        (1 = 11.1%) {88.9%}
318  ... 

Histogram: NQE.RTT.HittingThreshold.EndToEnd.FallbackSuccess recorded 10 samples, mean = 0.0 (flags = 0x41)
0  ----------O                                                               (10 = 100.0%)
1  ... 

Histogram: NQE.RTT.HittingThreshold.Transport.FallbackSuccess recorded 1 samples, mean = 0.0 (flags = 0x41)
0  -O                                                                        (1 = 100.0%)
1  ... 

Histogram: NQE.RTT.ObservationSource recorded 90 samples, mean = 2.0 (flags = 0x41)
0  ------------------O                                                       (18 = 20.0%)
1  O                                                                         (0 = 0.0%) {20.0%}
2  -------------------------------------------------------------O            (61 = 67.8%) {20.0%}
3  ---O                                                                      (3 = 3.3%) {87.8%}
4  --O                                                                       (2 = 2.2%) {91.1%}
5  O                                                                         (0 = 0.0%) {93.3%}
6  ---O                                                                      (3 = 3.3%) {93.3%}
7  --O                                                                       (2 = 2.2%) {96.7%}
8  -O                                                                        (1 = 1.1%) {98.9%}
9  O                                                                         (0 = 0.0%) {100.0%}

Histogram: NQE.RTT.OnECTComputation recorded 34 samples, mean = 172.8 (flags = 0x41)
0    ... 
114  ----O                                                                     (4 = 11.8%) {0.0%}
135  ---O                                                                      (3 = 8.8%) {11.8%}
160  --------------------------O                                               (26 = 76.5%) {20.6%}
190  -O                                                                        (1 = 2.9%) {97.1%}
226  ... 

Histogram: NQE.RenderThreadNotified recorded 19 samples, mean = 1.0 (flags = 0x40)
0  O                                                                         (0 = 0.0%)
1  -------------------O                                                      (19 = 100.0%) {0.0%}
2  O                                                                         (0 = 0.0%) {100.0%}

Histogram: NQE.TransportRTT.OnECTComputation recorded 33 samples, mean = 93.2 (flags = 0x41)
0    ... 
57   ----------O                                                               (10 = 30.3%) {0.0%}
68   ----O                                                                     (4 = 12.1%) {30.3%}
81   ------O                                                                   (6 = 18.2%) {42.4%}
96   ------O                                                                   (6 = 18.2%) {60.6%}
114  -----O                                                                    (5 = 15.2%) {78.8%}
135  O                                                                         (0 = 0.0%) {93.9%}
160  -O                                                                        (1 = 3.0%) {93.9%}
190  -O                                                                        (1 = 3.0%) {97.0%}
226  ... 

Histogram: Navigation.BeginNavigationImpl.MainFrame recorded 2 samples, mean = 0.0 (flags = 0x41)
0  --O                                                                       (2 = 100.0%)
1  ... 

Histogram: Navigation.BrowserInitiatedSessionHistoryCount recorded 1 samples, mean = 0.0 (flags = 0x41)
0  -O                                                                        (1 = 100.0%)
1  ... 

Histogram: Navigation.CommitRenderFrame recorded 1 samples, mean = 10.0 (flags = 0x41)
0   ... 
10  -O                                                                        (1 = 100.0%) {0.0%}
12  ... 

Histogram: Navigation.CommitToCompositorCreation recorded 1 samples, mean = 22.0 (flags = 0x41)
0   ... 
21  -O                                                                        (1 = 100.0%) {0.0%}
27  ... 

Histogram: Navigation.CompositorRequestedBeforeCommit2 recorded 1 samples, mean = 0.0 (flags = 0x41)
0  -O                                                                        (1 = 100.0%)
1  ... 

Histogram: Navigation.CompositorRequestedBeforeSwapRFH2 recorded 1 samples, mean = 0.0 (flags = 0x41)
0  -O                                                                        (1 = 100.0%)
1  ... 

Histogram: Navigation.CreateSpeculativeRFH recorded 1 samples, mean = 2.0 (flags = 0x41)
0  ... 
2  -O                                                                        (1 = 100.0%) {0.0%}
3  ... 

Histogram: Navigation.DidCommitSameDocumentNavigation.Duration recorded 1 samples, mean = 0.0 (flags = 0x41)
0  -O                                                                        (1 = 100.0%)
1  ... 

Histogram: Navigation.DidStartLoading.MainFrame recorded 3 samples, mean = 0.0 (flags = 0x41)
0  ---O                                                                      (3 = 100.0%)
1  ... 

Histogram: Navigation.DidStartLoading.Subframe recorded 2 samples, mean = 0.0 (flags = 0x41)
0  --O                                                                       (2 = 100.0%)
1  ... 

Histogram: Navigation.EarlyRenderFrameHostSwapType recorded 6 samples, mean = 0.0 (flags = 0x41)
0  ------O                                                                   (6 = 100.0%)
1  ... 

Histogram: Navigation.EngagementTime.HTTPS recorded 1 samples, mean = 2790342.0 (flags = 0x41)
0        ... 
2702128  -O                                                                        (1 = 100.0%) {0.0%}
3118920  ... 

Histogram: Navigation.GetFrameHostForNavigation recorded 4 samples, mean = 2.5 (flags = 0x41)
0  --O                                                                       (2 = 50.0%)
1  O                                                                         (0 = 0.0%) {50.0%}
2  -O                                                                        (1 = 25.0%) {50.0%}
3  ... 
8  -O                                                                        (1 = 25.0%) {75.0%}
10 ... 

Histogram: Navigation.GetFrameHostForNavigationTime.InDidCreateNavigationRequest.IsHTTPOrHTTPS recorded 3 samples, mean = 2867.3 (flags = 0x41)
0     ... 
105   -O                                                                        (1 = 33.3%) {0.0%}
146   -O                                                                        (1 = 33.3%) {33.3%}
203   ... 
7439  -O                                                                        (1 = 33.3%) {66.7%}
10321 ... 

Histogram: Navigation.IsGuest recorded 1 samples, mean = 0.0 (flags = 0x41)
0  -O                                                                        (1 = 100.0%)
1  ... 

Histogram: Navigation.IsLockedProcess recorded 1 samples, mean = 1.0 (flags = 0x41)
0  O                                                                         (0 = 0.0%)
1  -O                                                                        (1 = 100.0%) {0.0%}
2  O                                                                         (0 = 0.0%) {100.0%}

Histogram: Navigation.IsLockedProcess.HTTPOrHTTPS recorded 1 samples, mean = 1.0 (flags = 0x41)
0  O                                                                         (0 = 0.0%)
1  -O                                                                        (1 = 100.0%) {0.0%}
2  O                                                                         (0 = 0.0%) {100.0%}

Histogram: Navigation.IsProcessBackgrounded.OnCommit recorded 1 samples, mean = 0.0 (flags = 0x41)
0  -O                                                                        (1 = 100.0%)
1  ... 

Histogram: Navigation.IsProcessBackgrounded.OnDOMContentLoaded recorded 1 samples, mean = 0.0 (flags = 0x41)
0  -O                                                                        (1 = 100.0%)
1  ... 

Histogram: Navigation.IsSameBrowsingInstance recorded 1 samples, mean = 0.0 (flags = 0x41)
0  -O                                                                        (1 = 100.0%)
1  ... 

Histogram: Navigation.IsSameSiteInstance recorded 1 samples, mean = 0.0 (flags = 0x41)
0  -O                                                                        (1 = 100.0%)
1  ... 

Histogram: Navigation.IsSameSiteInstance.MainFrame recorded 1 samples, mean = 0.0 (flags = 0x41)
0  -O                                                                        (1 = 100.0%)
1  ... 

Histogram: Navigation.LoaderCreateToRequestStart.MainFrame recorded 1 samples, mean = 0.0 (flags = 0x41)
0  -O                                                                        (1 = 100.0%)
1  ... 

Histogram: Navigation.MainFrame.FrameCount recorded 1 samples, mean = 2.0 (flags = 0x41)
0  ... 
2  -O                                                                        (1 = 100.0%) {0.0%}
3  ... 

Histogram: Navigation.MainFrame.MaxFrameCount recorded 3 samples, mean = 2.0 (flags = 0x41)
0  O                                                                         (0 = 0.0%)
1  -O                                                                        (1 = 33.3%) {0.0%}
2  -O                                                                        (1 = 33.3%) {33.3%}
3  -O                                                                        (1 = 33.3%) {66.7%}
4  ... 

Histogram: Navigation.MainFrame.NewNavigation.IgnoreRestore.IsHTTPOrHTTPS.BeginNavigationToLoaderStart.Time2 recorded 1 samples, mean = 1.0 (flags = 0x41)
0  O                                                                         (0 = 0.0%)
1  -O                                                                        (1 = 100.0%) {0.0%}
2  ... 

Histogram: Navigation.MainFrame.NewNavigation.IgnoreRestore.IsHTTPOrHTTPS.FetchStart.Time2 recorded 1 samples, mean = 0.0 (flags = 0x41)
0  -O                                                                        (1 = 100.0%)
1  ... 

Histogram: Navigation.MainFrame.NewNavigation.IgnoreRestore.IsHTTPOrHTTPS.LoaderStartToFetchStart.Time2 recorded 1 samples, mean = 269.0 (flags = 0x41)
0    ... 
268  -O                                                                        (1 = 100.0%) {0.0%}
318  ... 

Histogram: Navigation.MainFrame.NewNavigation.IgnoreRestore.IsHTTPOrHTTPS.LoaderStartToReceiveResponse.Time2 recorded 1 samples, mean = 801.0 (flags = 0x41)
0    ... 
752  -O                                                                        (1 = 100.0%) {0.0%}
894  ... 

Histogram: Navigation.MainFrame.NewNavigation.IgnoreRestore.IsHTTPOrHTTPS.NavigationStartToBeginNavigation.Time2 recorded 1 samples, mean = 2395.0 (flags = 0x41)
0     ... 
2117  -O                                                                        (1 = 100.0%) {0.0%}
2516  ... 

Histogram: Navigation.MainFrame.NewNavigation.IgnoreRestore.IsHTTPOrHTTPS.ReceiveHeaders.Time2 recorded 1 samples, mean = 527.0 (flags = 0x41)
0    ... 
449  -O                                                                        (1 = 100.0%) {0.0%}
533  ... 

Histogram: Navigation.MainFrame.NewNavigation.IgnoreRestore.IsHTTPOrHTTPS.ReceiveHeadersToReceiveResponse.Time2 recorded 1 samples, mean = 3.0 (flags = 0x41)
0  ... 
3  -O                                                                        (1 = 100.0%) {0.0%}
4  ... 

Histogram: Navigation.MainFrame.NewNavigation.IgnoreRestore.IsHTTPOrHTTPS.ReceiveResponseToCommitNavigation.Time2 recorded 1 samples, mean = 4.0 (flags = 0x41)
0  ... 
4  -O                                                                        (1 = 100.0%) {0.0%}
5  ... 

Histogram: Navigation.MainFrame.RendererInitiated.InitiatorFramePresentAtStart recorded 1 samples, mean = 0.0 (flags = 0x41)
0  -O                                                                        (1 = 100.0%)
1  ... 

Histogram: Navigation.MainFrame.SiteEngagementLevel recorded 1 samples, mean = 2.0 (flags = 0x41)
0  ... 
2  -O                                                                        (1 = 100.0%) {0.0%}
3  ... 

Histogram: Navigation.MainFrame.ThirdPartyCookieBlockingEnabled recorded 2 samples, mean = 0.0 (flags = 0x41)
0  --O                                                                       (2 = 100.0%)
1  ... 

Histogram: Navigation.MainFrameHasRTLDomain2 recorded 2 samples, mean = 0.0 (flags = 0x41)
0  --O                                                                       (2 = 100.0%)
1  ... 

Histogram: Navigation.MainFrameHasRTLDomainDifferentPage2 recorded 1 samples, mean = 0.0 (flags = 0x41)
0  -O                                                                        (1 = 100.0%)
1  ... 

Histogram: Navigation.MainFrameProfileType2 recorded 2 samples, mean = 0.0 (flags = 0x41)
0  --O                                                                       (2 = 100.0%)
1  ... 

Histogram: Navigation.MainFrameScheme2 recorded 2 samples, mean = 2.0 (flags = 0x41)
0  ... 
2  --O                                                                       (2 = 100.0%) {0.0%}
3  ... 

Histogram: Navigation.MainFrameSchemeDifferentPage2 recorded 1 samples, mean = 2.0 (flags = 0x41)
0  ... 
2  -O                                                                        (1 = 100.0%) {0.0%}
3  ... 

Histogram: Navigation.OnBeforeUnloadOverheadTime recorded 2 samples, mean = 1202.5 (flags = 0x41)
0     ... 
10    -O                                                                        (1 = 50.0%) {0.0%}
12    ... 
2117  -O                                                                        (1 = 50.0%) {50.0%}
2516  ... 

Histogram: Navigation.OnBeforeUnloadTotalTime recorded 2 samples, mean = 0.0 (flags = 0x41)
0  --O                                                                       (2 = 100.0%)
1  ... 

Histogram: Navigation.OriginAgentCluster.Result recorded 1 samples, mean = 9.0 (flags = 0x41)
0  ... 
9  -O                                                                        (1 = 100.0%) {0.0%}
10 O                                                                         (0 = 0.0%) {100.0%}

Histogram: Navigation.PendingCommit.DidBlockGetFrameHostForNavigation.Regular recorded 1 samples, mean = 0.0 (flags = 0x41)
0  -O                                                                        (1 = 100.0%)
1  ... 

Histogram: Navigation.PendingCommit.Duration.Regular recorded 1 samples, mean = 10.0 (flags = 0x41)
0   ... 
10  -O                                                                        (1 = 100.0%) {0.0%}
12  ... 

Histogram: Navigation.Preconnect.PreresolveJobQueueLength recorded 14 samples, mean = 0.5 (flags = 0x41)
0  -------O                                                                  (7 = 50.0%)
1  -------O                                                                  (7 = 50.0%) {50.0%}
2  ... 

Histogram: Navigation.Preconnect.PreresolveJobQueueingTime recorded 7 samples, mean = 0.0 (flags = 0x41)
0  -------O                                                                  (7 = 100.0%)
1  ... 

Histogram: Navigation.Preconnect.ProxyLookupCallbackQueueingTime recorded 7 samples, mean = 77.0 (flags = 0x41)
0    -O                                                                        (1 = 14.3%)
1    ... 
5    -O                                                                        (1 = 14.3%) {14.3%}
6    O                                                                         (0 = 0.0%) {28.6%}
7    --O                                                                       (2 = 28.6%) {28.6%}
8    -O                                                                        (1 = 14.3%) {57.1%}
10   ... 
226  --O                                                                       (2 = 28.6%) {71.4%}
268  ... 

Histogram: Navigation.Preconnect.ProxyLookupLatency recorded 7 samples, mean = 431.4 (flags = 0x41)
0     -O                                                                        (1 = 14.3%)
1     ... 
7     ---O                                                                      (3 = 42.9%) {14.3%}
8     -O                                                                        (1 = 14.3%) {57.1%}
10    ... 
226   -O                                                                        (1 = 14.3%) {71.4%}
268   ... 
2516  -O                                                                        (1 = 14.3%) {85.7%}
2990  ... 

Histogram: Navigation.Preconnect.ResolveHostCallbackQueueingTime recorded 7 samples, mean = 4.9 (flags = 0x41)
0  O                                                                         (0 = 0.0%)
1  --O                                                                       (2 = 28.6%) {0.0%}
2  O                                                                         (0 = 0.0%) {28.6%}
3  -O                                                                        (1 = 14.3%) {28.6%}
4  ... 
7  ---O                                                                      (3 = 42.9%) {42.9%}
8  -O                                                                        (1 = 14.3%) {85.7%}
10 ... 

Histogram: Navigation.Preconnect.ResolveHostLatency recorded 7 samples, mean = 39.0 (flags = 0x41)
0    O                                                                         (0 = 0.0%)
1    --O                                                                       (2 = 28.6%) {0.0%}
2    ... 
7    -O                                                                        (1 = 14.3%) {28.6%}
8    -O                                                                        (1 = 14.3%) {42.9%}
10   ... 
17   -O                                                                        (1 = 14.3%) {57.1%}
20   ... 
96   -O                                                                        (1 = 14.3%) {71.4%}
114  -O                                                                        (1 = 14.3%) {85.7%}
135  ... 

Histogram: Navigation.ProcessNavigationThrottlesTime.WillStartRequest.MainFrame recorded 2 samples, mean = 0.5 (flags = 0x41)
0  -O                                                                        (1 = 50.0%)
1  -O                                                                        (1 = 50.0%) {50.0%}
2  ... 

Histogram: Navigation.QueueTime.OnReceiveRedirect.MainFrame recorded 1 samples, mean = 36.0 (flags = 0x41)
0   ... 
34  -O                                                                        (1 = 100.0%) {0.0%}
40  ... 

Histogram: Navigation.QueueTime.OnReceiveResponse.MainFrame recorded 1 samples, mean = 1.0 (flags = 0x41)
0  O                                                                         (0 = 0.0%)
1  -O                                                                        (1 = 100.0%) {0.0%}
2  ... 

Histogram: Navigation.ReadyToCommitUntilCommit2 recorded 1 samples, mean = 10.0 (flags = 0x41)
0   ... 
10  -O                                                                        (1 = 100.0%) {0.0%}
13  ... 

Histogram: Navigation.ReadyToCommitUntilCommit2.ForegroundProcessPriority recorded 1 samples, mean = 10.0 (flags = 0x41)
0   ... 
10  -O                                                                        (1 = 100.0%) {0.0%}
13  ... 

Histogram: Navigation.ReadyToCommitUntilCommit2.NewNavigation recorded 1 samples, mean = 10.0 (flags = 0x41)
0   ... 
10  -O                                                                        (1 = 100.0%) {0.0%}
13  ... 

Histogram: Navigation.RegisterNavigationThrottlesTime.MainFrame recorded 2 samples, mean = 0.0 (flags = 0x41)
0  --O                                                                       (2 = 100.0%)
1  ... 

Histogram: Navigation.RenderFrameDelete recorded 1 samples, mean = 0.0 (flags = 0x41)
0  -O                                                                        (1 = 100.0%)
1  ... 

Histogram: Navigation.RenderFrameHostConstructor recorded 4 samples, mean = 0.0 (flags = 0x41)
0  ----O                                                                     (4 = 100.0%)
1  ... 

Histogram: Navigation.RenderFrameHostDestructor recorded 4 samples, mean = 0.0 (flags = 0x41)
0  ----O                                                                     (4 = 100.0%)
1  ... 

Histogram: Navigation.RenderViewHostConstructor recorded 2 samples, mean = 0.0 (flags = 0x41)
0  --O                                                                       (2 = 100.0%)
1  ... 

Histogram: Navigation.RenderViewHostDestructor recorded 2 samples, mean = 0.0 (flags = 0x41)
0  --O                                                                       (2 = 100.0%)
1  ... 

Histogram: Navigation.RenderWidgetHostConstructor recorded 2 samples, mean = 0.0 (flags = 0x41)
0  --O                                                                       (2 = 100.0%)
1  ... 

Histogram: Navigation.RenderWidgetHostDestructor recorded 2 samples, mean = 0.0 (flags = 0x41)
0  --O                                                                       (2 = 100.0%)
1  ... 

Histogram: Navigation.RendererCommitDelay.MainFrame recorded 1 samples, mean = 3.0 (flags = 0x41)
0  ... 
3  -O                                                                        (1 = 100.0%) {0.0%}
4  ... 

Histogram: Navigation.RendererCommitQueueTime.MainFrame recorded 1 samples, mean = 2.0 (flags = 0x41)
0  ... 
2  -O                                                                        (1 = 100.0%) {0.0%}
3  ... 

Histogram: Navigation.RendererDidNavigateTime.MainFrame recorded 1 samples, mean = 0.0 (flags = 0x41)
0  -O                                                                        (1 = 100.0%)
1  ... 

Histogram: Navigation.RendererDidNavigateTime.Subframe recorded 2 samples, mean = 0.0 (flags = 0x41)
0  --O                                                                       (2 = 100.0%)
1  ... 

Histogram: Navigation.RequiresDedicatedProcess recorded 1 samples, mean = 1.0 (flags = 0x41)
0  O                                                                         (0 = 0.0%)
1  -O                                                                        (1 = 100.0%) {0.0%}
2  O                                                                         (0 = 0.0%) {100.0%}

Histogram: Navigation.RequiresDedicatedProcess.HTTPOrHTTPS recorded 1 samples, mean = 1.0 (flags = 0x41)
0  O                                                                         (0 = 0.0%)
1  -O                                                                        (1 = 100.0%) {0.0%}
2  O                                                                         (0 = 0.0%) {100.0%}

Histogram: Navigation.SameDocumentNavigationWithScreenshot recorded 1 samples, mean = 0.0 (flags = 0x41)
0  -O                                                                        (1 = 100.0%)
1  ... 

Histogram: Navigation.SendCommitNavigationTime.MainFrame recorded 1 samples, mean = 0.0 (flags = 0x41)
0  -O                                                                        (1 = 100.0%)
1  ... 

Histogram: Navigation.StartToCommit recorded 3 samples, mean = 1070.3 (flags = 0x41)
0     --O                                                                       (2 = 66.7%)
1     ... 
3069  -O                                                                        (1 = 33.3%) {66.7%}
3900  ... 

Histogram: Navigation.StartToCommit.CrossProcess recorded 1 samples, mean = 3211.0 (flags = 0x41)
0     ... 
3069  -O                                                                        (1 = 100.0%) {0.0%}
3900  ... 

Histogram: Navigation.StartToCommit.CrossProcess.ForegroundProcessPriority recorded 1 samples, mean = 3211.0 (flags = 0x41)
0     ... 
3069  -O                                                                        (1 = 100.0%) {0.0%}
3900  ... 

Histogram: Navigation.StartToCommit.CrossProcess.MainFrame recorded 1 samples, mean = 3211.0 (flags = 0x41)
0     ... 
3069  -O                                                                        (1 = 100.0%) {0.0%}
3900  ... 

Histogram: Navigation.StartToCommit.CrossProcess.MainFrame.ForegroundProcessPriority recorded 1 samples, mean = 3211.0 (flags = 0x41)
0     ... 
3069  -O                                                                        (1 = 100.0%) {0.0%}
3900  ... 

Histogram: Navigation.StartToCommit.CrossProcess.MainFrame.NewNavigation recorded 1 samples, mean = 3211.0 (flags = 0x41)
0     ... 
3069  -O                                                                        (1 = 100.0%) {0.0%}
3900  ... 

Histogram: Navigation.StartToCommit.CrossProcess.NewNavigation recorded 1 samples, mean = 3211.0 (flags = 0x41)
0     ... 
3069  -O                                                                        (1 = 100.0%) {0.0%}
3900  ... 

Histogram: Navigation.StartToCommit.ForegroundProcessPriority recorded 3 samples, mean = 1070.3 (flags = 0x41)
0     --O                                                                       (2 = 66.7%)
1     ... 
3069  -O                                                                        (1 = 33.3%) {66.7%}
3900  ... 

Histogram: Navigation.StartToCommit.MainFrame recorded 1 samples, mean = 3211.0 (flags = 0x41)
0     ... 
3069  -O                                                                        (1 = 100.0%) {0.0%}
3900  ... 

Histogram: Navigation.StartToCommit.MainFrame.ForegroundProcessPriority recorded 1 samples, mean = 3211.0 (flags = 0x41)
0     ... 
3069  -O                                                                        (1 = 100.0%) {0.0%}
3900  ... 

Histogram: Navigation.StartToCommit.MainFrame.NewNavigation recorded 1 samples, mean = 3211.0 (flags = 0x41)
0     ... 
3069  -O                                                                        (1 = 100.0%) {0.0%}
3900  ... 

Histogram: Navigation.StartToCommit.NewNavigation recorded 3 samples, mean = 1070.3 (flags = 0x41)
0     --O                                                                       (2 = 66.7%)
1     ... 
3069  -O                                                                        (1 = 33.3%) {66.7%}
3900  ... 

Histogram: Navigation.StartToCommit.SameProcess recorded 2 samples, mean = 0.0 (flags = 0x41)
0  --O                                                                       (2 = 100.0%)
1  ... 

Histogram: Navigation.StartToCommit.SameProcess.ForegroundProcessPriority recorded 2 samples, mean = 0.0 (flags = 0x41)
0  --O                                                                       (2 = 100.0%)
1  ... 

Histogram: Navigation.StartToCommit.SameProcess.NewNavigation recorded 2 samples, mean = 0.0 (flags = 0x41)
0  --O                                                                       (2 = 100.0%)
1  ... 

Histogram: Navigation.StartToCommit.SameProcess.Subframe recorded 2 samples, mean = 0.0 (flags = 0x41)
0  --O                                                                       (2 = 100.0%)
1  ... 

Histogram: Navigation.StartToCommit.SameProcess.Subframe.ForegroundProcessPriority recorded 2 samples, mean = 0.0 (flags = 0x41)
0  --O                                                                       (2 = 100.0%)
1  ... 

Histogram: Navigation.StartToCommit.SameProcess.Subframe.NewNavigation recorded 2 samples, mean = 0.0 (flags = 0x41)
0  --O                                                                       (2 = 100.0%)
1  ... 

Histogram: Navigation.StartToCommit.Subframe recorded 2 samples, mean = 0.0 (flags = 0x41)
0  --O                                                                       (2 = 100.0%)
1  ... 

Histogram: Navigation.StartToCommit.Subframe.ForegroundProcessPriority recorded 2 samples, mean = 0.0 (flags = 0x41)
0  --O                                                                       (2 = 100.0%)
1  ... 

Histogram: Navigation.StartToCommit.Subframe.NewNavigation recorded 2 samples, mean = 0.0 (flags = 0x41)
0  --O                                                                       (2 = 100.0%)
1  ... 

Histogram: Navigation.SuddenTerminationDisabler.AllOrigins recorded 1 samples, mean = 13.0 (flags = 0x41)
0   ... 
13  -O                                                                        (1 = 100.0%) {0.0%}
14  ... 

Histogram: Navigation.SuddenTerminationDisabler.SameOrigin recorded 1 samples, mean = 13.0 (flags = 0x41)
0   ... 
13  -O                                                                        (1 = 100.0%) {0.0%}
14  ... 

Histogram: Navigation.SwapRFHToCompositorCreation recorded 1 samples, mean = 13.0 (flags = 0x41)
0   ... 
12  -O                                                                        (1 = 100.0%) {0.0%}
16  ... 

Histogram: Navigation.ThrottleCount recorded 2 samples, mean = 20.0 (flags = 0x41)
0   ... 
20  --O                                                                       (2 = 100.0%) {0.0%}
21  ... 

Histogram: Navigation.ThrottleEventDurationTime.WillProcessResponse recorded 1 samples, mean = 0.0 (flags = 0x41)
0  -O                                                                        (1 = 100.0%)
1  ... 

Histogram: Navigation.ThrottleEventDurationTime.WillRedirectRequest recorded 1 samples, mean = 0.0 (flags = 0x41)
0  -O                                                                        (1 = 100.0%)
1  ... 

Histogram: Navigation.ThrottleEventDurationTime.WillStartRequest recorded 2 samples, mean = 0.0 (flags = 0x41)
0  --O                                                                       (2 = 100.0%)
1  ... 

Histogram: Navigation.ThrottleEventExecutionTime.WillProcessResponse recorded 1 samples, mean = 0.0 (flags = 0x41)
0  -O                                                                        (1 = 100.0%)
1  ... 

Histogram: Navigation.ThrottleEventExecutionTime.WillRedirectRequest recorded 1 samples, mean = 0.0 (flags = 0x41)
0  -O                                                                        (1 = 100.0%)
1  ... 

Histogram: Navigation.ThrottleEventExecutionTime.WillStartRequest recorded 2 samples, mean = 0.0 (flags = 0x41)
0  --O                                                                       (2 = 100.0%)
1  ... 

Histogram: Navigation.ThrottleExecutionTime.WillProcessResponse recorded 20 samples, mean = 0.0 (flags = 0x41)
0  --------------------O                                                     (20 = 100.0%)
1  ... 

Histogram: Navigation.ThrottleExecutionTime.WillRedirectRequest recorded 20 samples, mean = 0.0 (flags = 0x41)
0  --------------------O                                                     (20 = 100.0%)
1  ... 

Histogram: Navigation.ThrottleExecutionTime.WillStartRequest recorded 40 samples, mean = 0.0 (flags = 0x41)
0  ----------------------------------------O                                 (40 = 100.0%)
1  ... 

Histogram: Navigation.ThrottleTotalDeferCount recorded 5 samples, mean = 0.0 (flags = 0x41)
0  -----O                                                                    (5 = 100.0%)
1  ... 

Histogram: Navigation.ThrottleTotalDeferCount.Request recorded 5 samples, mean = 0.0 (flags = 0x41)
0  -----O                                                                    (5 = 100.0%)
1  ... 

Histogram: Navigation.ThrottleTotalDeferTime recorded 5 samples, mean = 0.0 (flags = 0x41)
0  -----O                                                                    (5 = 100.0%)
1  ... 

Histogram: Navigation.ThrottleTotalDeferTime.Request recorded 5 samples, mean = 0.0 (flags = 0x41)
0  -----O                                                                    (5 = 100.0%)
1  ... 

Histogram: Navigation.Throttles.PolicyBlocklist.DeferDurationTime recorded 2 samples, mean = 0.0 (flags = 0x41)
0  --O                                                                       (2 = 100.0%)
1  ... 

Histogram: Navigation.Throttles.PolicyBlocklist.RequestThrottleAction recorded 2 samples, mean = 2.5 (flags = 0x41)
0  O                                                                         (0 = 0.0%)
1  -O                                                                        (1 = 50.0%) {0.0%}
2  ... 
4  -O                                                                        (1 = 50.0%) {50.0%}
5  ... 

Histogram: Navigation.Throttles.PolicyBlocklist.RequestToResponseTime recorded 1 samples, mean = 0.0 (flags = 0x41)
0  -O                                                                        (1 = 100.0%)
1  ... 

Histogram: Navigation.TimeToReadyToCommit2 recorded 1 samples, mean = 3201.0 (flags = 0x41)
0     ... 
3069  -O                                                                        (1 = 100.0%) {0.0%}
3900  ... 

Histogram: Navigation.TimeToReadyToCommit2.CrossProcess recorded 1 samples, mean = 3201.0 (flags = 0x41)
0     ... 
3069  -O                                                                        (1 = 100.0%) {0.0%}
3900  ... 

Histogram: Navigation.TimeToReadyToCommit2.CrossProcess.NewNavigation recorded 1 samples, mean = 3201.0 (flags = 0x41)
0     ... 
3069  -O                                                                        (1 = 100.0%) {0.0%}
3900  ... 

Histogram: Navigation.TimeToReadyToCommit2.MainFrame recorded 1 samples, mean = 3201.0 (flags = 0x41)
0     ... 
3069  -O                                                                        (1 = 100.0%) {0.0%}
3900  ... 

Histogram: Navigation.TimeToReadyToCommit2.MainFrame.NewNavigation recorded 1 samples, mean = 3201.0 (flags = 0x41)
0     ... 
3069  -O                                                                        (1 = 100.0%) {0.0%}
3900  ... 

Histogram: Navigation.TimeToReadyToCommit2.NewNavigation recorded 1 samples, mean = 3201.0 (flags = 0x41)
0     ... 
3069  -O                                                                        (1 = 100.0%) {0.0%}
3900  ... 

Histogram: Navigation.Unload recorded 1 samples, mean = 0.0 (flags = 0x41)
0  -O                                                                        (1 = 100.0%)
1  ... 

Histogram: Navigation.UserAgentStringType recorded 4 samples, mean = 1.0 (flags = 0x41)
0  O                                                                         (0 = 0.0%)
1  ----O                                                                     (4 = 100.0%) {0.0%}
2  ... 

Histogram: Navigation.WillStartRequestToLoaderStart.MainFrame recorded 2 samples, mean = 0.5 (flags = 0x41)
0  -O                                                                        (1 = 50.0%)
1  -O                                                                        (1 = 50.0%) {50.0%}
2  ... 

Histogram: NavigationPredictor.SearchEnginePreconnector.IsBrowserAppLikelyInForeground recorded 47 samples, mean = 0.0 (flags = 0x41)
0  ---------------------------------------------O                            (45 = 95.7%)
1  --O                                                                       (2 = 4.3%) {95.7%}
2  O                                                                         (0 = 0.0%) {100.0%}

Histogram: NavigationSuggestion.GetDomainInfoDelayBeforeAllowingNavigation recorded 1 samples, mean = 0.0 (flags = 0x41)
0  -O                                                                        (1 = 100.0%)
1  ... 

Histogram: NavigationSuggestion.IsLookalikeUrlDelayBeforeAllowingNavigation recorded 1 samples, mean = 0.0 (flags = 0x41)
0  -O                                                                        (1 = 100.0%)
1  ... 

Histogram: NavigationSuggestion.PerformChecksDelayBeforeAllowingNavigation recorded 1 samples, mean = 0.0 (flags = 0x41)
0  -O                                                                        (1 = 100.0%)
1  ... 

Histogram: Net.AlternateProtocolUsage recorded 44 samples, mean = 3.1 (flags = 0x41)
0  --------O                                                                 (8 = 18.2%)
1  -----------------O                                                        (17 = 38.6%) {18.2%}
2  -O                                                                        (1 = 2.3%) {56.8%}
3  --O                                                                       (2 = 4.5%) {59.1%}
4  ... 
6  -O                                                                        (1 = 2.3%) {63.6%}
7  ---------------O                                                          (15 = 34.1%) {65.9%}
8  O                                                                         (0 = 0.0%) {100.0%}

Histogram: Net.AlternateProtocolUsageGoogle recorded 19 samples, mean = 1.5 (flags = 0x41)
0  O                                                                         (0 = 0.0%)
1  ----------------O                                                         (16 = 84.2%) {0.0%}
2  -O                                                                        (1 = 5.3%) {84.2%}
3  -O                                                                        (1 = 5.3%) {89.5%}
4  ... 
7  -O                                                                        (1 = 5.3%) {94.7%}
8  O                                                                         (0 = 0.0%) {100.0%}

Histogram: Net.AlternativeServiceTypeForRequest recorded 51 samples, mean = 0.6 (flags = 0x41)
0  -------------------O                                                      (19 = 37.3%)
1  --------------------------------O                                         (32 = 62.7%) {37.3%}
2  ... 

Histogram: Net.CertVerifier.PathBuilderIterationCount recorded 12 samples, mean = 2.0 (flags = 0x41)
0  ... 
2  ------------O                                                             (12 = 100.0%) {0.0%}
3  ... 

Histogram: Net.CertVerifier_First_Job_Latency recorded 1 samples, mean = 49.0 (flags = 0x41)
0   ... 
48  -O                                                                        (1 = 100.0%) {0.0%}
54  ... 

Histogram: Net.CertVerifier_Job_Latency recorded 12 samples, mean = 109.8 (flags = 0x41)
0    ... 
8    -O                                                                        (1 = 8.3%) {0.0%}
9    O                                                                         (0 = 0.0%) {8.3%}
10   --O                                                                       (2 = 16.7%) {8.3%}
11   O                                                                         (0 = 0.0%) {25.0%}
12   ----O                                                                     (4 = 33.3%) {25.0%}
14   O                                                                         (0 = 0.0%) {58.3%}
16   --O                                                                       (2 = 16.7%) {58.3%}
18   ... 
48   -O                                                                        (1 = 8.3%) {75.0%}
54   ... 
505  -O                                                                        (1 = 8.3%) {83.3%}
572  -O                                                                        (1 = 8.3%) {91.7%}
648  ... 

Histogram: Net.Certificate.TrustAnchor.Request recorded 42 samples (flags = 0x41)
200  -O                                                                        (1 = 2.4%)
210  ------------O                                                             (12 = 28.6%)
483  -----------------O                                                        (17 = 40.5%)
486  ------------O                                                             (12 = 28.6%)

Histogram: Net.Certificate.TrustAnchor.Verify recorded 12 samples (flags = 0x41)
200  -O                                                                        (1 = 8.3%)
210  ---O                                                                      (3 = 25.0%)
483  ---O                                                                      (3 = 25.0%)
486  -----O                                                                    (5 = 41.7%)

Histogram: Net.ConnectionInfo.MainFrame recorded 1 samples, mean = 40.0 (flags = 0x41)
0   ... 
40  -O                                                                        (1 = 100.0%) {0.0%}
41  ... 

Histogram: Net.ConnectionInfo.SubResource recorded 21 samples, mean = 17.6 (flags = 0x41)
0   O                                                                         (0 = 0.0%)
1   -O                                                                        (1 = 4.8%) {0.0%}
2   ... 
4   ------------O                                                             (12 = 57.1%) {4.8%}
5   ... 
40  --------O                                                                 (8 = 38.1%) {61.9%}
41  ... 

Histogram: Net.ContentEncodingType recorded 68 samples, mean = 0.6 (flags = 0x41)
0  -----------------------------O                                            (29 = 42.6%)
1  -----------------------------------O                                      (35 = 51.5%) {42.6%}
2  ----O                                                                     (4 = 5.9%) {94.1%}
3  ... 

Histogram: Net.Cors.AccessCheckResult recorded 9 samples, mean = 0.0 (flags = 0x41)
0  ---------O                                                                (9 = 100.0%)
1  ... 

Histogram: Net.CountOfQuicServerInfos recorded 1 samples, mean = 0.0 (flags = 0x41)
0  -O                                                                        (1 = 100.0%)
1  ... 

Histogram: Net.DNS.DnsConfig.DnsClientCapability recorded 58 samples, mean = 1.0 (flags = 0x41)
0  O                                                                         (0 = 0.0%)
1  ----------------------------------------------------------O               (58 = 100.0%) {0.0%}
2  ... 

Histogram: Net.DNS.DnsConfig.SecureDnsMode recorded 1 samples, mean = 4.0 (flags = 0x41)
0  ... 
4  -O                                                                        (1 = 100.0%) {0.0%}
5  ... 

Histogram: Net.DNS.DnsConfig.Windows.Compatibility recorded 37 samples, mean = 0.0 (flags = 0x41)
0  -------------------------------------O                                    (37 = 100.0%)
1  ... 

Histogram: Net.DNS.DnsConfig.Windows.ReadSystemSettings0 recorded 20 samples, mean = 1.6 (flags = 0x41)
0   -----------------O                                                        (17 = 85.0%)
1   ... 
11  ---O                                                                      (3 = 15.0%) {85.0%}
12  O                                                                         (0 = 0.0%) {100.0%}

Histogram: Net.DNS.DnsHosts.Count recorded 10 samples, mean = 3.0 (flags = 0x41)
0  ... 
3  ----------O                                                               (10 = 100.0%) {0.0%}
4  ... 

Histogram: Net.DNS.DnsHosts.EstimateMemoryUsage recorded 10 samples, mean = 352.0 (flags = 0x41)
0  ----------O                                                               (10 = 100.0%)
1000... 

Histogram: Net.DNS.DnsHosts.FileSize recorded 10 samples, mean = 946.0 (flags = 0x41)
0    ... 
737  ----------O                                                               (10 = 100.0%) {0.0%}
1065 ... 

Histogram: Net.DNS.DnsTask.SuccessTime recorded 24 samples, mean = 111.2 (flags = 0x41)
0     ... 
7     -O                                                                        (1 = 4.2%) {0.0%}
8     -O                                                                        (1 = 4.2%) {4.2%}
9     O                                                                         (0 = 0.0%) {8.3%}
10    -O                                                                        (1 = 4.2%) {8.3%}
12    O                                                                         (0 = 0.0%) {12.5%}
14    --O                                                                       (2 = 8.3%) {12.5%}
16    -O                                                                        (1 = 4.2%) {20.8%}
18    --O                                                                       (2 = 8.3%) {25.0%}
21    --O                                                                       (2 = 8.3%) {33.3%}
24    ... 
32    -O                                                                        (1 = 4.2%) {41.7%}
37    O                                                                         (0 = 0.0%) {45.8%}
43    -O                                                                        (1 = 4.2%) {45.8%}
50    ---O                                                                      (3 = 12.5%) {50.0%}
58    ---O                                                                      (3 = 12.5%) {62.5%}
67    O                                                                         (0 = 0.0%) {75.0%}
77    --O                                                                       (2 = 8.3%) {75.0%}
89    O                                                                         (0 = 0.0%) {83.3%}
103   -O                                                                        (1 = 4.2%) {83.3%}
119   -O                                                                        (1 = 4.2%) {87.5%}
137   ... 
495   -O                                                                        (1 = 4.2%) {91.7%}
571   ... 
1013  -O                                                                        (1 = 4.2%) {95.8%}
1169  ... 

Histogram: Net.DNS.DnsTask.SvcbHttpsTransactionError recorded 15 samples, mean = 0.0 (flags = 0x41)
0  ---------------O                                                          (15 = 100.0%)
1  ... 

Histogram: Net.DNS.DnsTransaction.AttemptType recorded 52 samples, mean = 0.0 (flags = 0x41)
0  ----------------------------------------------------O                     (52 = 100.0%)
1  ... 

Histogram: Net.DNS.DnsTransaction.Insecure.Other.SuccessTime recorded 39 samples, mean = 58.3 (flags = 0x41)
0    ... 
5    -O                                                                        (1 = 2.6%) {0.0%}
6    ---------O                                                                (9 = 23.1%) {2.6%}
8    ---O                                                                      (3 = 7.7%) {25.6%}
10   --O                                                                       (2 = 5.1%) {33.3%}
13   -O                                                                        (1 = 2.6%) {38.5%}
16   -O                                                                        (1 = 2.6%) {41.0%}
20   ... 
41   --O                                                                       (2 = 5.1%) {43.6%}
52   ----------O                                                               (10 = 25.6%) {48.7%}
66   -O                                                                        (1 = 2.6%) {74.4%}
84   ----O                                                                     (4 = 10.3%) {76.9%}
107  ----O                                                                     (4 = 10.3%) {87.2%}
136  ... 
452  -O                                                                        (1 = 2.6%) {97.4%}
574  ... 

Histogram: Net.DNS.H3SupportedGoogleHost.TaskTypeMetadataAvailability2 recorded 1 samples, mean = 2.0 (flags = 0x41)
0  ... 
2  -O                                                                        (1 = 100.0%) {0.0%}
3  ... 

Histogram: Net.DNS.HTTPSSVC.RecordHttps.Insecure.ExpectNoerror.DnsRcode recorded 24 samples, mean = 1.9 (flags = 0x41)
0  ---------O                                                                (9 = 37.5%)
1  ... 
3  ---------------O                                                          (15 = 62.5%) {37.5%}
4  ... 

Histogram: Net.DNS.HTTPSSVC.RecordHttps.Insecure.ExpectNoerror.Parsable recorded 3 samples, mean = 1.0 (flags = 0x41)
0  O                                                                         (0 = 0.0%)
1  ---O                                                                      (3 = 100.0%) {0.0%}
2  O                                                                         (0 = 0.0%) {100.0%}

Histogram: Net.DNS.HTTPSSVC.RecordHttps.Insecure.ExpectNoerror.ResolveTimeAddress recorded 24 samples, mean = 104.2 (flags = 0x41)
0    ... 
5    -O                                                                        (1 = 4.2%) {0.0%}
6    ----O                                                                     (4 = 16.7%) {4.2%}
8    ---O                                                                      (3 = 12.5%) {20.8%}
10   -O                                                                        (1 = 4.2%) {33.3%}
13   -O                                                                        (1 = 4.2%) {37.5%}
16   -O                                                                        (1 = 4.2%) {41.7%}
20   ... 
41   --O                                                                       (2 = 8.3%) {45.8%}
52   -----O                                                                    (5 = 20.8%) {54.2%}
66   -O                                                                        (1 = 4.2%) {75.0%}
84   --O                                                                       (2 = 8.3%) {79.2%}
107  -O                                                                        (1 = 4.2%) {87.5%}
136  ... 
452  -O                                                                        (1 = 4.2%) {91.7%}
574  ... 
926  -O                                                                        (1 = 4.2%) {95.8%}
1177 ... 

Histogram: Net.DNS.HTTPSSVC.RecordHttps.Insecure.ExpectNoerror.ResolveTimeExperimental recorded 24 samples, mean = 85.4 (flags = 0x41)
0    ... 
6    ----O                                                                     (4 = 16.7%) {0.0%}
8    -O                                                                        (1 = 4.2%) {16.7%}
10   -O                                                                        (1 = 4.2%) {20.8%}
13   --O                                                                       (2 = 8.3%) {25.0%}
16   --O                                                                       (2 = 8.3%) {33.3%}
20   ---O                                                                      (3 = 12.5%) {41.7%}
25   O                                                                         (0 = 0.0%) {54.2%}
32   -O                                                                        (1 = 4.2%) {54.2%}
41   O                                                                         (0 = 0.0%) {58.3%}
52   ------O                                                                   (6 = 25.0%) {58.3%}
66   O                                                                         (0 = 0.0%) {83.3%}
84   -O                                                                        (1 = 4.2%) {83.3%}
107  --O                                                                       (2 = 8.3%) {87.5%}
136  ... 
926  -O                                                                        (1 = 4.2%) {95.8%}
1177 ... 

Histogram: Net.DNS.HTTPSSVC.RecordHttps.Insecure.ExpectNoerror.ResolveTimeRatio recorded 24 samples, mean = 12.5 (flags = 0x41)
0   O                                                                         (0 = 0.0%)
1   ----O                                                                     (4 = 16.7%) {0.0%}
2   ... 
7   -O                                                                        (1 = 4.2%) {16.7%}
8   ... 
10  ------O                                                                   (6 = 25.0%) {20.8%}
11  ----O                                                                     (4 = 16.7%) {45.8%}
12  O                                                                         (0 = 0.0%) {62.5%}
13  -O                                                                        (1 = 4.2%) {62.5%}
14  -O                                                                        (1 = 4.2%) {66.7%}
15  --O                                                                       (2 = 8.3%) {70.8%}
16  ... 
19  -O                                                                        (1 = 4.2%) {79.2%}
20  ----O                                                                     (4 = 16.7%) {83.3%}

Histogram: Net.DNS.JobQueueTime.PerTransaction recorded 50 samples, mean = 0.0 (flags = 0x41)
0  --------------------------------------------------O                       (50 = 100.0%)
1  ... 

Histogram: Net.DNS.JobQueueTime.Success recorded 24 samples, mean = 0.0 (flags = 0x41)
0  ------------------------O                                                 (24 = 100.0%)
1  ... 

Histogram: Net.DNS.Request.TotalTime recorded 214 samples, mean = 12.9 (flags = 0x41)
0     ------------------------------------------------------------------------O (192 = 89.7%)
10    O                                                                         (1 = 0.5%) {89.7%}
12    O                                                                         (0 = 0.0%) {90.2%}
15    -O                                                                        (2 = 0.9%) {90.2%}
18    -O                                                                        (3 = 1.4%) {91.1%}
22    O                                                                         (1 = 0.5%) {92.5%}
27    O                                                                         (0 = 0.0%) {93.0%}
33    O                                                                         (1 = 0.5%) {93.0%}
41    O                                                                         (1 = 0.5%) {93.5%}
50    -O                                                                        (3 = 1.4%) {93.9%}
61    --O                                                                       (4 = 1.9%) {95.3%}
75    -O                                                                        (2 = 0.9%) {97.2%}
92    O                                                                         (1 = 0.5%) {98.1%}
113   O                                                                         (1 = 0.5%) {98.6%}
139   ... 
477   O                                                                         (1 = 0.5%) {99.1%}
585   ... 
1081  O                                                                         (1 = 0.5%) {99.5%}
1326  ... 

Histogram: Net.DNS.Request.TotalTimeAsync recorded 46 samples, mean = 59.8 (flags = 0x41)
0     ------------------------O                                                 (24 = 52.2%)
10    -O                                                                        (1 = 2.2%) {52.2%}
12    O                                                                         (0 = 0.0%) {54.3%}
15    --O                                                                       (2 = 4.3%) {54.3%}
18    ---O                                                                      (3 = 6.5%) {58.7%}
22    -O                                                                        (1 = 2.2%) {65.2%}
27    O                                                                         (0 = 0.0%) {67.4%}
33    -O                                                                        (1 = 2.2%) {67.4%}
41    -O                                                                        (1 = 2.2%) {69.6%}
50    ---O                                                                      (3 = 6.5%) {71.7%}
61    ----O                                                                     (4 = 8.7%) {78.3%}
75    --O                                                                       (2 = 4.3%) {87.0%}
92    -O                                                                        (1 = 2.2%) {91.3%}
113   -O                                                                        (1 = 2.2%) {93.5%}
139   ... 
477   -O                                                                        (1 = 2.2%) {95.7%}
585   ... 
1081  -O                                                                        (1 = 2.2%) {97.8%}
1326  ... 

Histogram: Net.DNS.ResolveCategory recorded 47 samples, mean = 0.6 (flags = 0x41)
0  -----------------------O                                                  (23 = 48.9%)
1  ----------------------O                                                   (22 = 46.8%) {48.9%}
2  -O                                                                        (1 = 2.1%) {95.7%}
3  O                                                                         (0 = 0.0%) {97.9%}
4  -O                                                                        (1 = 2.1%) {97.9%}
5  ... 

Histogram: Net.DNS.ResolveError.Fast recorded 22 samples (flags = 0x41)
105  -------------------O                                                      (19 = 86.4%)
106  ---O                                                                      (3 = 13.6%)

Histogram: Net.DNS.ResolveError.Slow recorded 1 samples (flags = 0x41)
21  -O                                                                        (1 = 100.0%)

Histogram: Net.DNS.ResolveFailureTime recorded 22 samples, mean = 1.5 (flags = 0x41)
0  -------------O                                                            (13 = 59.1%)
1  --O                                                                       (2 = 9.1%) {59.1%}
2  ---O                                                                      (3 = 13.6%) {68.2%}
3  O                                                                         (0 = 0.0%) {81.8%}
4  -O                                                                        (1 = 4.5%) {81.8%}
5  O                                                                         (0 = 0.0%) {86.4%}
6  -O                                                                        (1 = 4.5%) {86.4%}
7  --O                                                                       (2 = 9.1%) {90.9%}
8  ... 

Histogram: Net.DNS.ResolveSuccessTime recorded 23 samples, mean = 115.4 (flags = 0x41)
0     ... 
7     -O                                                                        (1 = 4.3%) {0.0%}
8     -O                                                                        (1 = 4.3%) {4.3%}
9     O                                                                         (0 = 0.0%) {8.7%}
10    -O                                                                        (1 = 4.3%) {8.7%}
12    O                                                                         (0 = 0.0%) {13.0%}
14    -O                                                                        (1 = 4.3%) {13.0%}
16    -O                                                                        (1 = 4.3%) {17.4%}
18    --O                                                                       (2 = 8.7%) {21.7%}
21    --O                                                                       (2 = 8.7%) {30.4%}
24    ... 
32    -O                                                                        (1 = 4.3%) {39.1%}
37    O                                                                         (0 = 0.0%) {43.5%}
43    -O                                                                        (1 = 4.3%) {43.5%}
50    ---O                                                                      (3 = 13.0%) {47.8%}
58    ---O                                                                      (3 = 13.0%) {60.9%}
67    O                                                                         (0 = 0.0%) {73.9%}
77    --O                                                                       (2 = 8.7%) {73.9%}
89    O                                                                         (0 = 0.0%) {82.6%}
103   -O                                                                        (1 = 4.3%) {82.6%}
119   -O                                                                        (1 = 4.3%) {87.0%}
137   ... 
495   -O                                                                        (1 = 4.3%) {91.3%}
571   ... 
1013  -O                                                                        (1 = 4.3%) {95.7%}
1169  ... 

Histogram: Net.DNS.SystemTask.FailureTime recorded 22 samples, mean = 1.5 (flags = 0x41)
0  -------------O                                                            (13 = 59.1%)
1  --O                                                                       (2 = 9.1%) {59.1%}
2  ---O                                                                      (3 = 13.6%) {68.2%}
3  O                                                                         (0 = 0.0%) {81.8%}
4  -O                                                                        (1 = 4.5%) {81.8%}
5  O                                                                         (0 = 0.0%) {86.4%}
6  -O                                                                        (1 = 4.5%) {86.4%}
7  --O                                                                       (2 = 9.1%) {90.9%}
8  ... 

Histogram: Net.DNS.UpgradeConfig.HasPublicInsecureNameserver recorded 3 samples, mean = 0.0 (flags = 0x41)
0  ---O                                                                      (3 = 100.0%)
1  ... 

Histogram: Net.DNS.UpgradeConfig.Ineligible.DohSpecified recorded 1 samples, mean = 0.0 (flags = 0x41)
0  -O                                                                        (1 = 100.0%)
1  ... 

Histogram: Net.DNS.UpgradeConfig.Ineligible.UnhandledOptions recorded 1 samples, mean = 0.0 (flags = 0x41)
0  -O                                                                        (1 = 100.0%)
1  ... 

Histogram: Net.DNS.UpgradeConfig.InsecureUpgradeSucceeded recorded 3 samples, mean = 0.0 (flags = 0x41)
0  ---O                                                                      (3 = 100.0%)
1  ... 

Histogram: Net.DNS_Resolution_And_TCP_Connection_Latency2 recorded 12 samples, mean = 98.8 (flags = 0x41)
0    ... 
29   -O                                                                        (1 = 8.3%) {0.0%}
33   O                                                                         (0 = 0.0%) {8.3%}
37   -O                                                                        (1 = 8.3%) {8.3%}
42   O                                                                         (0 = 0.0%) {16.7%}
48   --O                                                                       (2 = 16.7%) {16.7%}
54   --O                                                                       (2 = 16.7%) {33.3%}
61   O                                                                         (0 = 0.0%) {50.0%}
69   --O                                                                       (2 = 16.7%) {50.0%}
78   ... 
145  -O                                                                        (1 = 8.3%) {66.7%}
164  -O                                                                        (1 = 8.3%) {75.0%}
186  -O                                                                        (1 = 8.3%) {83.3%}
211  -O                                                                        (1 = 8.3%) {91.7%}
239  ... 

Histogram: Net.ErrorCodesForMainFrame4 recorded 2 samples (flags = 0x41)
0  -O                                                                        (1 = 50.0%)
3  -O                                                                        (1 = 50.0%)

Histogram: Net.ErrorCodesForSubresources3 recorded 53 samples (flags = 0x41)
0    -------------------------------------------------O                        (49 = 92.5%)
400  ----O                                                                     (4 = 7.5%)

Histogram: Net.HttpJob.BytesReceived2 recorded 46 samples, mean = 18178.7 (flags = 0x41)
0       ----O                                                                     (4 = 8.7%)
1       ... 
56      -O                                                                        (1 = 2.2%) {8.7%}
80      ... 
340     ---O                                                                      (3 = 6.5%) {10.9%}
488     --O                                                                       (2 = 4.3%) {17.4%}
700     -O                                                                        (1 = 2.2%) {21.7%}
1004    ------------------O                                                       (18 = 39.1%) {23.9%}
1440    ... 
2961    ------O                                                                   (6 = 13.0%) {63.0%}
4246    -O                                                                        (1 = 2.2%) {76.1%}
6089    O                                                                         (0 = 0.0%) {78.3%}
8732    -O                                                                        (1 = 2.2%) {78.3%}
12523   O                                                                         (0 = 0.0%) {80.4%}
17959   --O                                                                       (2 = 4.3%) {80.4%}
25755   -O                                                                        (1 = 2.2%) {84.8%}
36935   ... 
75961   ----O                                                                     (4 = 8.7%) {87.0%}
108935  -O                                                                        (1 = 2.2%) {95.7%}
156223  -O                                                                        (1 = 2.2%) {97.8%}
224038  ... 

Histogram: Net.HttpJob.BytesSent2 recorded 46 samples, mean = 1036.4 (flags = 0x41)
0      ----O                                                                     (4 = 8.7%)
1      ... 
19     -O                                                                        (1 = 2.2%) {8.7%}
27     ... 
56     -O                                                                        (1 = 2.2%) {10.9%}
80     ----O                                                                     (4 = 8.7%) {13.0%}
115    O                                                                         (0 = 0.0%) {21.7%}
165    -O                                                                        (1 = 2.2%) {21.7%}
237    O                                                                         (0 = 0.0%) {23.9%}
340    -----O                                                                    (5 = 10.9%) {23.9%}
488    ---------O                                                                (9 = 19.6%) {34.8%}
700    --O                                                                       (2 = 4.3%) {54.3%}
1004   -----------------O                                                        (17 = 37.0%) {58.7%}
1440   -O                                                                        (1 = 2.2%) {95.7%}
2065   ... 
12523  -O                                                                        (1 = 2.2%) {97.8%}
17959  ... 

Histogram: Net.HttpJob.MainJobWaitTimeWithAvailableSpdySession recorded 2 samples, mean = 0.0 (flags = 0x41)
0  --O                                                                       (2 = 100.0%)
1  ... 

Histogram: Net.HttpJob.MainJobWaitTimeWithoutAvailableSpdySession recorded 23 samples, mean = 165.2 (flags = 0x41)
0    -O                                                                        (1 = 4.3%)
1    ... 
68   --O                                                                       (2 = 8.7%) {4.3%}
81   ----O                                                                     (4 = 17.4%) {13.0%}
96   --O                                                                       (2 = 8.7%) {30.4%}
114  --O                                                                       (2 = 8.7%) {39.1%}
135  --O                                                                       (2 = 8.7%) {47.8%}
160  --O                                                                       (2 = 8.7%) {56.5%}
190  O                                                                         (0 = 0.0%) {65.2%}
226  ---O                                                                      (3 = 13.0%) {65.2%}
268  -----O                                                                    (5 = 21.7%) {78.3%}
318  ... 

Histogram: Net.HttpJob.PrefilterBytesRead recorded 75 samples, mean = 18562.7 (flags = 0x41)
0       ---------O                                                                (9 = 12.0%)
1       ... 
13      -O                                                                        (1 = 1.3%) {12.0%}
19      -O                                                                        (1 = 1.3%) {13.3%}
27      O                                                                         (0 = 0.0%) {14.7%}
39      -O                                                                        (1 = 1.3%) {14.7%}
56      --O                                                                       (2 = 2.7%) {16.0%}
80      -O                                                                        (1 = 1.3%) {18.7%}
115     O                                                                         (0 = 0.0%) {20.0%}
165     -O                                                                        (1 = 1.3%) {20.0%}
237     O                                                                         (0 = 0.0%) {21.3%}
340     -O                                                                        (1 = 1.3%) {21.3%}
488     ----O                                                                     (4 = 5.3%) {22.7%}
700     ----O                                                                     (4 = 5.3%) {28.0%}
1004    ------------------O                                                       (18 = 24.0%) {33.3%}
1440    --O                                                                       (2 = 2.7%) {57.3%}
2065    ---O                                                                      (3 = 4.0%) {60.0%}
2961    --O                                                                       (2 = 2.7%) {64.0%}
4246    -O                                                                        (1 = 1.3%) {66.7%}
6089    -O                                                                        (1 = 1.3%) {68.0%}
8732    ---O                                                                      (3 = 4.0%) {69.3%}
12523   -O                                                                        (1 = 1.3%) {73.3%}
17959   -----O                                                                    (5 = 6.7%) {74.7%}
25755   --O                                                                       (2 = 2.7%) {81.3%}
36935   ----O                                                                     (4 = 5.3%) {84.0%}
52968   O                                                                         (0 = 0.0%) {89.3%}
75961   -----O                                                                    (5 = 6.7%) {89.3%}
108935  --O                                                                       (2 = 2.7%) {96.0%}
156223  -O                                                                        (1 = 1.3%) {98.7%}
224038  ... 

Histogram: Net.HttpJob.PrefilterBytesRead.Cache recorded 30 samples, mean = 19678.4 (flags = 0x41)
0       -O                                                                        (1 = 3.3%)
1       ... 
340     -O                                                                        (1 = 3.3%) {3.3%}
488     ----O                                                                     (4 = 13.3%) {6.7%}
700     ---O                                                                      (3 = 10.0%) {20.0%}
1004    -O                                                                        (1 = 3.3%) {30.0%}
1440    --O                                                                       (2 = 6.7%) {33.3%}
2065    -O                                                                        (1 = 3.3%) {40.0%}
2961    --O                                                                       (2 = 6.7%) {43.3%}
4246    -O                                                                        (1 = 3.3%) {50.0%}
6089    -O                                                                        (1 = 3.3%) {53.3%}
8732    --O                                                                       (2 = 6.7%) {56.7%}
12523   O                                                                         (0 = 0.0%) {63.3%}
17959   ---O                                                                      (3 = 10.0%) {63.3%}
25755   --O                                                                       (2 = 6.7%) {73.3%}
36935   ----O                                                                     (4 = 13.3%) {80.0%}
52968   O                                                                         (0 = 0.0%) {93.3%}
75961   -O                                                                        (1 = 3.3%) {93.3%}
108935  -O                                                                        (1 = 3.3%) {96.7%}
156223  ... 

Histogram: Net.HttpJob.PrefilterBytesRead.Net recorded 45 samples, mean = 17818.9 (flags = 0x41)
0       --------O                                                                 (8 = 17.8%)
1       ... 
13      -O                                                                        (1 = 2.2%) {17.8%}
19      -O                                                                        (1 = 2.2%) {20.0%}
27      O                                                                         (0 = 0.0%) {22.2%}
39      -O                                                                        (1 = 2.2%) {22.2%}
56      --O                                                                       (2 = 4.4%) {24.4%}
80      -O                                                                        (1 = 2.2%) {28.9%}
115     O                                                                         (0 = 0.0%) {31.1%}
165     -O                                                                        (1 = 2.2%) {31.1%}
237     ... 
700     -O                                                                        (1 = 2.2%) {33.3%}
1004    -----------------O                                                        (17 = 37.8%) {35.6%}
1440    O                                                                         (0 = 0.0%) {73.3%}
2065    --O                                                                       (2 = 4.4%) {73.3%}
2961    ... 
8732    -O                                                                        (1 = 2.2%) {77.8%}
12523   -O                                                                        (1 = 2.2%) {80.0%}
17959   --O                                                                       (2 = 4.4%) {82.2%}
25755   ... 
75961   ----O                                                                     (4 = 8.9%) {86.7%}
108935  -O                                                                        (1 = 2.2%) {95.6%}
156223  -O                                                                        (1 = 2.2%) {97.8%}
224038  ... 

Histogram: Net.HttpJob.ProxyTypeSuccess recorded 42 samples, mean = 1.0 (flags = 0x41)
0  O                                                                         (0 = 0.0%)
1  ------------------------------------------O                               (42 = 100.0%) {0.0%}
2  ... 

Histogram: Net.HttpJob.TotalTime recorded 75 samples, mean = 284.7 (flags = 0x41)
0     -------O                                                                  (7 = 9.3%)
1     --O                                                                       (2 = 2.7%) {9.3%}
2     O                                                                         (0 = 0.0%) {12.0%}
3     --O                                                                       (2 = 2.7%) {12.0%}
4     ----O                                                                     (4 = 5.3%) {14.7%}
5     ---O                                                                      (3 = 4.0%) {20.0%}
6     ---O                                                                      (3 = 4.0%) {24.0%}
7     O                                                                         (0 = 0.0%) {28.0%}
8     ---O                                                                      (3 = 4.0%) {28.0%}
10    ----O                                                                     (4 = 5.3%) {32.0%}
12    --O                                                                       (2 = 2.7%) {37.3%}
14    -O                                                                        (1 = 1.3%) {40.0%}
17    --O                                                                       (2 = 2.7%) {41.3%}
20    ... 
68    -O                                                                        (1 = 1.3%) {44.0%}
81    -O                                                                        (1 = 1.3%) {45.3%}
96    O                                                                         (0 = 0.0%) {46.7%}
114   -O                                                                        (1 = 1.3%) {46.7%}
135   -O                                                                        (1 = 1.3%) {48.0%}
160   O                                                                         (0 = 0.0%) {49.3%}
190   ---O                                                                      (3 = 4.0%) {49.3%}
226   -O                                                                        (1 = 1.3%) {53.3%}
268   ----O                                                                     (4 = 5.3%) {54.7%}
318   ---O                                                                      (3 = 4.0%) {60.0%}
378   ------O                                                                   (6 = 8.0%) {64.0%}
449   ----O                                                                     (4 = 5.3%) {72.0%}
533   ---------O                                                                (9 = 12.0%) {77.3%}
633   ---O                                                                      (3 = 4.0%) {89.3%}
752   -O                                                                        (1 = 1.3%) {93.3%}
894   --O                                                                       (2 = 2.7%) {94.7%}
1062  ... 
1500  --O                                                                       (2 = 2.7%) {97.3%}
1782  ... 

Histogram: Net.HttpJob.TotalTime.Secure.Quic recorded 16 samples, mean = 656.9 (flags = 0x41)
0     ... 
356   ---O                                                                      (3 = 18.8%) {0.0%}
452   ----O                                                                     (4 = 25.0%) {18.8%}
574   ------O                                                                   (6 = 37.5%) {43.8%}
729   -O                                                                        (1 = 6.2%) {81.2%}
926   -O                                                                        (1 = 6.2%) {87.5%}
1177  O                                                                         (0 = 0.0%) {93.8%}
1496  -O                                                                        (1 = 6.2%) {93.8%}
1901  ... 

Histogram: Net.HttpJob.TotalTime.TLS13.Google recorded 2 samples, mean = 643.5 (flags = 0x41)
0    ... 
318  -O                                                                        (1 = 50.0%) {0.0%}
378  ... 
894  -O                                                                        (1 = 50.0%) {50.0%}
1062 ... 

Histogram: Net.HttpJob.TotalTimeCached recorded 30 samples, mean = 20.8 (flags = 0x41)
0    ---O                                                                      (3 = 10.0%)
1    --O                                                                       (2 = 6.7%) {10.0%}
2    O                                                                         (0 = 0.0%) {16.7%}
3    --O                                                                       (2 = 6.7%) {16.7%}
4    ----O                                                                     (4 = 13.3%) {23.3%}
5    ---O                                                                      (3 = 10.0%) {36.7%}
6    ---O                                                                      (3 = 10.0%) {46.7%}
7    O                                                                         (0 = 0.0%) {56.7%}
8    ---O                                                                      (3 = 10.0%) {56.7%}
10   ----O                                                                     (4 = 13.3%) {66.7%}
12   --O                                                                       (2 = 6.7%) {80.0%}
14   -O                                                                        (1 = 3.3%) {86.7%}
17   --O                                                                       (2 = 6.7%) {90.0%}
20   ... 
378  -O                                                                        (1 = 3.3%) {96.7%}
449  ... 

Histogram: Net.HttpJob.TotalTimeCancel recorded 4 samples, mean = 0.0 (flags = 0x41)
0  ----O                                                                     (4 = 100.0%)
1  ... 

Histogram: Net.HttpJob.TotalTimeNotCached recorded 45 samples, mean = 460.7 (flags = 0x41)
0     ----O                                                                     (4 = 8.9%)
1     ... 
68    -O                                                                        (1 = 2.2%) {8.9%}
81    -O                                                                        (1 = 2.2%) {11.1%}
96    O                                                                         (0 = 0.0%) {13.3%}
114   -O                                                                        (1 = 2.2%) {13.3%}
135   -O                                                                        (1 = 2.2%) {15.6%}
160   O                                                                         (0 = 0.0%) {17.8%}
190   ---O                                                                      (3 = 6.7%) {17.8%}
226   -O                                                                        (1 = 2.2%) {24.4%}
268   ----O                                                                     (4 = 8.9%) {26.7%}
318   ---O                                                                      (3 = 6.7%) {35.6%}
378   -----O                                                                    (5 = 11.1%) {42.2%}
449   ----O                                                                     (4 = 8.9%) {53.3%}
533   ---------O                                                                (9 = 20.0%) {62.2%}
633   ---O                                                                      (3 = 6.7%) {82.2%}
752   -O                                                                        (1 = 2.2%) {88.9%}
894   --O                                                                       (2 = 4.4%) {91.1%}
1062  ... 
1500  --O                                                                       (2 = 4.4%) {95.6%}
1782  ... 

Histogram: Net.HttpJob.TotalTimeNotCached.Secure.Quic recorded 16 samples, mean = 656.9 (flags = 0x41)
0     ... 
356   ---O                                                                      (3 = 18.8%) {0.0%}
452   ----O                                                                     (4 = 25.0%) {18.8%}
574   ------O                                                                   (6 = 37.5%) {43.8%}
729   -O                                                                        (1 = 6.2%) {81.2%}
926   -O                                                                        (1 = 6.2%) {87.5%}
1177  O                                                                         (0 = 0.0%) {93.8%}
1496  -O                                                                        (1 = 6.2%) {93.8%}
1901  ... 

Histogram: Net.HttpJob.TotalTimeSuccess recorded 71 samples, mean = 300.7 (flags = 0x41)
0     ---O                                                                      (3 = 4.2%)
1     --O                                                                       (2 = 2.8%) {4.2%}
2     O                                                                         (0 = 0.0%) {7.0%}
3     --O                                                                       (2 = 2.8%) {7.0%}
4     ----O                                                                     (4 = 5.6%) {9.9%}
5     ---O                                                                      (3 = 4.2%) {15.5%}
6     ---O                                                                      (3 = 4.2%) {19.7%}
7     O                                                                         (0 = 0.0%) {23.9%}
8     ---O                                                                      (3 = 4.2%) {23.9%}
10    ----O                                                                     (4 = 5.6%) {28.2%}
12    --O                                                                       (2 = 2.8%) {33.8%}
14    -O                                                                        (1 = 1.4%) {36.6%}
17    --O                                                                       (2 = 2.8%) {38.0%}
20    ... 
68    -O                                                                        (1 = 1.4%) {40.8%}
81    -O                                                                        (1 = 1.4%) {42.3%}
96    O                                                                         (0 = 0.0%) {43.7%}
114   -O                                                                        (1 = 1.4%) {43.7%}
135   -O                                                                        (1 = 1.4%) {45.1%}
160   O                                                                         (0 = 0.0%) {46.5%}
190   ---O                                                                      (3 = 4.2%) {46.5%}
226   -O                                                                        (1 = 1.4%) {50.7%}
268   ----O                                                                     (4 = 5.6%) {52.1%}
318   ---O                                                                      (3 = 4.2%) {57.7%}
378   ------O                                                                   (6 = 8.5%) {62.0%}
449   ----O                                                                     (4 = 5.6%) {70.4%}
533   ---------O                                                                (9 = 12.7%) {76.1%}
633   ---O                                                                      (3 = 4.2%) {88.7%}
752   -O                                                                        (1 = 1.4%) {93.0%}
894   --O                                                                       (2 = 2.8%) {94.4%}
1062  ... 
1500  --O                                                                       (2 = 2.8%) {97.2%}
1782  ... 

Histogram: Net.HttpJob.TotalTimeSuccess.Priority1 recorded 19 samples, mean = 631.6 (flags = 0x41)
0     ... 
190   -O                                                                        (1 = 5.3%) {0.0%}
226   ... 
318   -O                                                                        (1 = 5.3%) {5.3%}
378   ---O                                                                      (3 = 15.8%) {10.5%}
449   --O                                                                       (2 = 10.5%) {26.3%}
533   ------O                                                                   (6 = 31.6%) {36.8%}
633   --O                                                                       (2 = 10.5%) {68.4%}
752   -O                                                                        (1 = 5.3%) {78.9%}
894   --O                                                                       (2 = 10.5%) {84.2%}
1062  ... 
1500  -O                                                                        (1 = 5.3%) {94.7%}
1782  ... 

Histogram: Net.HttpJob.TotalTimeSuccess.Priority2 recorded 29 samples, mean = 103.6 (flags = 0x41)
0    -O                                                                        (1 = 3.4%)
1    ... 
4    -O                                                                        (1 = 3.4%) {3.4%}
5    ---O                                                                      (3 = 10.3%) {6.9%}
6    ---O                                                                      (3 = 10.3%) {17.2%}
7    O                                                                         (0 = 0.0%) {27.6%}
8    ---O                                                                      (3 = 10.3%) {27.6%}
10   ----O                                                                     (4 = 13.8%) {37.9%}
12   --O                                                                       (2 = 6.9%) {51.7%}
14   -O                                                                        (1 = 3.4%) {58.6%}
17   --O                                                                       (2 = 6.9%) {62.1%}
20   ... 
68   -O                                                                        (1 = 3.4%) {69.0%}
81   -O                                                                        (1 = 3.4%) {72.4%}
96   O                                                                         (0 = 0.0%) {75.9%}
114  -O                                                                        (1 = 3.4%) {75.9%}
135  -O                                                                        (1 = 3.4%) {79.3%}
160  O                                                                         (0 = 0.0%) {82.8%}
190  -O                                                                        (1 = 3.4%) {82.8%}
226  ... 
318  -O                                                                        (1 = 3.4%) {86.2%}
378  O                                                                         (0 = 0.0%) {89.7%}
449  -O                                                                        (1 = 3.4%) {89.7%}
533  -O                                                                        (1 = 3.4%) {93.1%}
633  -O                                                                        (1 = 3.4%) {96.6%}
752  ... 

Histogram: Net.HttpJob.TotalTimeSuccess.Priority3 recorded 1 samples, mean = 285.0 (flags = 0x41)
0    ... 
268  -O                                                                        (1 = 100.0%) {0.0%}
318  ... 

Histogram: Net.HttpJob.TotalTimeSuccess.Priority4 recorded 8 samples, mean = 423.2 (flags = 0x41)
0     -O                                                                        (1 = 12.5%)
1     ... 
190   -O                                                                        (1 = 12.5%) {12.5%}
226   -O                                                                        (1 = 12.5%) {25.0%}
268   ---O                                                                      (3 = 37.5%) {37.5%}
318   ... 
533   -O                                                                        (1 = 12.5%) {75.0%}
633   ... 
1500  -O                                                                        (1 = 12.5%) {87.5%}
1782  ... 

Histogram: Net.HttpJob.TotalTimeSuccess.Priority5 recorded 14 samples, mean = 191.2 (flags = 0x41)
0    -O                                                                        (1 = 7.1%)
1    --O                                                                       (2 = 14.3%) {7.1%}
2    O                                                                         (0 = 0.0%) {21.4%}
3    --O                                                                       (2 = 14.3%) {21.4%}
4    ---O                                                                      (3 = 21.4%) {35.7%}
5    ... 
318  -O                                                                        (1 = 7.1%) {57.1%}
378  ---O                                                                      (3 = 21.4%) {64.3%}
449  -O                                                                        (1 = 7.1%) {85.7%}
533  -O                                                                        (1 = 7.1%) {92.9%}
633  ... 

Histogram: Net.HttpRequestSSLUpgradeDecision recorded 2 samples, mean = 5.0 (flags = 0x41)
0  ... 
5  --O                                                                       (2 = 100.0%) {0.0%}
6  O                                                                         (0 = 0.0%) {100.0%}

Histogram: Net.HttpRequestStsState recorded 2 samples, mean = 2.0 (flags = 0x41)
0  ... 
2  --O                                                                       (2 = 100.0%) {0.0%}
3  ... 

Histogram: Net.HttpResponseCode recorded 95 samples, mean = 242.9 (flags = 0x41)
0    ... 
200  ----------------------------------------------------------------------O   (70 = 73.7%) {0.0%}
201  ... 
204  --O                                                                       (2 = 2.1%) {73.7%}
205  ... 
302  ----O                                                                     (4 = 4.2%) {75.8%}
303  O                                                                         (0 = 0.0%) {80.0%}
304  -O                                                                        (1 = 1.1%) {80.0%}
305  ... 
308  -O                                                                        (1 = 1.1%) {81.1%}
309  ... 
403  -----------------O                                                        (17 = 17.9%) {82.1%}
404  ... 

Histogram: Net.HttpTimeToFirstByte recorded 75 samples, mean = 274.8 (flags = 0x41)
0     --------------------------------O                                         (32 = 42.7%)
10    -O                                                                        (1 = 1.3%) {42.7%}
12    ... 
75    ---O                                                                      (3 = 4.0%) {44.0%}
92    O                                                                         (0 = 0.0%) {48.0%}
113   -O                                                                        (1 = 1.3%) {48.0%}
139   -O                                                                        (1 = 1.3%) {49.3%}
171   --O                                                                       (2 = 2.7%) {50.7%}
210   ---O                                                                      (3 = 4.0%) {53.3%}
258   ----O                                                                     (4 = 5.3%) {57.3%}
317   -----O                                                                    (5 = 6.7%) {62.7%}
389   ------O                                                                   (6 = 8.0%) {69.3%}
477   -------O                                                                  (7 = 9.3%) {77.3%}
585   ---O                                                                      (3 = 4.0%) {86.7%}
718   --O                                                                       (2 = 2.7%) {90.7%}
881   ---O                                                                      (3 = 4.0%) {93.3%}
1081  O                                                                         (0 = 0.0%) {97.3%}
1326  -O                                                                        (1 = 1.3%) {97.3%}
1627  -O                                                                        (1 = 1.3%) {98.7%}
1996  ... 

Histogram: Net.HttpTimeToFirstByte.TLS13.Google recorded 2 samples, mean = 642.5 (flags = 0x41)
0    ... 
280  -O                                                                        (1 = 50.0%) {0.0%}
356  ... 
926  -O                                                                        (1 = 50.0%) {50.0%}
1177 ... 

Histogram: Net.NetworkChangeNotifier.NewConnectionCost recorded 2 samples, mean = 1.0 (flags = 0x41)
0  O                                                                         (0 = 0.0%)
1  --O                                                                       (2 = 100.0%) {0.0%}
2  ... 

Histogram: Net.NetworkChangeNotifier.NewConnectionType recorded 4 samples, mean = 2.0 (flags = 0x41)
0  ... 
2  ----O                                                                     (4 = 100.0%) {0.0%}
3  ... 

Histogram: Net.NumQuicSessionsAtShutdown recorded 3 samples, mean = 0.0 (flags = 0x41)
0  ---O                                                                      (3 = 100.0%)
1  ... 

Histogram: Net.OnTransferSizeUpdated.Experimental.OverridenBy recorded 189 samples, mean = 12.1 (flags = 0x41)
0   O                                                                         (0 = 0.0%)
1   ------------------------------------------------------------------------O (75 = 39.7%) {0.0%}
2   ... 
11  -----------------------------------------------------O                    (55 = 29.1%) {39.7%}
12  ---O                                                                      (3 = 1.6%) {68.8%}
13  ... 
26  -O                                                                        (1 = 0.5%) {70.4%}
27  O                                                                         (0 = 0.0%) {70.9%}
28  -----------------------------------------------------O                    (55 = 29.1%) {70.9%}
29  ... 

Histogram: Net.QuicActiveSessions recorded 20 samples, mean = 0.3 (flags = 0x41)
0  -----------------O                                                        (17 = 85.0%)
1  -O                                                                        (1 = 5.0%) {85.0%}
2  -O                                                                        (1 = 5.0%) {90.0%}
3  -O                                                                        (1 = 5.0%) {95.0%}
4  ... 

Histogram: Net.QuicChromiumClientStream.HandleOnCloseConnectionError recorded 26 samples (flags = 0x41)
0  --------------------------O                                               (26 = 100.0%)

Histogram: Net.QuicChromiumClientStream.HandleOnCloseNetError recorded 26 samples (flags = 0x41)
100  --------------------------O                                               (26 = 100.0%)

Histogram: Net.QuicChromiumClientStream.HandleOnCloseStreamError recorded 26 samples (flags = 0x41)
0  --------------------------O                                               (26 = 100.0%)

Histogram: Net.QuicChromiumClientStream.HeaderDecodingDelay recorded 26 samples, mean = 0.0 (flags = 0x41)
0  --------------------------O                                               (26 = 100.0%)
1  ... 

Histogram: Net.QuicChromiumClientStream.HeaderDecodingDelayGoogle recorded 16 samples, mean = 0.0 (flags = 0x41)
0  ----------------O                                                         (16 = 100.0%)
1  ... 

Histogram: Net.QuicConnection.WritePacketStatus recorded 317 samples, mean = 0.0 (flags = 0x41)
0  ------------------------------------------------------------------------O (317 = 100.0%)
1  ... 

Histogram: Net.QuicCryptoClientConfig.PopulatedFromCanonicalConfig recorded 5 samples, mean = 0.0 (flags = 0x41)
0  -----O                                                                    (5 = 100.0%)
1  ... 

Histogram: Net.QuicDroppedPacketReason recorded 14 samples, mean = 6.0 (flags = 0x41)
0  ... 
6  --------------O                                                           (14 = 100.0%) {0.0%}
7  O                                                                         (0 = 0.0%) {100.0%}

Histogram: Net.QuicHandshakeState recorded 60 samples, mean = 1.0 (flags = 0x41)
0  --------------------O                                                     (20 = 33.3%)
1  --------------------O                                                     (20 = 33.3%) {33.3%}
2  --------------------O                                                     (20 = 33.3%) {66.7%}
3  ... 

Histogram: Net.QuicHttpStream.ProcessResponseHeaderSuccess recorded 26 samples, mean = 1.0 (flags = 0x41)
0  O                                                                         (0 = 0.0%)
1  --------------------------O                                               (26 = 100.0%) {0.0%}
2  O                                                                         (0 = 0.0%) {100.0%}

Histogram: Net.QuicSession.AbortedPendingStreamRequests recorded 20 samples, mean = 0.0 (flags = 0x41)
0  --------------------O                                                     (20 = 100.0%)
1  ... 

Histogram: Net.QuicSession.AcceptChForOrigin recorded 26 samples, mean = 0.0 (flags = 0x41)
0  -------------------------O                                                (25 = 96.2%)
1  -O                                                                        (1 = 3.8%) {96.2%}
2  O                                                                         (0 = 0.0%) {100.0%}

Histogram: Net.QuicSession.AcceptChFrameReceivedViaAlps recorded 17 samples, mean = 1.0 (flags = 0x41)
0  O                                                                         (0 = 0.0%)
1  -----------------O                                                        (17 = 100.0%) {0.0%}
2  ... 

Histogram: Net.QuicSession.AsyncRead recorded 443 samples, mean = 0.5 (flags = 0x41)
0  ---------------------------------------------------------------O          (206 = 46.5%)
1  ------------------------------------------------------------------------O (237 = 53.5%) {46.5%}
2  O                                                                         (0 = 0.0%) {100.0%}

Histogram: Net.QuicSession.BlockedFrames.Received recorded 20 samples, mean = 0.0 (flags = 0x41)
0  --------------------O                                                     (20 = 100.0%)
1  ... 

Histogram: Net.QuicSession.BlockedFrames.Sent recorded 20 samples, mean = 0.0 (flags = 0x41)
0  --------------------O                                                     (20 = 100.0%)
1  ... 

Histogram: Net.QuicSession.CertVerificationResult recorded 20 samples (flags = 0x41)
0  --------------------O                                                     (20 = 100.0%)

Histogram: Net.QuicSession.ClientSideMtu recorded 20 samples (flags = 0x41)
1250  --------------------O                                                     (20 = 100.0%)

Histogram: Net.QuicSession.CloseAllSessionsError recorded 3 samples (flags = 0x41)
3  ---O                                                                      (3 = 100.0%)

Histogram: Net.QuicSession.ClosedDuringInitializeSession recorded 20 samples, mean = 0.0 (flags = 0x41)
0  --------------------O                                                     (20 = 100.0%)
1  ... 

Histogram: Net.QuicSession.CoalesceStreamFrameStatus recorded 198 samples, mean = 0.3 (flags = 0x41)
0  ------------------------------------------------------------------------O (131 = 66.2%)
1  -------------------------------------O                                    (67 = 33.8%) {66.2%}
2  O                                                                         (0 = 0.0%) {100.0%}

Histogram: Net.QuicSession.ConnectRandomPortForHTTPS recorded 20 samples, mean = 0.0 (flags = 0x41)
0  --------------------O                                                     (20 = 100.0%)
1  ... 

Histogram: Net.QuicSession.ConnectRandomPortRequiringConfirmationForHTTPS recorded 1 samples, mean = 0.0 (flags = 0x41)
0  -O                                                                        (1 = 100.0%)
1  ... 

Histogram: Net.QuicSession.ConnectionClose.NumOpenStreams.TimedOut recorded 20 samples, mean = 0.0 (flags = 0x41)
0  --------------------O                                                     (20 = 100.0%)
1  ... 

Histogram: Net.QuicSession.ConnectionCloseErrorCodeClient recorded 20 samples (flags = 0x41)
25  --------------------O                                                     (20 = 100.0%)

Histogram: Net.QuicSession.ConnectionCloseErrorCodeClient.HandshakeConfirmed recorded 20 samples (flags = 0x41)
25  --------------------O                                                     (20 = 100.0%)

Histogram: Net.QuicSession.ConnectionCloseErrorCodeClientGoogle recorded 17 samples (flags = 0x41)
25  -----------------O                                                        (17 = 100.0%)

Histogram: Net.QuicSession.ConnectionCloseErrorCodeClientGoogle.HandshakeConfirmed recorded 17 samples (flags = 0x41)
25  -----------------O                                                        (17 = 100.0%)

Histogram: Net.QuicSession.ConnectionDuration recorded 20 samples, mean = 29850.8 (flags = 0x41)
0      ... 
27425  -------------------O                                                      (19 = 95.0%) {0.0%}
31655  -O                                                                        (1 = 5.0%) {95.0%}
36538  ... 

Histogram: Net.QuicSession.ConnectionFlowControlBlocked recorded 5 samples, mean = 0.8 (flags = 0x41)
0  -O                                                                        (1 = 20.0%)
1  ----O                                                                     (4 = 80.0%) {20.0%}
2  O                                                                         (0 = 0.0%) {100.0%}

Histogram: Net.QuicSession.ConnectionIpPooled recorded 20 samples, mean = 0.0 (flags = 0x41)
0  --------------------O                                                     (20 = 100.0%)
1  ... 

Histogram: Net.QuicSession.ConnectionTypeFromSelf recorded 20 samples, mean = 1.0 (flags = 0x41)
0  O                                                                         (0 = 0.0%)
1  --------------------O                                                     (20 = 100.0%) {0.0%}
2  O                                                                         (0 = 0.0%) {100.0%}

Histogram: Net.QuicSession.CryptoRetransmitCount.HandshakeConfirmed recorded 20 samples, mean = 0.2 (flags = 0x41)
0  -----------------O                                                        (17 = 85.0%)
1  --O                                                                       (2 = 10.0%) {85.0%}
2  O                                                                         (0 = 0.0%) {95.0%}
3  -O                                                                        (1 = 5.0%) {95.0%}
4  ... 

Histogram: Net.QuicSession.DuplicatePacketsReceived recorded 20 samples, mean = 0.0 (flags = 0x41)
0  --------------------O                                                     (20 = 100.0%)
1  ... 

Histogram: Net.QuicSession.EcnMarksObserved recorded 20 samples, mean = 1.0 (flags = 0x41)
0  O                                                                         (0 = 0.0%)
1  --------------------O                                                     (20 = 100.0%) {0.0%}
2  ... 

Histogram: Net.QuicSession.EncryptionEstablishedTime recorded 20 samples, mean = 63.7 (flags = 0x41)
0    --------------O                                                           (14 = 70.0%)
1    ... 
81   --O                                                                       (2 = 10.0%) {70.0%}
96   -O                                                                        (1 = 5.0%) {80.0%}
114  O                                                                         (0 = 0.0%) {85.0%}
135  -O                                                                        (1 = 5.0%) {85.0%}
160  ... 
226  -O                                                                        (1 = 5.0%) {90.0%}
268  ... 
533  -O                                                                        (1 = 5.0%) {95.0%}
633  ... 

Histogram: Net.QuicSession.FinchConfigIsValid recorded 3 samples, mean = 1.0 (flags = 0x41)
0  O                                                                         (0 = 0.0%)
1  ---O                                                                      (3 = 100.0%) {0.0%}
2  O                                                                         (0 = 0.0%) {100.0%}

Histogram: Net.QuicSession.FindMatchingIpSessionResult recorded 40 samples, mean = 2.0 (flags = 0x41)
0  ... 
2  ----------------------------------------O                                 (40 = 100.0%) {0.0%}
3  O                                                                         (0 = 0.0%) {100.0%}

Histogram: Net.QuicSession.FindMatchingIpSessionResultGoogle recorded 34 samples, mean = 2.0 (flags = 0x41)
0  ... 
2  ----------------------------------O                                       (34 = 100.0%) {0.0%}
3  O                                                                         (0 = 0.0%) {100.0%}

Histogram: Net.QuicSession.HandshakeConfirmedTime recorded 20 samples, mean = 143.1 (flags = 0x41)
0    ... 
57   --O                                                                       (2 = 10.0%) {0.0%}
68   ---O                                                                      (3 = 15.0%) {10.0%}
81   ----O                                                                     (4 = 20.0%) {25.0%}
96   ----O                                                                     (4 = 20.0%) {45.0%}
114  O                                                                         (0 = 0.0%) {65.0%}
135  ---O                                                                      (3 = 15.0%) {65.0%}
160  O                                                                         (0 = 0.0%) {80.0%}
190  --O                                                                       (2 = 10.0%) {80.0%}
226  -O                                                                        (1 = 5.0%) {90.0%}
268  ... 
533  -O                                                                        (1 = 5.0%) {95.0%}
633  ... 

Histogram: Net.QuicSession.HeaderCompressionRatioQpackReceived recorded 26 samples, mean = 29.5 (flags = 0x41)
0   O                                                                         (0 = 0.0%)
1   -O                                                                        (1 = 3.8%) {0.0%}
2   ... 
5   ---------------O                                                          (15 = 57.7%) {3.8%}
6   ... 
63  -O                                                                        (1 = 3.8%) {61.5%}
64  ... 
68  -O                                                                        (1 = 3.8%) {65.4%}
69  -----O                                                                    (5 = 19.2%) {69.2%}
70  --O                                                                       (2 = 7.7%) {88.5%}
71  ... 
74  -O                                                                        (1 = 3.8%) {96.2%}
75  ... 

Histogram: Net.QuicSession.HeaderCompressionRatioQpackSent recorded 26 samples, mean = 69.9 (flags = 0x41)
0   ... 
63  -O                                                                        (1 = 3.8%) {0.0%}
64  ... 
68  -O                                                                        (1 = 3.8%) {3.8%}
69  ---------------O                                                          (15 = 57.7%) {7.7%}
70  O                                                                         (0 = 0.0%) {65.4%}
71  --O                                                                       (2 = 7.7%) {65.4%}
72  ---O                                                                      (3 = 11.5%) {73.1%}
73  ---O                                                                      (3 = 11.5%) {84.6%}
74  O                                                                         (0 = 0.0%) {96.2%}
75  -O                                                                        (1 = 3.8%) {96.2%}
76  ... 

Histogram: Net.QuicSession.HostResolution.HandshakeConfirmedTime recorded 20 samples, mean = 143.2 (flags = 0x41)
0    ... 
57   -O                                                                        (1 = 5.0%) {0.0%}
68   ----O                                                                     (4 = 20.0%) {5.0%}
81   ----O                                                                     (4 = 20.0%) {25.0%}
96   ----O                                                                     (4 = 20.0%) {45.0%}
114  O                                                                         (0 = 0.0%) {65.0%}
135  ---O                                                                      (3 = 15.0%) {65.0%}
160  O                                                                         (0 = 0.0%) {80.0%}
190  --O                                                                       (2 = 10.0%) {80.0%}
226  -O                                                                        (1 = 5.0%) {90.0%}
268  ... 
533  -O                                                                        (1 = 5.0%) {95.0%}
633  ... 

Histogram: Net.QuicSession.IncorrectConnectionIDsReceived recorded 20 samples, mean = 0.0 (flags = 0x41)
0  --------------------O                                                     (20 = 100.0%)
1  ... 

Histogram: Net.QuicSession.InitialRttEsitmateSource recorded 20 samples, mean = 0.9 (flags = 0x41)
0  --O                                                                       (2 = 10.0%)
1  ------------------O                                                       (18 = 90.0%) {10.0%}
2  ... 

Histogram: Net.QuicSession.KeyUpdate.PerConnection2 recorded 20 samples, mean = 0.0 (flags = 0x41)
0  --------------------O                                                     (20 = 100.0%)
1  ... 

Histogram: Net.QuicSession.KeyUpdate.PotentialPeerKeyUpdateAttemptCount recorded 20 samples, mean = 0.0 (flags = 0x41)
0  --------------------O                                                     (20 = 100.0%)
1  ... 

Histogram: Net.QuicSession.MaxConsecutiveRtoWithForwardProgress recorded 20 samples, mean = 0.3 (flags = 0x41)
0  -------------O                                                            (13 = 65.0%)
1  -------O                                                                  (7 = 35.0%) {65.0%}
2  ... 

Histogram: Net.QuicSession.MinRTT recorded 20 samples, mean = 57.0 (flags = 0x41)
0   ... 
40  ------O                                                                   (6 = 30.0%) {0.0%}
48  --------O                                                                 (8 = 40.0%) {30.0%}
57  ---O                                                                      (3 = 15.0%) {70.0%}
68  O                                                                         (0 = 0.0%) {85.0%}
81  --O                                                                       (2 = 10.0%) {85.0%}
96  -O                                                                        (1 = 5.0%) {95.0%}
114 ... 

Histogram: Net.QuicSession.MtuProbesSent recorded 20 samples, mean = 0.0 (flags = 0x41)
0  --------------------O                                                     (20 = 100.0%)
1  ... 

Histogram: Net.QuicSession.NumDefaultPathDegrading recorded 20 samples, mean = 0.0 (flags = 0x41)
0  --------------------O                                                     (20 = 100.0%)
1  ... 

Histogram: Net.QuicSession.NumMigrations recorded 20 samples, mean = 0.0 (flags = 0x41)
0  --------------------O                                                     (20 = 100.0%)
1  ... 

Histogram: Net.QuicSession.NumOpenStreams recorded 26 samples, mean = 1.1 (flags = 0x41)
0  O                                                                         (0 = 0.0%)
1  -----------------------O                                                  (23 = 88.5%) {0.0%}
2  ---O                                                                      (3 = 11.5%) {88.5%}
3  ... 

Histogram: Net.QuicSession.NumPingsSent recorded 20 samples, mean = 0.2 (flags = 0x41)
0  ------------------O                                                       (18 = 90.0%)
1  -O                                                                        (1 = 5.0%) {90.0%}
2  -O                                                                        (1 = 5.0%) {95.0%}
3  ... 

Histogram: Net.QuicSession.NumQueuedPacketsBeforeWrite recorded 431 samples, mean = 0.0 (flags = 0x41)
0  ------------------------------------------------------------------------O (431 = 100.0%)
1  ... 

Histogram: Net.QuicSession.NumTotalStreams recorded 20 samples, mean = 1.3 (flags = 0x41)
0  -O                                                                        (1 = 5.0%)
1  ------------------O                                                       (18 = 90.0%) {5.0%}
2  ... 
7  -O                                                                        (1 = 5.0%) {95.0%}
9  ... 

Histogram: Net.QuicSession.OutOfOrderGapReceived recorded 1 samples, mean = 11.0 (flags = 0x41)
0  ... 
9  -O                                                                        (1 = 100.0%) {0.0%}
12 ... 

Histogram: Net.QuicSession.OutOfOrderLargePacketsReceived recorded 20 samples, mean = 0.1 (flags = 0x41)
0  -------------------O                                                      (19 = 95.0%)
1  -O                                                                        (1 = 5.0%) {95.0%}
2  ... 

Histogram: Net.QuicSession.OutOfOrderPacketsReceived recorded 20 samples, mean = 0.1 (flags = 0x41)
0  -------------------O                                                      (19 = 95.0%)
1  -O                                                                        (1 = 5.0%) {95.0%}
2  ... 

Histogram: Net.QuicSession.PacketGapReceived recorded 12 samples, mean = 1.8 (flags = 0x41)
0  O                                                                         (0 = 0.0%)
1  --------O                                                                 (8 = 66.7%) {0.0%}
2  --O                                                                       (2 = 16.7%) {66.7%}
3  O                                                                         (0 = 0.0%) {83.3%}
4  -O                                                                        (1 = 8.3%) {83.3%}
5  -O                                                                        (1 = 8.3%) {91.7%}
7  ... 

Histogram: Net.QuicSession.PacketGapReceivedNearPing recorded 3 samples, mean = 4.3 (flags = 0x41)
0  O                                                                         (0 = 0.0%)
1  -O                                                                        (1 = 33.3%) {0.0%}
2  ... 
5  -O                                                                        (1 = 33.3%) {33.3%}
7  -O                                                                        (1 = 33.3%) {66.7%}
9  ... 

Histogram: Net.QuicSession.PacketLossRate_CONNECTION_WIFI recorded 3 samples, mean = 48.7 (flags = 0x41)
0    ... 
10   -O                                                                        (1 = 33.3%) {0.0%}
11   -O                                                                        (1 = 33.3%) {33.3%}
12   ... 
118  -O                                                                        (1 = 33.3%) {66.7%}
127  ... 

Histogram: Net.QuicSession.PacketWriteTime.Synchronous recorded 310 samples, mean = 0.0 (flags = 0x41)
0  ------------------------------------------------------------------------O (310 = 100.0%)
1  ... 

Histogram: Net.QuicSession.PacketsBeforeEcnTransition recorded 20 samples, mean = 0.0 (flags = 0x41)
0  --------------------O                                                     (20 = 100.0%)
1  ... 

Histogram: Net.QuicSession.PreferAesGcm recorded 1 samples, mean = 1.0 (flags = 0x41)
0  O                                                                         (0 = 0.0%)
1  -O                                                                        (1 = 100.0%) {0.0%}
2  O                                                                         (0 = 0.0%) {100.0%}

Histogram: Net.QuicSession.Qpack.HeaderListCountWhenBlockedStreamLimited recorded 10 samples, mean = 3.8 (flags = 0x41)
0  O                                                                         (0 = 0.0%)
1  ---O                                                                      (3 = 30.0%) {0.0%}
2  -O                                                                        (1 = 10.0%) {30.0%}
3  -O                                                                        (1 = 10.0%) {40.0%}
4  -O                                                                        (1 = 10.0%) {50.0%}
5  -O                                                                        (1 = 10.0%) {60.0%}
6  -O                                                                        (1 = 10.0%) {70.0%}
7  -O                                                                        (1 = 10.0%) {80.0%}
8  -O                                                                        (1 = 10.0%) {90.0%}
9  ... 

Histogram: Net.QuicSession.Qpack.HeaderListCountWhenInsertionNotBlocked recorded 26 samples, mean = 2.1 (flags = 0x41)
0  O                                                                         (0 = 0.0%)
1  -------------------O                                                      (19 = 73.1%) {0.0%}
2  -O                                                                        (1 = 3.8%) {73.1%}
3  -O                                                                        (1 = 3.8%) {76.9%}
4  -O                                                                        (1 = 3.8%) {80.8%}
5  -O                                                                        (1 = 3.8%) {84.6%}
6  -O                                                                        (1 = 3.8%) {88.5%}
7  -O                                                                        (1 = 3.8%) {92.3%}
8  -O                                                                        (1 = 3.8%) {96.2%}
9  ... 

Histogram: Net.QuicSession.Qpack.HeaderListCountWhenNotBlockedStreamLimited recorded 16 samples, mean = 1.0 (flags = 0x41)
0  O                                                                         (0 = 0.0%)
1  ----------------O                                                         (16 = 100.0%) {0.0%}
2  ... 

Histogram: Net.QuicSession.QuicVersion recorded 20 samples (flags = 0x41)
80  --------------------O                                                     (20 = 100.0%)

Histogram: Net.QuicSession.ReceivedSettings.BlockedStreams recorded 17 samples, mean = 100.0 (flags = 0x41)
0   ... 
95  -----------------O                                                        (17 = 100.0%) {0.0%}
107 ... 

Histogram: Net.QuicSession.ReceivedSettings.CountPlusOne recorded 20 samples, mean = 6.4 (flags = 0x41)
0  ... 
3  ---O                                                                      (3 = 15.0%) {0.0%}
4  ... 
7  -----------------O                                                        (17 = 85.0%) {15.0%}
8  ... 

Histogram: Net.QuicSession.ReceivedSettings.MaxHeaderListSize2 recorded 20 samples, mean = 75366.4 (flags = 0x41)
0       ... 
63662   -----------------O                                                        (17 = 85.0%) {0.0%}
83848   O                                                                         (0 = 0.0%) {85.0%}
110434  ---O                                                                      (3 = 15.0%) {85.0%}
145450  ... 

Histogram: Net.QuicSession.ReceivedSettings.MaxTableCapacity2 recorded 17 samples, mean = 65536.0 (flags = 0x41)
0      ... 
63662  -----------------O                                                        (17 = 100.0%) {0.0%}
83848  ... 

Histogram: Net.QuicSession.ReceivedSettings.ReservedCountPlusOne recorded 20 samples, mean = 2.0 (flags = 0x41)
0  ... 
2  --------------------O                                                     (20 = 100.0%) {0.0%}
3  ... 

Histogram: Net.QuicSession.RstStreamErrorCodeServer recorded 3 samples (flags = 0x41)
20  ---O                                                                      (3 = 100.0%)

Histogram: Net.QuicSession.SendPacketSize.0RTT recorded 15 samples, mean = 79.3 (flags = 0x41)
0   ... 
68  --O                                                                       (2 = 13.3%) {0.0%}
77  -------------O                                                            (13 = 86.7%) {13.3%}
87  ... 

Histogram: Net.QuicSession.SendPacketSize.ForwardSecure recorded 210 samples, mean = 279.1 (flags = 0x41)
0     ... 
28    ---------------------------O                                              (30 = 14.3%) {0.0%}
32    -----------O                                                              (12 = 5.7%) {14.3%}
36    ----------------O                                                         (18 = 8.6%) {20.0%}
41    ------------------------------------------------------------------------O (79 = 37.6%) {28.6%}
47    -----O                                                                    (5 = 2.4%) {66.2%}
53    ... 
68    --O                                                                       (2 = 1.0%) {68.6%}
77    ----O                                                                     (4 = 1.9%) {69.5%}
87    ... 
128   -O                                                                        (1 = 0.5%) {71.4%}
145   ... 
276   --------------O                                                           (15 = 7.1%) {71.9%}
314   O                                                                         (0 = 0.0%) {79.0%}
357   -O                                                                        (1 = 0.5%) {79.0%}
406   --O                                                                       (2 = 1.0%) {79.5%}
461   --O                                                                       (2 = 1.0%) {80.5%}
524   O                                                                         (0 = 0.0%) {81.4%}
595   ----O                                                                     (4 = 1.9%) {81.4%}
676   ... 
991   --O                                                                       (2 = 1.0%) {83.3%}
1126  ------------------------------O                                           (33 = 15.7%) {84.3%}
1279  ... 

Histogram: Net.QuicSession.SendPacketSize.Handshake recorded 31 samples, mean = 72.2 (flags = 0x41)
0   ... 
36  ---O                                                                      (3 = 9.7%) {0.0%}
41  -O                                                                        (1 = 3.2%) {9.7%}
47  ---O                                                                      (3 = 9.7%) {12.9%}
53  ... 
68  -O                                                                        (1 = 3.2%) {22.6%}
77  ---------------------O                                                    (21 = 67.7%) {25.8%}
87  --O                                                                       (2 = 6.5%) {93.5%}
99  ... 

Histogram: Net.QuicSession.SendPacketSize.Initial recorded 61 samples, mean = 838.8 (flags = 0x41)
0     ... 
41    -O                                                                        (1 = 1.6%) {0.0%}
47    --O                                                                       (2 = 3.3%) {1.6%}
53    -O                                                                        (1 = 1.6%) {4.9%}
60    ... 
99    ---O                                                                      (3 = 4.9%) {6.6%}
113   -------O                                                                  (7 = 11.5%) {11.5%}
128   O                                                                         (0 = 0.0%) {23.0%}
145   ----O                                                                     (4 = 6.6%) {23.0%}
165   O                                                                         (0 = 0.0%) {29.5%}
188   -O                                                                        (1 = 1.6%) {29.5%}
214   ... 
524   ----O                                                                     (4 = 6.6%) {31.1%}
595   -O                                                                        (1 = 1.6%) {37.7%}
676   ... 
1126  -------------------------------------O                                    (37 = 60.7%) {39.3%}
1279  ... 

Histogram: Net.QuicSession.ServerSideMtu recorded 20 samples (flags = 0x41)
1200  ---O                                                                      (3 = 15.0%)
1250  -----------------O                                                        (17 = 85.0%)

Histogram: Net.QuicSession.SmoothedRTT recorded 20 samples, mean = 90.8 (flags = 0x41)
0    ... 
40   -O                                                                        (1 = 5.0%) {0.0%}
48   ---O                                                                      (3 = 15.0%) {5.0%}
57   ---O                                                                      (3 = 15.0%) {20.0%}
68   ----O                                                                     (4 = 20.0%) {35.0%}
81   ---O                                                                      (3 = 15.0%) {55.0%}
96   --O                                                                       (2 = 10.0%) {70.0%}
114  -O                                                                        (1 = 5.0%) {80.0%}
135  -O                                                                        (1 = 5.0%) {85.0%}
160  -O                                                                        (1 = 5.0%) {90.0%}
190  -O                                                                        (1 = 5.0%) {95.0%}
226  ... 

Histogram: Net.QuicSession.StopSendingErrorCodeClient recorded 4 samples (flags = 0x41)
20  ----O                                                                     (4 = 100.0%)

Histogram: Net.QuicSession.StreamFlowControlBlocked recorded 5 samples, mean = 0.8 (flags = 0x41)
0  -O                                                                        (1 = 20.0%)
1  ----O                                                                     (4 = 80.0%) {20.0%}
2  O                                                                         (0 = 0.0%) {100.0%}

Histogram: Net.QuicSession.StreamFrameDuplicatedShortConnection recorded 19 samples, mean = 0.0 (flags = 0x41)
0  -------------------O                                                      (19 = 100.0%)
1  ... 

Histogram: Net.QuicSession.TimeFromResolveHostToConfirmConnection recorded 20 samples, mean = 151.4 (flags = 0x41)
0     --O                                                                       (2 = 10.0%)
1     ... 
8     --O                                                                       (2 = 10.0%) {10.0%}
10    -O                                                                        (1 = 5.0%) {20.0%}
12    O                                                                         (0 = 0.0%) {25.0%}
14    --O                                                                       (2 = 10.0%) {25.0%}
17    -O                                                                        (1 = 5.0%) {35.0%}
20    --O                                                                       (2 = 10.0%) {40.0%}
24    ... 
48    -O                                                                        (1 = 5.0%) {50.0%}
57    --O                                                                       (2 = 10.0%) {55.0%}
68    O                                                                         (0 = 0.0%) {65.0%}
81    -O                                                                        (1 = 5.0%) {65.0%}
96    -O                                                                        (1 = 5.0%) {70.0%}
114   ... 
160   -O                                                                        (1 = 5.0%) {75.0%}
190   O                                                                         (0 = 0.0%) {80.0%}
226   -O                                                                        (1 = 5.0%) {80.0%}
268   -O                                                                        (1 = 5.0%) {85.0%}
318   ... 
633   -O                                                                        (1 = 5.0%) {90.0%}
752   ... 
1062  -O                                                                        (1 = 5.0%) {95.0%}
1262  ... 

Histogram: Net.QuicSession.TooManyOpenStreams recorded 26 samples, mean = 0.0 (flags = 0x41)
0  --------------------------O                                               (26 = 100.0%)
1  ... 

Histogram: Net.QuicSession.TooSmallInitialSentPacket recorded 26 samples, mean = 913.0 (flags = 0x41)
0     ... 
4     --O                                                                       (2 = 7.7%) {0.0%}
5     ... 
571   ----O                                                                     (4 = 15.4%) {7.7%}
646   -O                                                                        (1 = 3.8%) {23.1%}
731   ... 
936   -----O                                                                    (5 = 19.2%) {26.9%}
1060  --------------O                                                           (14 = 53.8%) {46.2%}
1200  O                                                                         (0 = 0.0%) {100.0%}

Histogram: Net.QuicSession.UndecryptablePacketsReceived recorded 20 samples, mean = 0.7 (flags = 0x41)
0  ----------------O                                                         (16 = 80.0%)
1  -O                                                                        (1 = 5.0%) {80.0%}
2  -O                                                                        (1 = 5.0%) {85.0%}
3  -O                                                                        (1 = 5.0%) {90.0%}
4  ... 
7  -O                                                                        (1 = 5.0%) {95.0%}
9  ... 

Histogram: Net.QuicSession.UndecryptablePacketsReceivedWithDecrypter recorded 20 samples, mean = 0.0 (flags = 0x41)
0  --------------------O                                                     (20 = 100.0%)
1  ... 

Histogram: Net.QuicSession.ValidConnectionTime recorded 14 samples, mean = 0.1 (flags = 0x41)
0  -------------O                                                            (13 = 92.9%)
1  -O                                                                        (1 = 7.1%) {92.9%}
2  ... 

Histogram: Net.QuicSession.VerifyProofTime recorded 20 samples, mean = 34.5 (flags = 0x41)
0    ----------------O                                                         (16 = 80.0%)
1    ... 
8    -O                                                                        (1 = 5.0%) {80.0%}
10   ... 
14   -O                                                                        (1 = 5.0%) {85.0%}
17   ... 
48   -O                                                                        (1 = 5.0%) {90.0%}
57   ... 
533  -O                                                                        (1 = 5.0%) {95.0%}
633  ... 

Histogram: Net.QuicSession.ZeroRttReason recorded 20 samples, mean = 2.8 (flags = 0x41)
0  ... 
2  ---------------O                                                          (15 = 75.0%) {0.0%}
3  ... 
5  -----O                                                                    (5 = 25.0%) {75.0%}
6  ... 

Histogram: Net.QuicSession.ZeroRttReasonGoogle recorded 17 samples, mean = 2.4 (flags = 0x41)
0  ... 
2  ---------------O                                                          (15 = 88.2%) {0.0%}
3  ... 
5  --O                                                                       (2 = 11.8%) {88.2%}
6  ... 

Histogram: Net.QuicSession.ZeroRttReasonNonGoogle recorded 3 samples, mean = 5.0 (flags = 0x41)
0  ... 
5  ---O                                                                      (3 = 100.0%) {0.0%}
6  ... 

Histogram: Net.QuicSession.ZeroRttState recorded 20 samples, mean = 0.5 (flags = 0x41)
0  ---------------O                                                          (15 = 75.0%)
1  O                                                                         (0 = 0.0%) {75.0%}
2  -----O                                                                    (5 = 25.0%) {75.0%}
3  O                                                                         (0 = 0.0%) {100.0%}

Histogram: Net.RestrictedCookieManager.GetCookiesString.Count30Seconds recorded 93 samples, mean = 0.0 (flags = 0x41)
0  ------------------------------------------------------------------------O (92 = 98.9%)
1  O                                                                         (0 = 0.0%) {98.9%}
2  -O                                                                        (1 = 1.1%) {98.9%}
3  ... 

Histogram: Net.RestrictedCookieManager.SiteForCookiesOK recorded 2 samples, mean = 1.0 (flags = 0x41)
0  O                                                                         (0 = 0.0%)
1  --O                                                                       (2 = 100.0%) {0.0%}
2  O                                                                         (0 = 0.0%) {100.0%}

Histogram: Net.RestrictedCookieManager.TopFrameOriginOK recorded 2 samples, mean = 1.0 (flags = 0x41)
0  O                                                                         (0 = 0.0%)
1  --O                                                                       (2 = 100.0%) {0.0%}
2  O                                                                         (0 = 0.0%) {100.0%}

Histogram: Net.SSLHandshakeDetails recorded 12 samples, mean = 6.1 (flags = 0x41)
0  ... 
6  -----------O                                                              (11 = 91.7%) {0.0%}
7  -O                                                                        (1 = 8.3%) {91.7%}
8  ... 

Histogram: Net.SSLNegotiatedAlpnProtocol recorded 12 samples, mean = 1.9 (flags = 0x41)
0  O                                                                         (0 = 0.0%)
1  -O                                                                        (1 = 8.3%) {0.0%}
2  -----------O                                                              (11 = 91.7%) {8.3%}
3  ... 

Histogram: Net.SSLRenegotiationInfoSupported recorded 12 samples, mean = 1.0 (flags = 0x41)
0  O                                                                         (0 = 0.0%)
1  ------------O                                                             (12 = 100.0%) {0.0%}
2  O                                                                         (0 = 0.0%) {100.0%}

Histogram: Net.SSLSignatureAlgorithm recorded 12 samples (flags = 0x41)
1027  -------O                                                                  (7 = 58.3%)
2052  -----O                                                                    (5 = 41.7%)

Histogram: Net.SSLVersion recorded 12 samples, mean = 6.0 (flags = 0x41)
0  ... 
6  ------------O                                                             (12 = 100.0%) {0.0%}
7  ... 

Histogram: Net.SSL_CipherSuite recorded 12 samples (flags = 0x41)
4865  ----------O                                                               (10 = 83.3%)
4866  --O                                                                       (2 = 16.7%)

Histogram: Net.SSL_Connection_Error recorded 12 samples (flags = 0x41)
0  ------------O                                                             (12 = 100.0%)

Histogram: Net.SSL_Connection_Latency_2 recorded 12 samples, mean = 219.9 (flags = 0x41)
0    ... 
75   -O                                                                        (1 = 8.3%) {0.0%}
83   ---O                                                                      (3 = 25.0%) {8.3%}
92   -O                                                                        (1 = 8.3%) {33.3%}
101  ... 
149  --O                                                                       (2 = 16.7%) {41.7%}
164  O                                                                         (0 = 0.0%) {58.3%}
181  -O                                                                        (1 = 8.3%) {58.3%}
200  -O                                                                        (1 = 8.3%) {66.7%}
221  ... 
362  -O                                                                        (1 = 8.3%) {75.0%}
399  ... 
485  -O                                                                        (1 = 8.3%) {83.3%}
535  O                                                                         (0 = 0.0%) {91.7%}
590  -O                                                                        (1 = 8.3%) {91.7%}
651  ... 

Histogram: Net.SSL_KeyExchange.ECDHE recorded 12 samples (flags = 0x41)
29     ----------O                                                               (10 = 83.3%)
25497  --O                                                                       (2 = 16.7%)

Histogram: Net.SharedDictionaryStorageOnDisk.IsMetadataReadyOnFirstUse recorded 1 samples, mean = 1.0 (flags = 0x41)
0  O                                                                         (0 = 0.0%)
1  -O                                                                        (1 = 100.0%) {0.0%}
2  O                                                                         (0 = 0.0%) {100.0%}

Histogram: Net.SharedDictionaryStorageOnDisk.MetadataReadTime.Empty recorded 1 samples, mean = 0.0 (flags = 0x41)
0  -O                                                                        (1 = 100.0%)
1  ... 

Histogram: Net.SharedDictionaryStore.DeleteExpiredDictionaries.Error recorded 2 samples, mean = 0.0 (flags = 0x41)
0  --O                                                                       (2 = 100.0%)
1  ... 

Histogram: Net.SharedDictionaryStore.GetDictionaries.Error recorded 1 samples, mean = 0.0 (flags = 0x41)
0  -O                                                                        (1 = 100.0%)
1  ... 

Histogram: Net.SharedDictionaryStore.ProcessEviction.Error recorded 1 samples, mean = 0.0 (flags = 0x41)
0  -O                                                                        (1 = 100.0%)
1  ... 

Histogram: Net.SpdyFrameStreamAndSessionFlowControlState recorded 2 samples, mean = 0.0 (flags = 0x41)
0  --O                                                                       (2 = 100.0%)
1  ... 

Histogram: Net.SpdyHeadersCompressionPercentage recorded 15 samples, mean = 64.7 (flags = 0x41)
0   ... 
33  -O                                                                        (1 = 6.7%) {0.0%}
34  ... 
38  -O                                                                        (1 = 6.7%) {6.7%}
39  -O                                                                        (1 = 6.7%) {13.3%}
40  --O                                                                       (2 = 13.3%) {20.0%}
41  -O                                                                        (1 = 6.7%) {33.3%}
42  ... 
45  -O                                                                        (1 = 6.7%) {40.0%}
46  ... 
59  -O                                                                        (1 = 6.7%) {46.7%}
60  ... 
78  -O                                                                        (1 = 6.7%) {53.3%}
79  ... 
92  ----O                                                                     (4 = 26.7%) {60.0%}
93  O                                                                         (0 = 0.0%) {86.7%}
94  -O                                                                        (1 = 6.7%) {86.7%}
95  -O                                                                        (1 = 6.7%) {93.3%}
96  ... 

Histogram: Net.SpdyResponseCode recorded 15 samples (flags = 0x41)
200  ----------O                                                               (10 = 66.7%)
204  -O                                                                        (1 = 6.7%)
302  -O                                                                        (1 = 6.7%)
304  -O                                                                        (1 = 6.7%)
403  --O                                                                       (2 = 13.3%)

Histogram: Net.SpdySession.AcceptChForOrigin recorded 15 samples, mean = 0.1 (flags = 0x41)
0  -------------O                                                            (13 = 86.7%)
1  --O                                                                       (2 = 13.3%) {86.7%}
2  O                                                                         (0 = 0.0%) {100.0%}

Histogram: Net.SpdySession.AlpsAcceptChEntries recorded 1 samples, mean = 1.0 (flags = 0x41)
0  O                                                                         (0 = 0.0%)
1  -O                                                                        (1 = 100.0%) {0.0%}
2  ... 

Histogram: Net.SpdySession.AlpsDecoderStatus recorded 1 samples, mean = 0.0 (flags = 0x41)
0  -O                                                                        (1 = 100.0%)
1  ... 

Histogram: Net.SpdySession.AlpsDecoderStatus.Bypassed recorded 1 samples, mean = 0.0 (flags = 0x41)
0  -O                                                                        (1 = 100.0%)
1  ... 

Histogram: Net.SpdySession.AlpsSettingParameterCount recorded 1 samples, mean = 0.0 (flags = 0x41)
0  -O                                                                        (1 = 100.0%)
1  ... 

Histogram: Net.SpdySession.ClosedOnError recorded 7 samples (flags = 0x41)
0  -------O                                                                  (7 = 100.0%)

Histogram: Net.SpdySession.CreateStreamWithSocketConnected recorded 15 samples, mean = 1.0 (flags = 0x41)
0  O                                                                         (0 = 0.0%)
1  ---------------O                                                          (15 = 100.0%) {0.0%}
2  O                                                                         (0 = 0.0%) {100.0%}

Histogram: Net.SpdySession.GoAwayReceived recorded 7 samples (flags = 0x41)
0  -------O                                                                  (7 = 100.0%)

Histogram: Net.SpdySession.OnSettings.ActiveStreamCount2 recorded 7 samples, mean = 1.4 (flags = 0x41)
0  O                                                                         (0 = 0.0%)
1  ------O                                                                   (6 = 85.7%) {0.0%}
2  ... 
4  -O                                                                        (1 = 14.3%) {85.7%}
5  ... 

Histogram: Net.SpdySession.OnSettings.CreatedAndActiveStreamCount2 recorded 7 samples, mean = 1.4 (flags = 0x41)
0  O                                                                         (0 = 0.0%)
1  ------O                                                                   (6 = 85.7%) {0.0%}
2  ... 
4  -O                                                                        (1 = 14.3%) {85.7%}
5  ... 

Histogram: Net.SpdySession.OnSettings.CreatedStreamCount2 recorded 7 samples, mean = 0.0 (flags = 0x41)
0  -------O                                                                  (7 = 100.0%)
1  ... 

Histogram: Net.SpdySession.OnSettings.PendingStreamCount2 recorded 7 samples, mean = 0.0 (flags = 0x41)
0  -------O                                                                  (7 = 100.0%)
1  ... 

Histogram: Net.SpdySession.ServerSupportsWebSocket recorded 7 samples, mean = 0.0 (flags = 0x41)
0  -------O                                                                  (7 = 100.0%)
1  ... 

Histogram: Net.SpdySessionGet recorded 12 samples, mean = 2.2 (flags = 0x41)
0  O                                                                         (0 = 0.0%)
1  -----O                                                                    (5 = 41.7%) {0.0%}
2  O                                                                         (0 = 0.0%) {41.7%}
3  -------O                                                                  (7 = 58.3%) {41.7%}
4  O                                                                         (0 = 0.0%) {100.0%}

Histogram: Net.SpdyStreamsAbandonedPerSession recorded 7 samples, mean = 0.0 (flags = 0x41)
0  -------O                                                                  (7 = 100.0%)
1  ... 

Histogram: Net.SpdyStreamsPerSession recorded 7 samples, mean = 2.1 (flags = 0x41)
0  O                                                                         (0 = 0.0%)
1  --O                                                                       (2 = 28.6%) {0.0%}
2  ---O                                                                      (3 = 42.9%) {28.6%}
3  -O                                                                        (1 = 14.3%) {71.4%}
4  -O                                                                        (1 = 14.3%) {85.7%}
5  ... 

Histogram: Net.TCP_Connection_Latency recorded 12 samples, mean = 93.3 (flags = 0x41)
0    ... 
29   -O                                                                        (1 = 8.3%) {0.0%}
33   O                                                                         (0 = 0.0%) {8.3%}
37   -O                                                                        (1 = 8.3%) {8.3%}
42   O                                                                         (0 = 0.0%) {16.7%}
48   --O                                                                       (2 = 16.7%) {16.7%}
54   --O                                                                       (2 = 16.7%) {33.3%}
61   O                                                                         (0 = 0.0%) {50.0%}
69   --O                                                                       (2 = 16.7%) {50.0%}
78   ... 
100  -O                                                                        (1 = 8.3%) {66.7%}
113  ... 
145  -O                                                                        (1 = 8.3%) {75.0%}
164  O                                                                         (0 = 0.0%) {83.3%}
186  -O                                                                        (1 = 8.3%) {83.3%}
211  -O                                                                        (1 = 8.3%) {91.7%}
239  ... 

Histogram: Net.TcpConnectAttempt.Latency.Success recorded 12 samples, mean = 93.2 (flags = 0x41)
0    ... 
27   -O                                                                        (1 = 8.3%) {0.0%}
33   O                                                                         (0 = 0.0%) {8.3%}
41   -O                                                                        (1 = 8.3%) {8.3%}
50   ----O                                                                     (4 = 33.3%) {16.7%}
61   O                                                                         (0 = 0.0%) {50.0%}
75   --O                                                                       (2 = 16.7%) {50.0%}
92   -O                                                                        (1 = 8.3%) {66.7%}
113  O                                                                         (0 = 0.0%) {75.0%}
139  -O                                                                        (1 = 8.3%) {75.0%}
171  -O                                                                        (1 = 8.3%) {83.3%}
210  -O                                                                        (1 = 8.3%) {91.7%}
258  ... 

Histogram: Net.UDPSocketWinClose recorded 128 samples, mean = 0.0 (flags = 0x41)
0  ------------------------------------------------------------------------O (127 = 99.2%)
1  -O                                                                        (1 = 0.8%) {99.2%}
2  ... 

Histogram: Net.URLLoaderThrottle.OnReceiveResponseTime recorded 50 samples, mean = 0.1 (flags = 0x41)
0  -------------------------------------------------O                        (49 = 98.0%)
1  ... 
4  -O                                                                        (1 = 2.0%) {98.0%}
5  ... 

Histogram: Net.URLLoaderThrottleExecutionTime.BeforeWillProcessResponse recorded 251 samples, mean = 0.0 (flags = 0x41)
0  ------------------------------------------------------------------------O (251 = 100.0%)
1  ... 

Histogram: Net.URLLoaderThrottleExecutionTime.WillOnCompleteWithError recorded 20 samples, mean = 0.0 (flags = 0x41)
0  --------------------O                                                     (20 = 100.0%)
1  ... 

Histogram: Net.URLLoaderThrottleExecutionTime.WillProcessResponse recorded 251 samples, mean = 0.0 (flags = 0x41)
0  ------------------------------------------------------------------------O (251 = 100.0%)
1  ... 

Histogram: Net.URLLoaderThrottleExecutionTime.WillRedirectRequest recorded 21 samples, mean = 0.0 (flags = 0x41)
0  ---------------------O                                                    (21 = 100.0%)
1  ... 

Histogram: Net.URLLoaderThrottleExecutionTime.WillStartRequest recorded 271 samples, mean = 0.0 (flags = 0x41)
0  ------------------------------------------------------------------------O (271 = 100.0%)
1  ... 

Histogram: Net.URLRequest.ReferrerHasInformativePath.CrossOrigin recorded 61 samples, mean = 0.0 (flags = 0x41)
0  -------------------------------------------------------------O            (61 = 100.0%)
1  ... 

Histogram: Net.URLRequest.ReferrerHasInformativePath.SameOrigin recorded 14 samples, mean = 1.0 (flags = 0x41)
0  O                                                                         (0 = 0.0%)
1  --------------O                                                           (14 = 100.0%) {0.0%}
2  O                                                                         (0 = 0.0%) {100.0%}

Histogram: Net.URLRequest.ReferrerPolicyForRequest.CrossOrigin recorded 61 samples, mean = 1.6 (flags = 0x41)
0  O                                                                         (0 = 0.0%)
1  -------------------------------------------O                              (43 = 70.5%) {0.0%}
2  O                                                                         (0 = 0.0%) {70.5%}
3  ------------------O                                                       (18 = 29.5%) {70.5%}
4  ... 

Histogram: Net.URLRequest.ReferrerPolicyForRequest.SameOrigin recorded 14 samples, mean = 1.0 (flags = 0x41)
0  O                                                                         (0 = 0.0%)
1  --------------O                                                           (14 = 100.0%) {0.0%}
2  ... 

Histogram: Network.Mdns.Googlecast recorded 9 samples, mean = 0.0 (flags = 0x41)
0  ---------O                                                                (9 = 100.0%)
1  ... 

Histogram: NetworkService.DeletedOldCacheData recorded 1 samples, mean = 0.0 (flags = 0x41)
0  -O                                                                        (1 = 100.0%)
1  ... 

Histogram: NetworkService.GrantSandboxResult recorded 3 samples, mean = 9.0 (flags = 0x41)
0   ... 
7   -O                                                                        (1 = 33.3%) {0.0%}
8   ... 
10  --O                                                                       (2 = 66.7%) {33.3%}
11  ... 

Histogram: NetworkService.NetworkLoaderCompletionTime2.DiskCache recorded 29 samples, mean = 23.3 (flags = 0x41)
0    -O                                                                        (1 = 3.4%)
1    -O                                                                        (1 = 3.4%) {3.4%}
2    -O                                                                        (1 = 3.4%) {6.9%}
3    -O                                                                        (1 = 3.4%) {10.3%}
4    -O                                                                        (1 = 3.4%) {13.8%}
5    ----O                                                                     (4 = 13.8%) {17.2%}
6    -O                                                                        (1 = 3.4%) {31.0%}
7    --O                                                                       (2 = 6.9%) {34.5%}
8    ----O                                                                     (4 = 13.8%) {41.4%}
10   ---O                                                                      (3 = 10.3%) {55.2%}
12   --O                                                                       (2 = 6.9%) {65.5%}
14   -----O                                                                    (5 = 17.2%) {72.4%}
17   --O                                                                       (2 = 6.9%) {89.7%}
20   ... 
378  -O                                                                        (1 = 3.4%) {96.6%}
449  ... 

Histogram: NetworkService.NetworkLoaderCompletionTime2.Network recorded 38 samples, mean = 509.3 (flags = 0x41)
0     ... 
81    --O                                                                       (2 = 5.3%) {0.0%}
96    ... 
135   -O                                                                        (1 = 2.6%) {5.3%}
160   O                                                                         (0 = 0.0%) {7.9%}
190   ---O                                                                      (3 = 7.9%) {7.9%}
226   -O                                                                        (1 = 2.6%) {15.8%}
268   ----O                                                                     (4 = 10.5%) {18.4%}
318   ---O                                                                      (3 = 7.9%) {28.9%}
378   -----O                                                                    (5 = 13.2%) {36.8%}
449   ----O                                                                     (4 = 10.5%) {50.0%}
533   --------O                                                                 (8 = 21.1%) {60.5%}
633   --O                                                                       (2 = 5.3%) {81.6%}
752   -O                                                                        (1 = 2.6%) {86.8%}
894   --O                                                                       (2 = 5.3%) {89.5%}
1062  ... 
1500  --O                                                                       (2 = 5.3%) {94.7%}
1782  ... 

Histogram: NetworkService.TimeToGrantCacheAccess recorded 1 samples, mean = 4.0 (flags = 0x41)
0  ... 
4  -O                                                                        (1 = 100.0%) {0.0%}
5  ... 

Histogram: NetworkService.TimeToGrantDataAccess recorded 2 samples, mean = 1.5 (flags = 0x41)
0  O                                                                         (0 = 0.0%)
1  -O                                                                        (1 = 50.0%) {0.0%}
2  -O                                                                        (1 = 50.0%) {50.0%}
3  ... 

Histogram: NetworkService.TimeToGrantSharedDictionaryAccess recorded 1 samples, mean = 2.0 (flags = 0x41)
0  ... 
2  -O                                                                        (1 = 100.0%) {0.0%}
3  ... 

Histogram: NetworkedProfile.Check recorded 1 samples, mean = 4.0 (flags = 0x41)
0  ... 
4  -O                                                                        (1 = 100.0%) {0.0%}
5  ... 

Histogram: NewTabPage.MostVisited.DeciScore.0.Local recorded 1 samples, mean = 50.0 (flags = 0x41)
0   ... 
49  -O                                                                        (1 = 100.0%) {0.0%}
65  ... 

Histogram: NewTabPage.MostVisited.DeciScore.1.Local recorded 1 samples, mean = 50.0 (flags = 0x41)
0   ... 
49  -O                                                                        (1 = 100.0%) {0.0%}
65  ... 

Histogram: Notifications.UsingSystemNotificationCenter recorded 1 samples, mean = 0.0 (flags = 0x41)
0  -O                                                                        (1 = 100.0%)
1  ... 

Histogram: Notifications.Windows.GetDisplayedStatus recorded 1 samples, mean = 0.0 (flags = 0x41)
0  -O                                                                        (1 = 100.0%)
1  ... 

Histogram: Notifications.Windows.GetSettingStatusStartup recorded 1 samples, mean = 1.0 (flags = 0x41)
0  O                                                                         (0 = 0.0%)
1  -O                                                                        (1 = 100.0%) {0.0%}
2  O                                                                         (0 = 0.0%) {100.0%}

Histogram: Notifications.Windows.HistoryStatus recorded 1 samples, mean = 0.0 (flags = 0x41)
0  -O                                                                        (1 = 100.0%)
1  ... 

Histogram: Notifications.Windows.SetReadyCallbackStatus2 recorded 1 samples, mean = 3.0 (flags = 0x41)
0  ... 
3  -O                                                                        (1 = 100.0%) {0.0%}
4  ... 

Histogram: Notifications.Windows.StartMenuShortcutStatus recorded 1 samples, mean = 2.0 (flags = 0x41)
0  ... 
2  -O                                                                        (1 = 100.0%) {0.0%}
3  ... 

Histogram: OSCrypt.AppBoundEncryption.SupportLevel recorded 1 samples, mean = 4.0 (flags = 0x41)
0  ... 
4  -O                                                                        (1 = 100.0%) {0.0%}
5  ... 

Histogram: OSCrypt.AppBoundProvider.KeyRetrieval.Status recorded 1 samples, mean = 1.0 (flags = 0x41)
0  O                                                                         (0 = 0.0%)
1  -O                                                                        (1 = 100.0%) {0.0%}
2  ... 

Histogram: OSCrypt.AsyncInitialization.Result recorded 1 samples, mean = 1.0 (flags = 0x41)
0  O                                                                         (0 = 0.0%)
1  -O                                                                        (1 = 100.0%) {0.0%}
2  O                                                                         (0 = 0.0%) {100.0%}

Histogram: OSCrypt.AsyncInitialization.Time recorded 1 samples, mean = 0.0 (flags = 0x41)
0  -O                                                                        (1 = 100.0%)
1  ... 

Histogram: OSCrypt.DPAPIProvider.Status recorded 1 samples, mean = 0.0 (flags = 0x41)
0  -O                                                                        (1 = 100.0%)
1  ... 

Histogram: OSCrypt.Win.Decrypt.Result recorded 1 samples, mean = 1.0 (flags = 0x41)
0  O                                                                         (0 = 0.0%)
1  -O                                                                        (1 = 100.0%) {0.0%}
2  O                                                                         (0 = 0.0%) {100.0%}

Histogram: OSCrypt.Win.Decrypt.Time recorded 1 samples, mean = 0.0 (flags = 0x41)
0  -O                                                                        (1 = 100.0%)
1  ... 

Histogram: Omnibox.TemplateUrl.RlzPresent recorded 58 samples, mean = 0.0 (flags = 0x41)
0  ----------------------------------------------------------O               (58 = 100.0%)
1  ... 

Histogram: Omnibox.TemplateUrl.SearchClientPresent recorded 58 samples, mean = 0.0 (flags = 0x41)
0  ----------------------------------------------------------O               (58 = 100.0%)
1  ... 

Histogram: OptimizationGuide.ApplyDecision.AboutThisSite recorded 1 samples, mean = 8.0 (flags = 0x41)
0  ... 
8  -O                                                                        (1 = 100.0%) {0.0%}
9  ... 

Histogram: OptimizationGuide.ApplyDecision.HistoryClusters recorded 4 samples, mean = 8.0 (flags = 0x41)
0  ... 
8  ----O                                                                     (4 = 100.0%) {0.0%}
9  ... 

Histogram: OptimizationGuide.ApplyDecision.V8CompileHints recorded 1 samples, mean = 8.0 (flags = 0x41)
0  ... 
8  -O                                                                        (1 = 100.0%) {0.0%}
9  ... 

Histogram: OptimizationGuide.HintCacheLevelDBStore.LoadMetadataResult recorded 1 samples, mean = 6.0 (flags = 0x41)
0  ... 
6  -O                                                                        (1 = 100.0%) {0.0%}
7  O                                                                         (0 = 0.0%) {100.0%}

Histogram: OptimizationGuide.HintCacheLevelDBStore.Status recorded 3 samples, mean = 1.0 (flags = 0x41)
0  -O                                                                        (1 = 33.3%)
1  -O                                                                        (1 = 33.3%) {33.3%}
2  -O                                                                        (1 = 33.3%) {66.7%}
3  ... 

Histogram: OptimizationGuide.HintsManager.HintCacheInitialized recorded 1 samples, mean = 1.0 (flags = 0x40)
0  O                                                                         (0 = 0.0%)
1  -O                                                                        (1 = 100.0%) {0.0%}
2  O                                                                         (0 = 0.0%) {100.0%}

Histogram: OptimizationGuide.LoadedHint.Result recorded 4 samples, mean = 0.0 (flags = 0x40)
0  ----O                                                                     (4 = 100.0%)
1  ... 

Histogram: OptimizationGuide.ModelExecution.FeatureCurrentlyEnabledResult.Compose recorded 1 samples, mean = 1.0 (flags = 0x41)
0  O                                                                         (0 = 0.0%)
1  -O                                                                        (1 = 100.0%) {0.0%}
2  ... 

Histogram: OptimizationGuide.ModelExecution.FeatureCurrentlyEnabledResult.HistorySearch recorded 2 samples, mean = 3.0 (flags = 0x41)
0  ... 
3  --O                                                                       (2 = 100.0%) {0.0%}
4  ... 

Histogram: OptimizationGuide.ModelExecution.FeatureCurrentlyEnabledResult.TabOrganization recorded 1 samples, mean = 3.0 (flags = 0x41)
0  ... 
3  -O                                                                        (1 = 100.0%) {0.0%}
4  ... 

Histogram: OptimizationGuide.ModelExecution.FeatureCurrentlyEnabledResult.WallpaperSearch recorded 1 samples, mean = 1.0 (flags = 0x41)
0  O                                                                         (0 = 0.0%)
1  -O                                                                        (1 = 100.0%) {0.0%}
2  ... 

Histogram: OptimizationGuide.ModelExecution.FeatureEnabledAtStartup.Compose recorded 1 samples, mean = 0.0 (flags = 0x41)
0  -O                                                                        (1 = 100.0%)
1  ... 

Histogram: OptimizationGuide.ModelExecution.FeatureEnabledAtStartup.HistorySearch recorded 1 samples, mean = 0.0 (flags = 0x41)
0  -O                                                                        (1 = 100.0%)
1  ... 

Histogram: OptimizationGuide.ModelExecution.FeatureEnabledAtStartup.TabOrganization recorded 1 samples, mean = 0.0 (flags = 0x41)
0  -O                                                                        (1 = 100.0%)
1  ... 

Histogram: OptimizationGuide.ModelExecution.FeatureEnabledAtStartup.WallpaperSearch recorded 1 samples, mean = 0.0 (flags = 0x41)
0  -O                                                                        (1 = 100.0%)
1  ... 

Histogram: OptimizationGuide.ModelExecution.OnDeviceModelInstallCriteria.AtRegistration.All recorded 1 samples, mean = 0.0 (flags = 0x41)
0  -O                                                                        (1 = 100.0%)
1  ... 

Histogram: OptimizationGuide.ModelExecution.OnDeviceModelInstallCriteria.AtRegistration.DeviceCapability recorded 1 samples, mean = 0.0 (flags = 0x41)
0  -O                                                                        (1 = 100.0%)
1  ... 

Histogram: OptimizationGuide.ModelExecution.OnDeviceModelInstallCriteria.AtRegistration.DiskSpace recorded 1 samples, mean = 1.0 (flags = 0x41)
0  O                                                                         (0 = 0.0%)
1  -O                                                                        (1 = 100.0%) {0.0%}
2  O                                                                         (0 = 0.0%) {100.0%}

Histogram: OptimizationGuide.ModelExecution.OnDeviceModelInstallCriteria.AtRegistration.EnabledByEnterprisePolicy recorded 1 samples, mean = 1.0 (flags = 0x41)
0  O                                                                         (0 = 0.0%)
1  -O                                                                        (1 = 100.0%) {0.0%}
2  O                                                                         (0 = 0.0%) {100.0%}

Histogram: OptimizationGuide.ModelExecution.OnDeviceModelInstallCriteria.AtRegistration.EnabledByFeature recorded 1 samples, mean = 0.0 (flags = 0x41)
0  -O                                                                        (1 = 100.0%)
1  ... 

Histogram: OptimizationGuide.ModelExecution.OnDeviceModelInstallCriteria.AtRegistration.FeatureUse recorded 1 samples, mean = 0.0 (flags = 0x41)
0  -O                                                                        (1 = 100.0%)
1  ... 

Histogram: OptimizationGuide.ModelExecutor.ExecutionStatus.PageVisibility recorded 4 samples, mean = 3.0 (flags = 0x41)
0  ... 
3  ----O                                                                     (4 = 100.0%) {0.0%}
4  ... 

Histogram: OptimizationGuide.ModelExecutor.ModelAvailableToLoad.PageVisibility recorded 4 samples, mean = 0.0 (flags = 0x41)
0  ----O                                                                     (4 = 100.0%)
1  ... 

Histogram: OptimizationGuide.ModelExecutor.TaskExecutionLatency.PageVisibility recorded 4 samples, mean = 7.0 (flags = 0x41)
0  ... 
6  ----O                                                                     (4 = 100.0%) {0.0%}
8  ... 

Histogram: OptimizationGuide.ModelExecutor.TaskSchedulingLatency.PageVisibility recorded 4 samples, mean = 0.0 (flags = 0x41)
0  ----O                                                                     (4 = 100.0%)
1  ... 

Histogram: OptimizationGuide.ModelHandler.HandlerCreated.GeolocationPermissions recorded 1 samples, mean = 1.0 (flags = 0x41)
0  O                                                                         (0 = 0.0%)
1  -O                                                                        (1 = 100.0%) {0.0%}
2  O                                                                         (0 = 0.0%) {100.0%}

Histogram: OptimizationGuide.ModelHandler.HandlerCreated.NewTabPageHistoryClustersModuleRanking recorded 1 samples, mean = 1.0 (flags = 0x41)
0  O                                                                         (0 = 0.0%)
1  -O                                                                        (1 = 100.0%) {0.0%}
2  O                                                                         (0 = 0.0%) {100.0%}

Histogram: OptimizationGuide.ModelHandler.HandlerCreated.NotificationPermissions recorded 1 samples, mean = 1.0 (flags = 0x41)
0  O                                                                         (0 = 0.0%)
1  -O                                                                        (1 = 100.0%) {0.0%}
2  O                                                                         (0 = 0.0%) {100.0%}

Histogram: OptimizationGuide.ModelHandler.HandlerCreated.OmniboxUrlScoring recorded 1 samples, mean = 1.0 (flags = 0x41)
0  O                                                                         (0 = 0.0%)
1  -O                                                                        (1 = 100.0%) {0.0%}
2  O                                                                         (0 = 0.0%) {100.0%}

Histogram: OptimizationGuide.ModelHandler.HandlerCreated.PageTopicsV2 recorded 1 samples, mean = 1.0 (flags = 0x41)
0  O                                                                         (0 = 0.0%)
1  -O                                                                        (1 = 100.0%) {0.0%}
2  O                                                                         (0 = 0.0%) {100.0%}

Histogram: OptimizationGuide.ModelHandler.HandlerCreated.PageVisibility recorded 1 samples, mean = 1.0 (flags = 0x41)
0  O                                                                         (0 = 0.0%)
1  -O                                                                        (1 = 100.0%) {0.0%}
2  O                                                                         (0 = 0.0%) {100.0%}

Histogram: OptimizationGuide.ModelHandler.HandlerCreated.SegmentationChromeLowUserEngagement recorded 1 samples, mean = 1.0 (flags = 0x41)
0  O                                                                         (0 = 0.0%)
1  -O                                                                        (1 = 100.0%) {0.0%}
2  O                                                                         (0 = 0.0%) {100.0%}

Histogram: OptimizationGuide.ModelHandler.HandlerCreated.SegmentationComposePromotion recorded 1 samples, mean = 1.0 (flags = 0x41)
0  O                                                                         (0 = 0.0%)
1  -O                                                                        (1 = 100.0%) {0.0%}
2  O                                                                         (0 = 0.0%) {100.0%}

Histogram: OptimizationGuide.ModelHandler.HandlerCreated.SegmentationDeviceSwitcher recorded 1 samples, mean = 1.0 (flags = 0x41)
0  O                                                                         (0 = 0.0%)
1  -O                                                                        (1 = 100.0%) {0.0%}
2  O                                                                         (0 = 0.0%) {100.0%}

Histogram: OptimizationGuide.ModelHandler.HandlerCreated.SegmentationSearchUser recorded 1 samples, mean = 1.0 (flags = 0x41)
0  O                                                                         (0 = 0.0%)
1  -O                                                                        (1 = 100.0%) {0.0%}
2  O                                                                         (0 = 0.0%) {100.0%}

Histogram: OptimizationGuide.ModelHandler.HandlerCreated.SegmentationShoppingUser recorded 1 samples, mean = 1.0 (flags = 0x41)
0  O                                                                         (0 = 0.0%)
1  -O                                                                        (1 = 100.0%) {0.0%}
2  O                                                                         (0 = 0.0%) {100.0%}

Histogram: OptimizationGuide.ModelHandler.HandlerCreated.URLVisitResumptionRanker recorded 1 samples, mean = 1.0 (flags = 0x41)
0  O                                                                         (0 = 0.0%)
1  -O                                                                        (1 = 100.0%) {0.0%}
2  O                                                                         (0 = 0.0%) {100.0%}

Histogram: OptimizationGuide.ModelHandler.HandlerCreated.WebAppInstallationPromo recorded 1 samples, mean = 1.0 (flags = 0x41)
0  O                                                                         (0 = 0.0%)
1  -O                                                                        (1 = 100.0%) {0.0%}
2  O                                                                         (0 = 0.0%) {100.0%}

Histogram: OptimizationGuide.PageContentAnnotations.AnnotateVisitResultCached recorded 4 samples, mean = 0.0 (flags = 0x41)
0  ----O                                                                     (4 = 100.0%)
1  ... 

Histogram: OptimizationGuide.PageContentAnnotations.BatchRequestedSize.ContentVisibility recorded 1 samples, mean = 4.0 (flags = 0x41)
0  ... 
4  -O                                                                        (1 = 100.0%) {0.0%}
5  ... 

Histogram: OptimizationGuide.PageContentAnnotations.BatchSuccess.ContentVisibility recorded 1 samples, mean = 0.0 (flags = 0x41)
0  -O                                                                        (1 = 100.0%)
1  ... 

Histogram: OptimizationGuide.PageContentAnnotations.JobExecutionTime.ContentVisibility recorded 1 samples, mean = 7.0 (flags = 0x41)
0  ... 
6  -O                                                                        (1 = 100.0%) {0.0%}
8  ... 

Histogram: OptimizationGuide.PageContentAnnotations.JobScheduleTime.ContentVisibility recorded 1 samples, mean = 0.0 (flags = 0x41)
0  -O                                                                        (1 = 100.0%)
1  ... 

Histogram: OptimizationGuide.PageContentAnnotationsService.ContentAnnotated recorded 4 samples, mean = 0.0 (flags = 0x41)
0  ----O                                                                     (4 = 100.0%)
1  ... 

Histogram: OptimizationGuide.PredictionManager.DownloadServiceAvailabilityBlockedFetch recorded 17 samples, mean = 0.0 (flags = 0x41)
0  -----------------O                                                        (17 = 100.0%)
1  ... 

Histogram: OptimizationGuide.PredictionManager.FirstModelFetchSinceServiceInit recorded 1 samples, mean = 10043.0 (flags = 0x41)
0     ... 
8000  -O                                                                        (1 = 100.0%) {0.0%}
10165 ... 

Histogram: OptimizationGuide.PredictionManager.ModelAvailableAtRegistration.ClientSidePhishing recorded 1 samples, mean = 0.0 (flags = 0x41)
0  -O                                                                        (1 = 100.0%)
1  ... 

Histogram: OptimizationGuide.PredictionManager.ModelAvailableAtRegistration.GeolocationPermissions recorded 1 samples, mean = 0.0 (flags = 0x41)
0  -O                                                                        (1 = 100.0%)
1  ... 

Histogram: OptimizationGuide.PredictionManager.ModelAvailableAtRegistration.LanguageDetection recorded 2 samples, mean = 0.0 (flags = 0x41)
0  --O                                                                       (2 = 100.0%)
1  ... 

Histogram: OptimizationGuide.PredictionManager.ModelAvailableAtRegistration.NewTabPageHistoryClustersModuleRanking recorded 1 samples, mean = 0.0 (flags = 0x41)
0  -O                                                                        (1 = 100.0%)
1  ... 

Histogram: OptimizationGuide.PredictionManager.ModelAvailableAtRegistration.NotificationPermissions recorded 1 samples, mean = 0.0 (flags = 0x41)
0  -O                                                                        (1 = 100.0%)
1  ... 

Histogram: OptimizationGuide.PredictionManager.ModelAvailableAtRegistration.OmniboxUrlScoring recorded 1 samples, mean = 0.0 (flags = 0x41)
0  -O                                                                        (1 = 100.0%)
1  ... 

Histogram: OptimizationGuide.PredictionManager.ModelAvailableAtRegistration.PageTopicsV2 recorded 1 samples, mean = 0.0 (flags = 0x41)
0  -O                                                                        (1 = 100.0%)
1  ... 

Histogram: OptimizationGuide.PredictionManager.ModelAvailableAtRegistration.PageVisibility recorded 1 samples, mean = 0.0 (flags = 0x41)
0  -O                                                                        (1 = 100.0%)
1  ... 

Histogram: OptimizationGuide.PredictionManager.ModelAvailableAtRegistration.SegmentationChromeLowUserEngagement recorded 1 samples, mean = 0.0 (flags = 0x41)
0  -O                                                                        (1 = 100.0%)
1  ... 

Histogram: OptimizationGuide.PredictionManager.ModelAvailableAtRegistration.SegmentationComposePromotion recorded 1 samples, mean = 0.0 (flags = 0x41)
0  -O                                                                        (1 = 100.0%)
1  ... 

Histogram: OptimizationGuide.PredictionManager.ModelAvailableAtRegistration.SegmentationDeviceSwitcher recorded 1 samples, mean = 0.0 (flags = 0x41)
0  -O                                                                        (1 = 100.0%)
1  ... 

Histogram: OptimizationGuide.PredictionManager.ModelAvailableAtRegistration.SegmentationSearchUser recorded 1 samples, mean = 0.0 (flags = 0x41)
0  -O                                                                        (1 = 100.0%)
1  ... 

Histogram: OptimizationGuide.PredictionManager.ModelAvailableAtRegistration.SegmentationShoppingUser recorded 1 samples, mean = 0.0 (flags = 0x41)
0  -O                                                                        (1 = 100.0%)
1  ... 

Histogram: OptimizationGuide.PredictionManager.ModelAvailableAtRegistration.TextSafety recorded 1 samples, mean = 0.0 (flags = 0x41)
0  -O                                                                        (1 = 100.0%)
1  ... 

Histogram: OptimizationGuide.PredictionManager.ModelAvailableAtRegistration.URLVisitResumptionRanker recorded 1 samples, mean = 0.0 (flags = 0x41)
0  -O                                                                        (1 = 100.0%)
1  ... 

Histogram: OptimizationGuide.PredictionManager.ModelAvailableAtRegistration.VisualSearchClassification recorded 1 samples, mean = 0.0 (flags = 0x41)
0  -O                                                                        (1 = 100.0%)
1  ... 

Histogram: OptimizationGuide.PredictionManager.ModelAvailableAtRegistration.WebAppInstallationPromo recorded 1 samples, mean = 0.0 (flags = 0x41)
0  -O                                                                        (1 = 100.0%)
1  ... 

Histogram: OptimizationGuide.PredictionManager.ModelDeliveryEvents.ClientSidePhishing recorded 34 samples, mean = 5.5 (flags = 0x41)
0  ... 
3  -----------------O                                                        (17 = 50.0%) {0.0%}
4  ... 
8  -----------------O                                                        (17 = 50.0%) {50.0%}
9  ... 

Histogram: OptimizationGuide.PredictionManager.ModelDeliveryEvents.GeolocationPermissions recorded 34 samples, mean = 5.5 (flags = 0x41)
0  ... 
3  -----------------O                                                        (17 = 50.0%) {0.0%}
4  ... 
8  -----------------O                                                        (17 = 50.0%) {50.0%}
9  ... 

Histogram: OptimizationGuide.PredictionManager.ModelDeliveryEvents.LanguageDetection recorded 34 samples, mean = 5.5 (flags = 0x41)
0  ... 
3  -----------------O                                                        (17 = 50.0%) {0.0%}
4  ... 
8  -----------------O                                                        (17 = 50.0%) {50.0%}
9  ... 

Histogram: OptimizationGuide.PredictionManager.ModelDeliveryEvents.NewTabPageHistoryClustersModuleRanking recorded 34 samples, mean = 5.5 (flags = 0x41)
0  ... 
3  -----------------O                                                        (17 = 50.0%) {0.0%}
4  ... 
8  -----------------O                                                        (17 = 50.0%) {50.0%}
9  ... 

Histogram: OptimizationGuide.PredictionManager.ModelDeliveryEvents.NotificationPermissions recorded 34 samples, mean = 5.5 (flags = 0x41)
0  ... 
3  -----------------O                                                        (17 = 50.0%) {0.0%}
4  ... 
8  -----------------O                                                        (17 = 50.0%) {50.0%}
9  ... 

Histogram: OptimizationGuide.PredictionManager.ModelDeliveryEvents.OmniboxUrlScoring recorded 34 samples, mean = 5.5 (flags = 0x41)
0  ... 
3  -----------------O                                                        (17 = 50.0%) {0.0%}
4  ... 
8  -----------------O                                                        (17 = 50.0%) {50.0%}
9  ... 

Histogram: OptimizationGuide.PredictionManager.ModelDeliveryEvents.PageTopicsV2 recorded 34 samples, mean = 5.5 (flags = 0x41)
0  ... 
3  -----------------O                                                        (17 = 50.0%) {0.0%}
4  ... 
8  -----------------O                                                        (17 = 50.0%) {50.0%}
9  ... 

Histogram: OptimizationGuide.PredictionManager.ModelDeliveryEvents.PageVisibility recorded 34 samples, mean = 5.5 (flags = 0x41)
0  ... 
3  -----------------O                                                        (17 = 50.0%) {0.0%}
4  ... 
8  -----------------O                                                        (17 = 50.0%) {50.0%}
9  ... 

Histogram: OptimizationGuide.PredictionManager.ModelDeliveryEvents.SegmentationChromeLowUserEngagement recorded 34 samples, mean = 5.5 (flags = 0x41)
0  ... 
3  -----------------O                                                        (17 = 50.0%) {0.0%}
4  ... 
8  -----------------O                                                        (17 = 50.0%) {50.0%}
9  ... 

Histogram: OptimizationGuide.PredictionManager.ModelDeliveryEvents.SegmentationComposePromotion recorded 34 samples, mean = 5.5 (flags = 0x41)
0  ... 
3  -----------------O                                                        (17 = 50.0%) {0.0%}
4  ... 
8  -----------------O                                                        (17 = 50.0%) {50.0%}
9  ... 

Histogram: OptimizationGuide.PredictionManager.ModelDeliveryEvents.SegmentationDeviceSwitcher recorded 34 samples, mean = 5.5 (flags = 0x41)
0  ... 
3  -----------------O                                                        (17 = 50.0%) {0.0%}
4  ... 
8  -----------------O                                                        (17 = 50.0%) {50.0%}
9  ... 

Histogram: OptimizationGuide.PredictionManager.ModelDeliveryEvents.SegmentationSearchUser recorded 34 samples, mean = 5.5 (flags = 0x41)
0  ... 
3  -----------------O                                                        (17 = 50.0%) {0.0%}
4  ... 
8  -----------------O                                                        (17 = 50.0%) {50.0%}
9  ... 

Histogram: OptimizationGuide.PredictionManager.ModelDeliveryEvents.SegmentationShoppingUser recorded 34 samples, mean = 5.5 (flags = 0x41)
0  ... 
3  -----------------O                                                        (17 = 50.0%) {0.0%}
4  ... 
8  -----------------O                                                        (17 = 50.0%) {50.0%}
9  ... 

Histogram: OptimizationGuide.PredictionManager.ModelDeliveryEvents.TextSafety recorded 34 samples, mean = 5.5 (flags = 0x41)
0  ... 
3  -----------------O                                                        (17 = 50.0%) {0.0%}
4  ... 
8  -----------------O                                                        (17 = 50.0%) {50.0%}
9  ... 

Histogram: OptimizationGuide.PredictionManager.ModelDeliveryEvents.URLVisitResumptionRanker recorded 34 samples, mean = 5.5 (flags = 0x41)
0  ... 
3  -----------------O                                                        (17 = 50.0%) {0.0%}
4  ... 
8  -----------------O                                                        (17 = 50.0%) {50.0%}
9  ... 

Histogram: OptimizationGuide.PredictionManager.ModelDeliveryEvents.VisualSearchClassification recorded 34 samples, mean = 5.5 (flags = 0x41)
0  ... 
3  -----------------O                                                        (17 = 50.0%) {0.0%}
4  ... 
8  -----------------O                                                        (17 = 50.0%) {50.0%}
9  ... 

Histogram: OptimizationGuide.PredictionManager.ModelDeliveryEvents.WebAppInstallationPromo recorded 34 samples, mean = 5.5 (flags = 0x41)
0  ... 
3  -----------------O                                                        (17 = 50.0%) {0.0%}
4  ... 
8  -----------------O                                                        (17 = 50.0%) {50.0%}
9  ... 

Histogram: OptimizationGuide.PredictionManager.RegistrationTimeSinceServiceInit.ClientSidePhishing recorded 1 samples, mean = 0.0 (flags = 0x41)
0  -O                                                                        (1 = 100.0%)
1  ... 

Histogram: OptimizationGuide.PredictionManager.RegistrationTimeSinceServiceInit.GeolocationPermissions recorded 1 samples, mean = 0.0 (flags = 0x41)
0  -O                                                                        (1 = 100.0%)
1  ... 

Histogram: OptimizationGuide.PredictionManager.RegistrationTimeSinceServiceInit.LanguageDetection recorded 2 samples, mean = 5.5 (flags = 0x41)
0   -O                                                                        (1 = 50.0%)
1   ... 
10  -O                                                                        (1 = 50.0%) {50.0%}
13  ... 

Histogram: OptimizationGuide.PredictionManager.RegistrationTimeSinceServiceInit.NewTabPageHistoryClustersModuleRanking recorded 1 samples, mean = 0.0 (flags = 0x41)
0  -O                                                                        (1 = 100.0%)
1  ... 

Histogram: OptimizationGuide.PredictionManager.RegistrationTimeSinceServiceInit.NotificationPermissions recorded 1 samples, mean = 0.0 (flags = 0x41)
0  -O                                                                        (1 = 100.0%)
1  ... 

Histogram: OptimizationGuide.PredictionManager.RegistrationTimeSinceServiceInit.OmniboxUrlScoring recorded 1 samples, mean = 0.0 (flags = 0x41)
0  -O                                                                        (1 = 100.0%)
1  ... 

Histogram: OptimizationGuide.PredictionManager.RegistrationTimeSinceServiceInit.PageTopicsV2 recorded 1 samples, mean = 0.0 (flags = 0x41)
0  -O                                                                        (1 = 100.0%)
1  ... 

Histogram: OptimizationGuide.PredictionManager.RegistrationTimeSinceServiceInit.PageVisibility recorded 1 samples, mean = 0.0 (flags = 0x41)
0  -O                                                                        (1 = 100.0%)
1  ... 

Histogram: OptimizationGuide.PredictionManager.RegistrationTimeSinceServiceInit.SegmentationChromeLowUserEngagement recorded 1 samples, mean = 2756.0 (flags = 0x41)
0     ... 
2415  -O                                                                        (1 = 100.0%) {0.0%}
3069  ... 

Histogram: OptimizationGuide.PredictionManager.RegistrationTimeSinceServiceInit.SegmentationComposePromotion recorded 1 samples, mean = 2756.0 (flags = 0x41)
0     ... 
2415  -O                                                                        (1 = 100.0%) {0.0%}
3069  ... 

Histogram: OptimizationGuide.PredictionManager.RegistrationTimeSinceServiceInit.SegmentationDeviceSwitcher recorded 1 samples, mean = 2756.0 (flags = 0x41)
0     ... 
2415  -O                                                                        (1 = 100.0%) {0.0%}
3069  ... 

Histogram: OptimizationGuide.PredictionManager.RegistrationTimeSinceServiceInit.SegmentationSearchUser recorded 1 samples, mean = 2756.0 (flags = 0x41)
0     ... 
2415  -O                                                                        (1 = 100.0%) {0.0%}
3069  ... 

Histogram: OptimizationGuide.PredictionManager.RegistrationTimeSinceServiceInit.SegmentationShoppingUser recorded 1 samples, mean = 2756.0 (flags = 0x41)
0     ... 
2415  -O                                                                        (1 = 100.0%) {0.0%}
3069  ... 

Histogram: OptimizationGuide.PredictionManager.RegistrationTimeSinceServiceInit.TextSafety recorded 1 samples, mean = 0.0 (flags = 0x41)
0  -O                                                                        (1 = 100.0%)
1  ... 

Histogram: OptimizationGuide.PredictionManager.RegistrationTimeSinceServiceInit.URLVisitResumptionRanker recorded 1 samples, mean = 2756.0 (flags = 0x41)
0     ... 
2415  -O                                                                        (1 = 100.0%) {0.0%}
3069  ... 

Histogram: OptimizationGuide.PredictionManager.RegistrationTimeSinceServiceInit.VisualSearchClassification recorded 1 samples, mean = 0.0 (flags = 0x41)
0  -O                                                                        (1 = 100.0%)
1  ... 

Histogram: OptimizationGuide.PredictionManager.RegistrationTimeSinceServiceInit.WebAppInstallationPromo recorded 1 samples, mean = 2756.0 (flags = 0x41)
0     ... 
2415  -O                                                                        (1 = 100.0%) {0.0%}
3069  ... 

Histogram: OptimizationGuide.PredictionManager.StoreInitialized recorded 1 samples, mean = 1.0 (flags = 0x40)
0  O                                                                         (0 = 0.0%)
1  -O                                                                        (1 = 100.0%) {0.0%}
2  O                                                                         (0 = 0.0%) {100.0%}

Histogram: OptimizationGuide.PredictionManager.SupportedModelEngineVersion recorded 17 samples, mean = 18.0 (flags = 0x40)
0   ... 
18  -----------------O                                                        (17 = 100.0%) {0.0%}
19  ... 

Histogram: OptimizationGuide.PredictionModelFetcher.GetModelsResponse.NetErrorCode recorded 17 samples (flags = 0x41)
379  -----------------O                                                        (17 = 100.0%)

Histogram: OptimizationGuide.PredictionModelFetcher.GetModelsResponse.NetErrorCode.ClientSidePhishing recorded 17 samples (flags = 0x41)
379  -----------------O                                                        (17 = 100.0%)

Histogram: OptimizationGuide.PredictionModelFetcher.GetModelsResponse.NetErrorCode.GeolocationPermissions recorded 17 samples (flags = 0x41)
379  -----------------O                                                        (17 = 100.0%)

Histogram: OptimizationGuide.PredictionModelFetcher.GetModelsResponse.NetErrorCode.LanguageDetection recorded 17 samples (flags = 0x41)
379  -----------------O                                                        (17 = 100.0%)

Histogram: OptimizationGuide.PredictionModelFetcher.GetModelsResponse.NetErrorCode.NewTabPageHistoryClustersModuleRanking recorded 17 samples (flags = 0x41)
379  -----------------O                                                        (17 = 100.0%)

Histogram: OptimizationGuide.PredictionModelFetcher.GetModelsResponse.NetErrorCode.NotificationPermissions recorded 17 samples (flags = 0x41)
379  -----------------O                                                        (17 = 100.0%)

Histogram: OptimizationGuide.PredictionModelFetcher.GetModelsResponse.NetErrorCode.OmniboxUrlScoring recorded 17 samples (flags = 0x41)
379  -----------------O                                                        (17 = 100.0%)

Histogram: OptimizationGuide.PredictionModelFetcher.GetModelsResponse.NetErrorCode.PageTopicsV2 recorded 17 samples (flags = 0x41)
379  -----------------O                                                        (17 = 100.0%)

Histogram: OptimizationGuide.PredictionModelFetcher.GetModelsResponse.NetErrorCode.PageVisibility recorded 17 samples (flags = 0x41)
379  -----------------O                                                        (17 = 100.0%)

Histogram: OptimizationGuide.PredictionModelFetcher.GetModelsResponse.NetErrorCode.SegmentationChromeLowUserEngagement recorded 17 samples (flags = 0x41)
379  -----------------O                                                        (17 = 100.0%)

Histogram: OptimizationGuide.PredictionModelFetcher.GetModelsResponse.NetErrorCode.SegmentationComposePromotion recorded 17 samples (flags = 0x41)
379  -----------------O                                                        (17 = 100.0%)

Histogram: OptimizationGuide.PredictionModelFetcher.GetModelsResponse.NetErrorCode.SegmentationDeviceSwitcher recorded 17 samples (flags = 0x41)
379  -----------------O                                                        (17 = 100.0%)

Histogram: OptimizationGuide.PredictionModelFetcher.GetModelsResponse.NetErrorCode.SegmentationSearchUser recorded 17 samples (flags = 0x41)
379  -----------------O                                                        (17 = 100.0%)

Histogram: OptimizationGuide.PredictionModelFetcher.GetModelsResponse.NetErrorCode.SegmentationShoppingUser recorded 17 samples (flags = 0x41)
379  -----------------O                                                        (17 = 100.0%)

Histogram: OptimizationGuide.PredictionModelFetcher.GetModelsResponse.NetErrorCode.TextSafety recorded 17 samples (flags = 0x41)
379  -----------------O                                                        (17 = 100.0%)

Histogram: OptimizationGuide.PredictionModelFetcher.GetModelsResponse.NetErrorCode.URLVisitResumptionRanker recorded 17 samples (flags = 0x41)
379  -----------------O                                                        (17 = 100.0%)

Histogram: OptimizationGuide.PredictionModelFetcher.GetModelsResponse.NetErrorCode.VisualSearchClassification recorded 17 samples (flags = 0x41)
379  -----------------O                                                        (17 = 100.0%)

Histogram: OptimizationGuide.PredictionModelFetcher.GetModelsResponse.NetErrorCode.WebAppInstallationPromo recorded 17 samples (flags = 0x41)
379  -----------------O                                                        (17 = 100.0%)

Histogram: OptimizationGuide.PredictionModelFetcher.GetModelsResponse.Status recorded 17 samples, mean = 403.0 (flags = 0x41)
0    ... 
403  -----------------O                                                        (17 = 100.0%) {0.0%}
404  ... 

Histogram: OptimizationGuide.PredictionModelFetcher.GetModelsResponse.Status.ClientSidePhishing recorded 17 samples, mean = 403.0 (flags = 0x41)
0    ... 
403  -----------------O                                                        (17 = 100.0%) {0.0%}
404  ... 

Histogram: OptimizationGuide.PredictionModelFetcher.GetModelsResponse.Status.GeolocationPermissions recorded 17 samples, mean = 403.0 (flags = 0x41)
0    ... 
403  -----------------O                                                        (17 = 100.0%) {0.0%}
404  ... 

Histogram: OptimizationGuide.PredictionModelFetcher.GetModelsResponse.Status.LanguageDetection recorded 17 samples, mean = 403.0 (flags = 0x41)
0    ... 
403  -----------------O                                                        (17 = 100.0%) {0.0%}
404  ... 

Histogram: OptimizationGuide.PredictionModelFetcher.GetModelsResponse.Status.NewTabPageHistoryClustersModuleRanking recorded 17 samples, mean = 403.0 (flags = 0x41)
0    ... 
403  -----------------O                                                        (17 = 100.0%) {0.0%}
404  ... 

Histogram: OptimizationGuide.PredictionModelFetcher.GetModelsResponse.Status.NotificationPermissions recorded 17 samples, mean = 403.0 (flags = 0x41)
0    ... 
403  -----------------O                                                        (17 = 100.0%) {0.0%}
404  ... 

Histogram: OptimizationGuide.PredictionModelFetcher.GetModelsResponse.Status.OmniboxUrlScoring recorded 17 samples, mean = 403.0 (flags = 0x41)
0    ... 
403  -----------------O                                                        (17 = 100.0%) {0.0%}
404  ... 

Histogram: OptimizationGuide.PredictionModelFetcher.GetModelsResponse.Status.PageTopicsV2 recorded 17 samples, mean = 403.0 (flags = 0x41)
0    ... 
403  -----------------O                                                        (17 = 100.0%) {0.0%}
404  ... 

Histogram: OptimizationGuide.PredictionModelFetcher.GetModelsResponse.Status.PageVisibility recorded 17 samples, mean = 403.0 (flags = 0x41)
0    ... 
403  -----------------O                                                        (17 = 100.0%) {0.0%}
404  ... 

Histogram: OptimizationGuide.PredictionModelFetcher.GetModelsResponse.Status.SegmentationChromeLowUserEngagement recorded 17 samples, mean = 403.0 (flags = 0x41)
0    ... 
403  -----------------O                                                        (17 = 100.0%) {0.0%}
404  ... 

Histogram: OptimizationGuide.PredictionModelFetcher.GetModelsResponse.Status.SegmentationComposePromotion recorded 17 samples, mean = 403.0 (flags = 0x41)
0    ... 
403  -----------------O                                                        (17 = 100.0%) {0.0%}
404  ... 

Histogram: OptimizationGuide.PredictionModelFetcher.GetModelsResponse.Status.SegmentationDeviceSwitcher recorded 17 samples, mean = 403.0 (flags = 0x41)
0    ... 
403  -----------------O                                                        (17 = 100.0%) {0.0%}
404  ... 

Histogram: OptimizationGuide.PredictionModelFetcher.GetModelsResponse.Status.SegmentationSearchUser recorded 17 samples, mean = 403.0 (flags = 0x41)
0    ... 
403  -----------------O                                                        (17 = 100.0%) {0.0%}
404  ... 

Histogram: OptimizationGuide.PredictionModelFetcher.GetModelsResponse.Status.SegmentationShoppingUser recorded 17 samples, mean = 403.0 (flags = 0x41)
0    ... 
403  -----------------O                                                        (17 = 100.0%) {0.0%}
404  ... 

Histogram: OptimizationGuide.PredictionModelFetcher.GetModelsResponse.Status.TextSafety recorded 17 samples, mean = 403.0 (flags = 0x41)
0    ... 
403  -----------------O                                                        (17 = 100.0%) {0.0%}
404  ... 

Histogram: OptimizationGuide.PredictionModelFetcher.GetModelsResponse.Status.URLVisitResumptionRanker recorded 17 samples, mean = 403.0 (flags = 0x41)
0    ... 
403  -----------------O                                                        (17 = 100.0%) {0.0%}
404  ... 

Histogram: OptimizationGuide.PredictionModelFetcher.GetModelsResponse.Status.VisualSearchClassification recorded 17 samples, mean = 403.0 (flags = 0x41)
0    ... 
403  -----------------O                                                        (17 = 100.0%) {0.0%}
404  ... 

Histogram: OptimizationGuide.PredictionModelFetcher.GetModelsResponse.Status.WebAppInstallationPromo recorded 17 samples, mean = 403.0 (flags = 0x41)
0    ... 
403  -----------------O                                                        (17 = 100.0%) {0.0%}
404  ... 

Histogram: OptimizationGuide.ProcessingComponentAtShutdown recorded 1 samples, mean = 0.0 (flags = 0x41)
0  -O                                                                        (1 = 100.0%)
1  ... 

Histogram: OptimizationGuide.RemoteFetchingEnabled recorded 1 samples, mean = 0.0 (flags = 0x41)
0  -O                                                                        (1 = 100.0%)
1  ... 

Histogram: OriginTrials.PersistentOriginTrial.LevelDbInitSuccess recorded 1 samples, mean = 1.0 (flags = 0x41)
0  O                                                                         (0 = 0.0%)
1  -O                                                                        (1 = 100.0%) {0.0%}
2  O                                                                         (0 = 0.0%) {100.0%}

Histogram: OriginTrials.PersistentOriginTrial.LevelDbLoadSize recorded 1 samples, mean = 0.0 (flags = 0x41)
0  -O                                                                        (1 = 100.0%)
1  ... 

Histogram: OriginTrials.PersistentOriginTrial.LevelDbLoadSuccess recorded 1 samples, mean = 1.0 (flags = 0x41)
0  O                                                                         (0 = 0.0%)
1  -O                                                                        (1 = 100.0%) {0.0%}
2  O                                                                         (0 = 0.0%) {100.0%}

Histogram: OriginTrials.PersistentOriginTrial.LevelDbLoadTime recorded 1 samples, mean = 2756.0 (flags = 0x41)
0     ... 
2516  -O                                                                        (1 = 100.0%) {0.0%}
2990  ... 

Histogram: OriginTrials.PersistentOriginTrial.OriginLookupsBeforeDbLoad recorded 1 samples, mean = 0.0 (flags = 0x41)
0  -O                                                                        (1 = 100.0%)
1  ... 

Histogram: OriginTrials.PersistentOriginTrial.OriginsAddedBeforeDbLoad recorded 1 samples, mean = 0.0 (flags = 0x41)
0  -O                                                                        (1 = 100.0%)
1  ... 

Histogram: PageActionController.ExtensionsWithPageActions recorded 1 samples, mean = 0.0 (flags = 0x41)
0  -O                                                                        (1 = 100.0%)
1  ... 

Histogram: PageContentAnnotations.AnnotateVisit.AnnotationRequestQueued recorded 4 samples, mean = 1.0 (flags = 0x40)
0  O                                                                         (0 = 0.0%)
1  ----O                                                                     (4 = 100.0%) {0.0%}
2  O                                                                         (0 = 0.0%) {100.0%}

Histogram: PageContentAnnotations.AnnotateVisit.AnnotationRequested recorded 4 samples, mean = 1.0 (flags = 0x40)
0  O                                                                         (0 = 0.0%)
1  ----O                                                                     (4 = 100.0%) {0.0%}
2  O                                                                         (0 = 0.0%) {100.0%}

Histogram: PageContentAnnotations.AnnotateVisit.BatchAnnotationStarted recorded 1 samples, mean = 1.0 (flags = 0x40)
0  O                                                                         (0 = 0.0%)
1  -O                                                                        (1 = 100.0%) {0.0%}
2  O                                                                         (0 = 0.0%) {100.0%}

Histogram: PageLoad.Clients.Ads.AllPages.NonAdNetworkBytes recorded 1 samples, mean = 796.0 (flags = 0x41)
0    ... 
692  -O                                                                        (1 = 100.0%) {0.0%}
901  ... 

Histogram: PageLoad.Clients.Ads.AllPages.PercentNetworkBytesAds recorded 1 samples, mean = 0.0 (flags = 0x41)
0  -O                                                                        (1 = 100.0%)
1  ... 

Histogram: PageLoad.Clients.Ads.AllPages.PercentTotalBytesAds recorded 1 samples, mean = 0.0 (flags = 0x41)
0  -O                                                                        (1 = 100.0%)
1  ... 

Histogram: PageLoad.Clients.Ads.AverageViewportAdDensity recorded 1 samples, mean = 0.0 (flags = 0x41)
0  -O                                                                        (1 = 100.0%)
1  ... 

Histogram: PageLoad.Clients.Ads.FrameCounts.AdFrames.Total recorded 1 samples, mean = 0.0 (flags = 0x41)
0  -O                                                                        (1 = 100.0%)
1  ... 

Histogram: PageLoad.Clients.Ads.NonVisible.FrameCounts.AdFrames.Total recorded 1 samples, mean = 0.0 (flags = 0x41)
0  -O                                                                        (1 = 100.0%)
1  ... 

Histogram: PageLoad.Clients.Ads.Visible.FrameCounts.AdFrames.Total recorded 1 samples, mean = 0.0 (flags = 0x41)
0  -O                                                                        (1 = 100.0%)
1  ... 

Histogram: PageLoad.Clients.CrossOrigin.LayoutInstability.CumulativeShiftScore recorded 1 samples, mean = 0.0 (flags = 0x41)
0  -O                                                                        (1 = 100.0%)
1  ... 

Histogram: PageLoad.Clients.CrossOrigin.LayoutInstability.CumulativeShiftScore.MainFrame recorded 1 samples, mean = 0.0 (flags = 0x41)
0  -O                                                                        (1 = 100.0%)
1  ... 

Histogram: PageLoad.Clients.Leakage2.AbandonReasonAt.LoaderStart recorded 1 samples, mean = 10.0 (flags = 0x41)
0   ... 
10  -O                                                                        (1 = 100.0%) {0.0%}
11  ... 

Histogram: PageLoad.Clients.Leakage2.LastMilestoneBeforeAbandon.NewReloadNavigation recorded 1 samples, mean = 1.0 (flags = 0x41)
0  O                                                                         (0 = 0.0%)
1  -O                                                                        (1 = 100.0%) {0.0%}
2  ... 

Histogram: PageLoad.Clients.Leakage2.LoaderStartToAbandon.NewReloadNavigation recorded 1 samples, mean = 2458.0 (flags = 0x41)
0     ... 
2435  -O                                                                        (1 = 100.0%) {0.0%}
2725  ... 

Histogram: PageLoad.Clients.Leakage2.NavigationStart recorded 2 samples, mean = 2843.0 (flags = 0x41)
0     ... 
2435  -O                                                                        (1 = 50.0%) {0.0%}
2725  O                                                                         (0 = 0.0%) {50.0%}
3049  -O                                                                        (1 = 50.0%) {50.0%}
3412  ... 

Histogram: PageLoad.Clients.Leakage2.NavigationStartToCommitReceived recorded 1 samples, mean = 3205.0 (flags = 0x41)
0     ... 
3049  -O                                                                        (1 = 100.0%) {0.0%}
3412  ... 

Histogram: PageLoad.Clients.Leakage2.NavigationStartToCommitSent recorded 1 samples, mean = 3202.0 (flags = 0x41)
0     ... 
3049  -O                                                                        (1 = 100.0%) {0.0%}
3412  ... 

Histogram: PageLoad.Clients.Leakage2.NavigationStartToDOMContentLoaded recorded 1 samples, mean = 3820.0 (flags = 0x41)
0     ... 
3818  -O                                                                        (1 = 100.0%) {0.0%}
4272  ... 

Histogram: PageLoad.Clients.Leakage2.NavigationStartToDidCommit recorded 1 samples, mean = 3211.0 (flags = 0x41)
0     ... 
3049  -O                                                                        (1 = 100.0%) {0.0%}
3412  ... 

Histogram: PageLoad.Clients.Leakage2.NavigationStartToFirstRedirectResponseLoaderCallback recorded 1 samples, mean = 2703.0 (flags = 0x41)
0     ... 
2435  -O                                                                        (1 = 100.0%) {0.0%}
2725  ... 

Histogram: PageLoad.Clients.Leakage2.NavigationStartToFirstRedirectResponseStart recorded 1 samples, mean = 2667.0 (flags = 0x41)
0     ... 
2435  -O                                                                        (1 = 100.0%) {0.0%}
2725  ... 

Histogram: PageLoad.Clients.Leakage2.NavigationStartToFirstRedirectedRequestStart recorded 1 samples, mean = 2666.0 (flags = 0x41)
0     ... 
2435  -O                                                                        (1 = 100.0%) {0.0%}
2725  ... 

Histogram: PageLoad.Clients.Leakage2.NavigationStartToLoadStarted recorded 1 samples, mean = 4639.0 (flags = 0x41)
0     ... 
4272  -O                                                                        (1 = 100.0%) {0.0%}
4780  ... 

Histogram: PageLoad.Clients.Leakage2.NavigationStartToLoaderStart recorded 2 samples, mean = 1205.5 (flags = 0x41)
0     ... 
15    -O                                                                        (1 = 50.0%) {0.0%}
17    ... 
2176  -O                                                                        (1 = 50.0%) {50.0%}
2435  ... 

Histogram: PageLoad.Clients.Leakage2.NavigationStartToNonRedirectResponseLoaderCallback recorded 1 samples, mean = 3198.0 (flags = 0x41)
0     ... 
3049  -O                                                                        (1 = 100.0%) {0.0%}
3412  ... 

Histogram: PageLoad.Clients.Leakage2.NavigationStartToNonRedirectResponseStart recorded 1 samples, mean = 3194.0 (flags = 0x41)
0     ... 
3049  -O                                                                        (1 = 100.0%) {0.0%}
3412  ... 

Histogram: PageLoad.Clients.Leakage2.NavigationStartToNonRedirectedRequestStart recorded 1 samples, mean = 2739.0 (flags = 0x41)
0     ... 
2725  -O                                                                        (1 = 100.0%) {0.0%}
3049  ... 

Histogram: PageLoad.Clients.Leakage2.NavigationStartToParseStart recorded 1 samples, mean = 3209.0 (flags = 0x41)
0     ... 
3049  -O                                                                        (1 = 100.0%) {0.0%}
3412  ... 

Histogram: PageLoad.Clients.Leakage2.RendererProcessCreatedBeforeNav recorded 1 samples, mean = 1.0 (flags = 0x41)
0  O                                                                         (0 = 0.0%)
1  -O                                                                        (1 = 100.0%) {0.0%}
2  O                                                                         (0 = 0.0%) {100.0%}

Histogram: PageLoad.Clients.LinkPreview.Usage recorded 1 samples, mean = 0.0 (flags = 0x41)
0  -O                                                                        (1 = 100.0%)
1  ... 

Histogram: PageLoad.Clients.MultiTabLoading.WithTabCount_0.DocumentTiming.NavigationToDOMContentLoadedEventFired recorded 1 samples, mean = 3820.0 (flags = 0x41)
0     ... 
3818  -O                                                                        (1 = 100.0%) {0.0%}
4272  ... 

Histogram: PageLoad.Clients.MultiTabLoading.WithTabCount_0.DocumentTiming.NavigationToLoadEventFired recorded 1 samples, mean = 4639.0 (flags = 0x41)
0     ... 
4272  -O                                                                        (1 = 100.0%) {0.0%}
4780  ... 

Histogram: PageLoad.Clients.MultiTabLoading.With_0_OtherLoading.DocumentTiming.NavigationToDOMContentLoadedEventFired recorded 1 samples, mean = 3820.0 (flags = 0x41)
0     ... 
3818  -O                                                                        (1 = 100.0%) {0.0%}
4272  ... 

Histogram: PageLoad.Clients.MultiTabLoading.With_0_OtherLoading.DocumentTiming.NavigationToLoadEventFired recorded 1 samples, mean = 4639.0 (flags = 0x41)
0     ... 
4272  -O                                                                        (1 = 100.0%) {0.0%}
4780  ... 

Histogram: PageLoad.Clients.PerformanceManager.LoadedIdleWithoutLCP recorded 1 samples, mean = 7062.0 (flags = 0x41)
0     ... 
6296  -O                                                                        (1 = 100.0%) {0.0%}
8000  ... 

Histogram: PageLoad.Clients.PerformanceManager.LoadedIdleWithoutLCP.Foreground recorded 1 samples, mean = 7062.0 (flags = 0x41)
0     ... 
6296  -O                                                                        (1 = 100.0%) {0.0%}
8000  ... 

Histogram: PageLoad.Clients.Protocol.QUIC.DocumentTiming.NavigationToDOMContentLoadedEventFired recorded 1 samples, mean = 3820.0 (flags = 0x41)
0     ... 
3818  -O                                                                        (1 = 100.0%) {0.0%}
4272  ... 

Histogram: PageLoad.Clients.Protocol.QUIC.DocumentTiming.NavigationToLoadEventFired recorded 1 samples, mean = 4639.0 (flags = 0x41)
0     ... 
4272  -O                                                                        (1 = 100.0%) {0.0%}
4780  ... 

Histogram: PageLoad.Clients.Protocol.QUIC.ParseTiming.NavigationToParseStart recorded 1 samples, mean = 3209.0 (flags = 0x41)
0     ... 
3049  -O                                                                        (1 = 100.0%) {0.0%}
3412  ... 

Histogram: PageLoad.Clients.Scheme.HTTPS.ParseTiming.NavigationToParseStart recorded 1 samples, mean = 3209.0 (flags = 0x41)
0     ... 
3049  -O                                                                        (1 = 100.0%) {0.0%}
3412  ... 

Histogram: PageLoad.Clients.SubresourceLoading.DaysSinceLastVisitToOrigin recorded 1 samples, mean = 0.0 (flags = 0x40)
0  -O                                                                        (1 = 100.0%)
1  ... 

Histogram: PageLoad.Clients.SubresourceLoading.HasPreviousVisitToOrigin recorded 1 samples, mean = 1.0 (flags = 0x40)
0  O                                                                         (0 = 0.0%)
1  -O                                                                        (1 = 100.0%) {0.0%}
2  O                                                                         (0 = 0.0%) {100.0%}

Histogram: PageLoad.Clients.TPCD.CookieAccess.ThirdPartyCookieAllowMechanism3 recorded 1 samples, mean = 2.0 (flags = 0x41)
0  ... 
2  -O                                                                        (1 = 100.0%) {0.0%}
3  ... 

Histogram: PageLoad.Clients.TPCD.ThirdPartyCookieAccessBlockedByExperiment2 recorded 1 samples, mean = 0.0 (flags = 0x41)
0  -O                                                                        (1 = 100.0%)
1  ... 

Histogram: PageLoad.Clients.ThirdParty.Origins.CookieRead2 recorded 1 samples, mean = 0.0 (flags = 0x41)
0  -O                                                                        (1 = 100.0%)
1  ... 

Histogram: PageLoad.Cpu.TotalUsage recorded 1 samples, mean = 314.0 (flags = 0x41)
0    ... 
288  -O                                                                        (1 = 100.0%) {0.0%}
322  ... 

Histogram: PageLoad.Cpu.TotalUsageForegrounded recorded 1 samples, mean = 314.0 (flags = 0x41)
0    ... 
288  -O                                                                        (1 = 100.0%) {0.0%}
322  ... 

Histogram: PageLoad.DocumentTiming.NavigationToDOMContentLoadedEventFired recorded 1 samples, mean = 3820.0 (flags = 0x41)
0     ... 
3818  -O                                                                        (1 = 100.0%) {0.0%}
4272  ... 

Histogram: PageLoad.DocumentTiming.NavigationToLoadEventFired recorded 1 samples, mean = 4639.0 (flags = 0x41)
0     ... 
4272  -O                                                                        (1 = 100.0%) {0.0%}
4780  ... 

Histogram: PageLoad.Experimental.NavigationTiming.FinalLoaderCallbackToNavigationCommitSent recorded 1 samples, mean = 4.0 (flags = 0x41)
0  -O                                                                        (1 = 100.0%)
10 ... 

Histogram: PageLoad.Experimental.NavigationTiming.FinalRequestStartToFinalResponseStart recorded 1 samples, mean = 454.0 (flags = 0x41)
0    ... 
451  -O                                                                        (1 = 100.0%) {0.0%}
505  ... 

Histogram: PageLoad.Experimental.NavigationTiming.FinalResponseStartToFinalLoaderCallback recorded 1 samples, mean = 3.0 (flags = 0x41)
0  -O                                                                        (1 = 100.0%)
10 ... 

Histogram: PageLoad.Experimental.NavigationTiming.FirstRequestStartToFirstResponseStart recorded 1 samples, mean = 0.0 (flags = 0x41)
0  -O                                                                        (1 = 100.0%)
10 ... 

Histogram: PageLoad.Experimental.NavigationTiming.FirstResponseStartToFirstLoaderCallback recorded 1 samples, mean = 36.0 (flags = 0x41)
0   ... 
34  -O                                                                        (1 = 100.0%) {0.0%}
38  ... 

Histogram: PageLoad.Experimental.NavigationTiming.NavigationStartToFinalLoaderCallback recorded 1 samples, mean = 3198.0 (flags = 0x41)
0     ... 
3049  -O                                                                        (1 = 100.0%) {0.0%}
3412  ... 

Histogram: PageLoad.Experimental.NavigationTiming.NavigationStartToFinalRequestStart recorded 1 samples, mean = 2739.0 (flags = 0x41)
0     ... 
2725  -O                                                                        (1 = 100.0%) {0.0%}
3049  ... 

Histogram: PageLoad.Experimental.NavigationTiming.NavigationStartToFinalResponseStart recorded 1 samples, mean = 3194.0 (flags = 0x41)
0     ... 
3049  -O                                                                        (1 = 100.0%) {0.0%}
3412  ... 

Histogram: PageLoad.Experimental.NavigationTiming.NavigationStartToFirstLoaderCallback recorded 1 samples, mean = 2703.0 (flags = 0x41)
0     ... 
2435  -O                                                                        (1 = 100.0%) {0.0%}
2725  ... 

Histogram: PageLoad.Experimental.NavigationTiming.NavigationStartToFirstRequestStart recorded 1 samples, mean = 2666.0 (flags = 0x41)
0     ... 
2435  -O                                                                        (1 = 100.0%) {0.0%}
2725  ... 

Histogram: PageLoad.Experimental.NavigationTiming.NavigationStartToFirstResponseStart recorded 1 samples, mean = 2667.0 (flags = 0x41)
0     ... 
2435  -O                                                                        (1 = 100.0%) {0.0%}
2725  ... 

Histogram: PageLoad.Experimental.NavigationTiming.NavigationStartToNavigationCommitSent recorded 1 samples, mean = 3202.0 (flags = 0x41)
0     ... 
3049  -O                                                                        (1 = 100.0%) {0.0%}
3412  ... 

Histogram: PageLoad.Experimental.PageTiming.CachedResourceLoadTime.font recorded 1 samples, mean = 0.0 (flags = 0x41)
0  -O                                                                        (1 = 100.0%)
1  ... 

Histogram: PageLoad.Experimental.PageTiming.CachedResourceLoadTime.script recorded 20 samples, mean = 4.2 (flags = 0x41)
0   -O                                                                        (1 = 5.0%)
1   O                                                                         (0 = 0.0%) {5.0%}
2   ----O                                                                     (4 = 20.0%) {5.0%}
3   --------O                                                                 (8 = 40.0%) {25.0%}
4   ... 
6   -----O                                                                    (5 = 25.0%) {65.0%}
8   -O                                                                        (1 = 5.0%) {90.0%}
10  -O                                                                        (1 = 5.0%) {95.0%}
13  ... 

Histogram: PageLoad.Experimental.PageTiming.CachedResourceLoadTime.style recorded 8 samples, mean = 54.5 (flags = 0x41)
0    O                                                                         (0 = 0.0%)
1    ---O                                                                      (3 = 37.5%) {0.0%}
2    --O                                                                       (2 = 25.0%) {37.5%}
3    -O                                                                        (1 = 12.5%) {62.5%}
4    -O                                                                        (1 = 12.5%) {75.0%}
5    ... 
356  -O                                                                        (1 = 12.5%) {87.5%}
452  ... 

Histogram: PageLoad.Experimental.PageTiming.CommitSentToFirstSubresourceLoadStart recorded 1 samples, mean = 11.0 (flags = 0x41)
0   ... 
11  -O                                                                        (1 = 100.0%) {0.0%}
12  ... 

Histogram: PageLoad.Experimental.PageTiming.NavigationToFirstSubresourceLoadStart recorded 1 samples, mean = 3214.0 (flags = 0x41)
0     ... 
3049  -O                                                                        (1 = 100.0%) {0.0%}
3412  ... 

Histogram: PageLoad.Experimental.PageTiming.ResourceLoadTime. recorded 7 samples, mean = 477.3 (flags = 0x41)
0     ... 
173   --O                                                                       (2 = 28.6%) {0.0%}
220   O                                                                         (0 = 0.0%) {28.6%}
280   ---O                                                                      (3 = 42.9%) {28.6%}
356   O                                                                         (0 = 0.0%) {71.4%}
452   -O                                                                        (1 = 14.3%) {71.4%}
574   ... 
1496  -O                                                                        (1 = 14.3%) {85.7%}
1901  ... 

Histogram: PageLoad.Experimental.PageTiming.ResourceLoadTime.document recorded 1 samples, mean = 455.0 (flags = 0x41)
0    ... 
452  -O                                                                        (1 = 100.0%) {0.0%}
574  ... 

Histogram: PageLoad.Experimental.PageTiming.ResourceLoadTime.font recorded 4 samples, mean = 302.5 (flags = 0x41)
0    ... 
173  -O                                                                        (1 = 25.0%) {0.0%}
220  -O                                                                        (1 = 25.0%) {25.0%}
280  -O                                                                        (1 = 25.0%) {50.0%}
356  -O                                                                        (1 = 25.0%) {75.0%}
452  ... 

Histogram: PageLoad.Experimental.PageTiming.ResourceLoadTime.image recorded 2 samples, mean = 195.0 (flags = 0x41)
0    ... 
136  -O                                                                        (1 = 50.0%) {0.0%}
173  O                                                                         (0 = 0.0%) {50.0%}
220  -O                                                                        (1 = 50.0%) {50.0%}
280  ... 

Histogram: PageLoad.Experimental.PageTiming.ResourceLoadTime.manifest recorded 1 samples, mean = 284.0 (flags = 0x41)
0    ... 
280  -O                                                                        (1 = 100.0%) {0.0%}
356  ... 

Histogram: PageLoad.Experimental.PageTiming.ResourceLoadTime.script recorded 6 samples, mean = 274.8 (flags = 0x41)
0    ... 
66   ---O                                                                      (3 = 50.0%) {0.0%}
84   ... 
280  -O                                                                        (1 = 16.7%) {50.0%}
356  -O                                                                        (1 = 16.7%) {66.7%}
452  O                                                                         (0 = 0.0%) {83.3%}
574  -O                                                                        (1 = 16.7%) {83.3%}
729  ... 

Histogram: PageLoad.Experimental.PageVisitFinalStatus recorded 1 samples, mean = 1.0 (flags = 0x41)
0  O                                                                         (0 = 0.0%)
1  -O                                                                        (1 = 100.0%) {0.0%}
2  ... 

Histogram: PageLoad.Experimental.PageVisitType2 recorded 1 samples, mean = 6.0 (flags = 0x41)
0  ... 
6  -O                                                                        (1 = 100.0%) {0.0%}
7  ... 

Histogram: PageLoad.Experimental.PaintTiming.FirstEligibleToPaintToFirstPaint recorded 1 samples, mean = 525.0 (flags = 0x41)
0    ... 
505  -O                                                                        (1 = 100.0%) {0.0%}
565  ... 

Histogram: PageLoad.Experimental.TotalForegroundDuration recorded 1 samples, mean = 2792738.0 (flags = 0x41)
0        ... 
2773316  -O                                                                        (1 = 100.0%) {0.0%}
3159737  ... 

Histogram: PageLoad.Experimental.TotalForegroundDuration.AllVisit recorded 1 samples, mean = 2792738.0 (flags = 0x41)
0        ... 
2773316  -O                                                                        (1 = 100.0%) {0.0%}
3159737  ... 

Histogram: PageLoad.Experimental.TotalForegroundDuration.IndependentUIVisit recorded 1 samples, mean = 2792738.0 (flags = 0x41)
0        ... 
2773316  -O                                                                        (1 = 100.0%) {0.0%}
3159737  ... 

Histogram: PageLoad.Expermental.SoftNavigations.Count recorded 1 samples, mean = 0.0 (flags = 0x41)
0  -O                                                                        (1 = 100.0%)
1  ... 

Histogram: PageLoad.Internal.PageLoadTimingStatus recorded 15 samples, mean = 0.0 (flags = 0x41)
0  ---------------O                                                          (15 = 100.0%)
1  ... 

Histogram: PageLoad.Internal.PageLoadTimingStatus.AtTimingCallbackDispatch recorded 4 samples, mean = 0.0 (flags = 0x41)
0  ----O                                                                     (4 = 100.0%)
1  ... 

Histogram: PageLoad.Internal.PageType recorded 2 samples, mean = 0.0 (flags = 0x41)
0  --O                                                                       (2 = 100.0%)
1  ... 

Histogram: PageLoad.Internal.SuppressedEventsBeforeMissingFirstPaint recorded 1 samples, mean = 0.0 (flags = 0x41)
0  -O                                                                        (1 = 100.0%)
1  ... 

Histogram: PageLoad.Internal.SuppressedEventsCountBeforePaint3 recorded 1 samples, mean = 0.0 (flags = 0x41)
0  -O                                                                        (1 = 100.0%)
1  ... 

Histogram: PageLoad.Internal.SuppressedEventsTimingBeforePaint3 recorded 1 samples, mean = 0.0 (flags = 0x41)
0  -O                                                                        (1 = 100.0%)
1  ... 

Histogram: PageLoad.Internal.SuppressedInteractionsCountBeforePaint3 recorded 1 samples, mean = 0.0 (flags = 0x41)
0  -O                                                                        (1 = 100.0%)
1  ... 

Histogram: PageLoad.LayoutInstability.CumulativeShiftScore recorded 1 samples, mean = 0.0 (flags = 0x41)
0  -O                                                                        (1 = 100.0%)
1  ... 

Histogram: PageLoad.LayoutInstability.CumulativeShiftScore.MainFrame recorded 1 samples, mean = 0.0 (flags = 0x41)
0  -O                                                                        (1 = 100.0%)
1  ... 

Histogram: PageLoad.LayoutInstability.MaxCumulativeShiftScore.SessionWindow.Gap1000ms.Max5000ms recorded 1 samples, mean = 0.0 (flags = 0x41)
0  -O                                                                        (1 = 100.0%)
1  ... 

Histogram: PageLoad.LayoutInstability.MaxCumulativeShiftScore.SessionWindow.Gap1000ms.Max5000ms2 recorded 1 samples, mean = 0.0 (flags = 0x41)
0  -O                                                                        (1 = 100.0%)
1  ... 

Histogram: PageLoad.PageTiming.ForegroundDuration recorded 1 samples, mean = 2792738.0 (flags = 0x41)
0        ... 
2773316  -O                                                                        (1 = 100.0%) {0.0%}
3159737  ... 

Histogram: PageLoad.PageTiming.ForegroundDuration.AfterPaint recorded 1 samples, mean = 2788555.0 (flags = 0x41)
0        ... 
2773316  -O                                                                        (1 = 100.0%) {0.0%}
3159737  ... 

Histogram: PageLoad.PageTiming.ForegroundDuration.NoCommit recorded 1 samples, mean = 77.0 (flags = 0x41)
0   ... 
71  -O                                                                        (1 = 100.0%) {0.0%}
81  ... 

Histogram: PageLoad.PageTiming.ForegroundDuration.WithPaint recorded 1 samples, mean = 2792738.0 (flags = 0x41)
0        ... 
2773316  -O                                                                        (1 = 100.0%) {0.0%}
3159737  ... 

Histogram: PageLoad.PaintTiming.NavigationToFirstPaint recorded 1 samples, mean = 4183.0 (flags = 0x41)
0     ... 
3818  -O                                                                        (1 = 100.0%) {0.0%}
4272  ... 

Histogram: PageLoad.ParseTiming.NavigationToParseStart recorded 1 samples, mean = 3209.0 (flags = 0x41)
0     ... 
3049  -O                                                                        (1 = 100.0%) {0.0%}
3412  ... 

Histogram: PageLoad.ParseTiming.NavigationToParseStart.LoadType.NewNavigation recorded 1 samples, mean = 3209.0 (flags = 0x41)
0     ... 
3049  -O                                                                        (1 = 100.0%) {0.0%}
3412  ... 

Histogram: PageLoad.ParseTiming.ParseBlockedOnScriptExecution recorded 1 samples, mean = 6.0 (flags = 0x41)
0  -O                                                                        (1 = 100.0%)
10 ... 

Histogram: PageLoad.ParseTiming.ParseBlockedOnScriptExecutionFromDocumentWrite recorded 1 samples, mean = 0.0 (flags = 0x41)
0  -O                                                                        (1 = 100.0%)
10 ... 

Histogram: PageLoad.ParseTiming.ParseBlockedOnScriptLoad recorded 1 samples, mean = 402.0 (flags = 0x41)
0    ... 
360  -O                                                                        (1 = 100.0%) {0.0%}
403  ... 

Histogram: PaintHolding.CommitTrigger2 recorded 1 samples, mean = 3.0 (flags = 0x41)
0  ... 
3  -O                                                                        (1 = 100.0%) {0.0%}
4  ... 

Histogram: PasswordManager.AccountStore.BlacklistedSitesHiRes3.WithoutCustomPassphrase recorded 1 samples, mean = 0.0 (flags = 0x41)
0  -O                                                                        (1 = 100.0%)
1  ... 

Histogram: PasswordManager.AccountStore.InaccessiblePasswords3 recorded 1 samples, mean = 0.0 (flags = 0x41)
0  -O                                                                        (1 = 100.0%)
1  ... 

Histogram: PasswordManager.AccountStore.LoginDatabaseEncryptionStatus recorded 1 samples, mean = 0.0 (flags = 0x41)
0  -O                                                                        (1 = 100.0%)
1  ... 

Histogram: PasswordManager.AccountStore.PasswordNotes.CountCredentialsWithNonEmptyNotes2 recorded 1 samples, mean = 0.0 (flags = 0x41)
0  -O                                                                        (1 = 100.0%)
1  ... 

Histogram: PasswordManager.AccountStore.TotalAccountsHiRes3.ByType.AutoGenerated.WithoutCustomPassphrase recorded 1 samples, mean = 0.0 (flags = 0x41)
0  -O                                                                        (1 = 100.0%)
1  ... 

Histogram: PasswordManager.AccountStore.TotalAccountsHiRes3.ByType.Overall recorded 1 samples, mean = 0.0 (flags = 0x41)
0  -O                                                                        (1 = 100.0%)
1  ... 

Histogram: PasswordManager.AccountStore.TotalAccountsHiRes3.ByType.Overall.WithoutCustomPassphrase recorded 1 samples, mean = 0.0 (flags = 0x41)
0  -O                                                                        (1 = 100.0%)
1  ... 

Histogram: PasswordManager.AccountStore.TotalAccountsHiRes3.ByType.ReceivedViaSharing.WithoutCustomPassphrase recorded 1 samples, mean = 0.0 (flags = 0x41)
0  -O                                                                        (1 = 100.0%)
1  ... 

Histogram: PasswordManager.AccountStore.TotalAccountsHiRes3.ByType.UserCreated.WithoutCustomPassphrase recorded 1 samples, mean = 0.0 (flags = 0x41)
0  -O                                                                        (1 = 100.0%)
1  ... 

Histogram: PasswordManager.AccountStore.TotalAccountsHiRes3.WithScheme.Android recorded 1 samples, mean = 0.0 (flags = 0x41)
0  -O                                                                        (1 = 100.0%)
1  ... 

Histogram: PasswordManager.AccountStore.TotalAccountsHiRes3.WithScheme.Ftp recorded 1 samples, mean = 0.0 (flags = 0x41)
0  -O                                                                        (1 = 100.0%)
1  ... 

Histogram: PasswordManager.AccountStore.TotalAccountsHiRes3.WithScheme.Http recorded 1 samples, mean = 0.0 (flags = 0x41)
0  -O                                                                        (1 = 100.0%)
1  ... 

Histogram: PasswordManager.AccountStore.TotalAccountsHiRes3.WithScheme.Https recorded 1 samples, mean = 0.0 (flags = 0x41)
0  -O                                                                        (1 = 100.0%)
1  ... 

Histogram: PasswordManager.AccountStore.TotalAccountsHiRes3.WithScheme.Other recorded 1 samples, mean = 0.0 (flags = 0x41)
0  -O                                                                        (1 = 100.0%)
1  ... 

Histogram: PasswordManager.AffiliationDatabase.DatabaseSize recorded 1 samples, mean = 52.0 (flags = 0x41)
0  -O                                                                        (1 = 100.0%)
1000... 

Histogram: PasswordManager.BiometricAuthBeforeFillingEnabled2 recorded 1 samples, mean = 0.0 (flags = 0x41)
0  -O                                                                        (1 = 100.0%)
1  ... 

Histogram: PasswordManager.BubbleSuppression.AccountsInStatisticsTable2 recorded 1 samples, mean = 0.0 (flags = 0x41)
0  -O                                                                        (1 = 100.0%)
1  ... 

Histogram: PasswordManager.CompromisedCredentials3.CountLeaked recorded 1 samples, mean = 0.0 (flags = 0x41)
0  -O                                                                        (1 = 100.0%)
1  ... 

Histogram: PasswordManager.CompromisedCredentials3.CountPhished recorded 1 samples, mean = 0.0 (flags = 0x41)
0  -O                                                                        (1 = 100.0%)
1  ... 

Histogram: PasswordManager.CredentialsWithDuplicates3 recorded 1 samples, mean = 0.0 (flags = 0x41)
0  -O                                                                        (1 = 100.0%)
1  ... 

Histogram: PasswordManager.CredentialsWithMismatchedDuplicates3 recorded 1 samples, mean = 0.0 (flags = 0x41)
0  -O                                                                        (1 = 100.0%)
1  ... 

Histogram: PasswordManager.EnableState recorded 1 samples, mean = 0.0 (flags = 0x41)
0  -O                                                                        (1 = 100.0%)
1  ... 

Histogram: PasswordManager.GetAllLogins.TimeSinceInit recorded 4 samples, mean = 35562.5 (flags = 0x41)
0      ... 
33665  ----O                                                                     (4 = 100.0%) {0.0%}
42775  ... 

Histogram: PasswordManager.GetAutofillableLogins.TimeSinceInit recorded 6 samples, mean = 41116.7 (flags = 0x41)
0      ... 
3069   --O                                                                       (2 = 33.3%) {0.0%}
3900   ... 
54351  ----O                                                                     (4 = 66.7%) {33.3%}
69059  ... 

Histogram: PasswordManager.LoginDatabaseInit2 recorded 2 samples, mean = 0.0 (flags = 0x41)
0  --O                                                                       (2 = 100.0%)
1  ... 

Histogram: PasswordManager.OnEncryptorReceived.Success recorded 2 samples, mean = 1.0 (flags = 0x41)
0  O                                                                         (0 = 0.0%)
1  --O                                                                       (2 = 100.0%) {0.0%}
2  O                                                                         (0 = 0.0%) {100.0%}

Histogram: PasswordManager.PasswordStore.InitTime recorded 2 samples, mean = 2479.5 (flags = 0x41)
0     ... 
2117  --O                                                                       (2 = 100.0%) {0.0%}
2516  ... 

Histogram: PasswordManager.PasswordStoreBackend.GetAllLoginsAsync recorded 8 samples, mean = 1.0 (flags = 0x41)
0  ----O                                                                     (4 = 50.0%)
1  O                                                                         (0 = 0.0%) {50.0%}
2  ----O                                                                     (4 = 50.0%) {50.0%}
3  ... 

Histogram: PasswordManager.PasswordStoreBackend.GetAllLoginsAsync.Latency recorded 4 samples, mean = 1.0 (flags = 0x41)
0  O                                                                         (0 = 0.0%)
1  ----O                                                                     (4 = 100.0%) {0.0%}
2  ... 

Histogram: PasswordManager.PasswordStoreBackend.GetAllLoginsAsync.Success recorded 4 samples, mean = 1.0 (flags = 0x41)
0  O                                                                         (0 = 0.0%)
1  ----O                                                                     (4 = 100.0%) {0.0%}
2  O                                                                         (0 = 0.0%) {100.0%}

Histogram: PasswordManager.PasswordStoreBackend.GetAutofillableLoginsAsync recorded 12 samples, mean = 1.0 (flags = 0x41)
0  ------O                                                                   (6 = 50.0%)
1  O                                                                         (0 = 0.0%) {50.0%}
2  ------O                                                                   (6 = 50.0%) {50.0%}
3  ... 

Histogram: PasswordManager.PasswordStoreBackend.GetAutofillableLoginsAsync.Latency recorded 6 samples, mean = 6.0 (flags = 0x41)
0  ... 
2  --O                                                                       (2 = 33.3%) {0.0%}
3  ... 
8  ----O                                                                     (4 = 66.7%) {33.3%}
10 ... 

Histogram: PasswordManager.PasswordStoreBackend.GetAutofillableLoginsAsync.Success recorded 6 samples, mean = 1.0 (flags = 0x41)
0  O                                                                         (0 = 0.0%)
1  ------O                                                                   (6 = 100.0%) {0.0%}
2  O                                                                         (0 = 0.0%) {100.0%}

Histogram: PasswordManager.PasswordStoreBuiltInBackend.GetAllLoginsAsync recorded 8 samples, mean = 1.0 (flags = 0x41)
0  ----O                                                                     (4 = 50.0%)
1  O                                                                         (0 = 0.0%) {50.0%}
2  ----O                                                                     (4 = 50.0%) {50.0%}
3  ... 

Histogram: PasswordManager.PasswordStoreBuiltInBackend.GetAllLoginsAsync.Latency recorded 4 samples, mean = 1.0 (flags = 0x41)
0  O                                                                         (0 = 0.0%)
1  ----O                                                                     (4 = 100.0%) {0.0%}
2  ... 

Histogram: PasswordManager.PasswordStoreBuiltInBackend.GetAllLoginsAsync.Success recorded 4 samples, mean = 1.0 (flags = 0x41)
0  O                                                                         (0 = 0.0%)
1  ----O                                                                     (4 = 100.0%) {0.0%}
2  O                                                                         (0 = 0.0%) {100.0%}

Histogram: PasswordManager.PasswordStoreBuiltInBackend.GetAutofillableLoginsAsync recorded 12 samples, mean = 1.0 (flags = 0x41)
0  ------O                                                                   (6 = 50.0%)
1  O                                                                         (0 = 0.0%) {50.0%}
2  ------O                                                                   (6 = 50.0%) {50.0%}
3  ... 

Histogram: PasswordManager.PasswordStoreBuiltInBackend.GetAutofillableLoginsAsync.Latency recorded 6 samples, mean = 6.0 (flags = 0x41)
0  ... 
2  --O                                                                       (2 = 33.3%) {0.0%}
3  ... 
8  ----O                                                                     (4 = 66.7%) {33.3%}
10 ... 

Histogram: PasswordManager.PasswordStoreBuiltInBackend.GetAutofillableLoginsAsync.Success recorded 6 samples, mean = 1.0 (flags = 0x41)
0  O                                                                         (0 = 0.0%)
1  ------O                                                                   (6 = 100.0%) {0.0%}
2  O                                                                         (0 = 0.0%) {100.0%}

Histogram: PasswordManager.ProfileStore.BlacklistedSitesHiRes3.WithoutCustomPassphrase recorded 1 samples, mean = 0.0 (flags = 0x41)
0  -O                                                                        (1 = 100.0%)
1  ... 

Histogram: PasswordManager.ProfileStore.InaccessiblePasswords3 recorded 1 samples, mean = 0.0 (flags = 0x41)
0  -O                                                                        (1 = 100.0%)
1  ... 

Histogram: PasswordManager.ProfileStore.LoginDatabaseEncryptionStatus recorded 1 samples, mean = 0.0 (flags = 0x41)
0  -O                                                                        (1 = 100.0%)
1  ... 

Histogram: PasswordManager.ProfileStore.PasswordNotes.CountCredentialsWithNonEmptyNotes2 recorded 1 samples, mean = 0.0 (flags = 0x41)
0  -O                                                                        (1 = 100.0%)
1  ... 

Histogram: PasswordManager.ProfileStore.TotalAccountsHiRes3.ByType.AutoGenerated.WithoutCustomPassphrase recorded 1 samples, mean = 0.0 (flags = 0x41)
0  -O                                                                        (1 = 100.0%)
1  ... 

Histogram: PasswordManager.ProfileStore.TotalAccountsHiRes3.ByType.Overall recorded 1 samples, mean = 0.0 (flags = 0x41)
0  -O                                                                        (1 = 100.0%)
1  ... 

Histogram: PasswordManager.ProfileStore.TotalAccountsHiRes3.ByType.Overall.WithoutCustomPassphrase recorded 1 samples, mean = 0.0 (flags = 0x41)
0  -O                                                                        (1 = 100.0%)
1  ... 

Histogram: PasswordManager.ProfileStore.TotalAccountsHiRes3.ByType.ReceivedViaSharing.WithoutCustomPassphrase recorded 1 samples, mean = 0.0 (flags = 0x41)
0  -O                                                                        (1 = 100.0%)
1  ... 

Histogram: PasswordManager.ProfileStore.TotalAccountsHiRes3.ByType.UserCreated.WithoutCustomPassphrase recorded 1 samples, mean = 0.0 (flags = 0x41)
0  -O                                                                        (1 = 100.0%)
1  ... 

Histogram: PasswordManager.ProfileStore.TotalAccountsHiRes3.WithScheme.Android recorded 1 samples, mean = 0.0 (flags = 0x41)
0  -O                                                                        (1 = 100.0%)
1  ... 

Histogram: PasswordManager.ProfileStore.TotalAccountsHiRes3.WithScheme.Ftp recorded 1 samples, mean = 0.0 (flags = 0x41)
0  -O                                                                        (1 = 100.0%)
1  ... 

Histogram: PasswordManager.ProfileStore.TotalAccountsHiRes3.WithScheme.Http recorded 1 samples, mean = 0.0 (flags = 0x41)
0  -O                                                                        (1 = 100.0%)
1  ... 

Histogram: PasswordManager.ProfileStore.TotalAccountsHiRes3.WithScheme.Https recorded 1 samples, mean = 0.0 (flags = 0x41)
0  -O                                                                        (1 = 100.0%)
1  ... 

Histogram: PasswordManager.ProfileStore.TotalAccountsHiRes3.WithScheme.Other recorded 1 samples, mean = 0.0 (flags = 0x41)
0  -O                                                                        (1 = 100.0%)
1  ... 

Histogram: PasswordManager.SavedGaiaPasswordHashCount2 recorded 1 samples, mean = 0.0 (flags = 0x41)
0  -O                                                                        (1 = 100.0%)
1  ... 

Histogram: PasswordManager.SyncMetadataReadError2 recorded 2 samples, mean = 0.0 (flags = 0x41)
0  --O                                                                       (2 = 100.0%)
1  ... 

Histogram: PasswordManager.SyncingAccountState3 recorded 1 samples, mean = 2.0 (flags = 0x41)
0  ... 
2  -O                                                                        (1 = 100.0%) {0.0%}
3  ... 

Histogram: PaymentRequest.IsCanMakePaymentAllowedByPref.Startup recorded 1 samples, mean = 1.0 (flags = 0x41)
0  O                                                                         (0 = 0.0%)
1  -O                                                                        (1 = 100.0%) {0.0%}
2  O                                                                         (0 = 0.0%) {100.0%}

Histogram: PerformanceManager.LoadingNotQuiescentPageCount.All recorded 92 samples, mean = 0.0 (flags = 0x41)
0  ------------------------------------------------------------------------O (92 = 100.0%)
1  ... 

Histogram: PerformanceManager.LoadingNotQuiescentPageCount.Hidden recorded 92 samples, mean = 0.0 (flags = 0x41)
0  ------------------------------------------------------------------------O (92 = 100.0%)
1  ... 

Histogram: PerformanceManager.LoadingNotQuiescentPageCount.MixedVisibility recorded 92 samples, mean = 0.0 (flags = 0x41)
0  ------------------------------------------------------------------------O (92 = 100.0%)
1  ... 

Histogram: PerformanceManager.LoadingNotQuiescentPageCount.Visible recorded 92 samples, mean = 0.0 (flags = 0x41)
0  ------------------------------------------------------------------------O (92 = 100.0%)
1  ... 

Histogram: PerformanceManager.QuiescentPageCount recorded 92 samples, mean = 1.0 (flags = 0x41)
0  O                                                                         (0 = 0.0%)
1  ------------------------------------------------------------------------O (92 = 100.0%) {0.0%}
2  ... 

Histogram: PerformanceManager.SiteDB.DatabaseInit recorded 1 samples, mean = 0.0 (flags = 0x41)
0  -O                                                                        (1 = 100.0%)
1  ... 

Histogram: PerformanceManager.SiteDB.OnDiskSize recorded 1 samples, mean = 0.0 (flags = 0x41)
0  -O                                                                        (1 = 100.0%)
1000... 

Histogram: PerformanceManager.SiteDB.WriteCompleted.WriteSiteDataIntoStore recorded 1 samples, mean = 1.0 (flags = 0x41)
0  O                                                                         (0 = 0.0%)
1  -O                                                                        (1 = 100.0%) {0.0%}
2  O                                                                         (0 = 0.0%) {100.0%}

Histogram: PerformanceManager.SiteDB.WriteScheduled.WriteSiteDataIntoStore recorded 1 samples, mean = 1.0 (flags = 0x41)
0  O                                                                         (0 = 0.0%)
1  -O                                                                        (1 = 100.0%) {0.0%}
2  O                                                                         (0 = 0.0%) {100.0%}

Histogram: PerformanceManager.TabRevisitTracker.TimeToClose2 recorded 1 samples, mean = 2792.0 (flags = 0x41)
0     ... 
2792  -O                                                                        (1 = 100.0%) {0.0%}
2938  ... 

Histogram: PerformanceManager.UserTuning.BatterySaverModeEnabledPercent recorded 1 samples, mean = 0.0 (flags = 0x41)
0  -O                                                                        (1 = 100.0%)
1  ... 

Histogram: PerformanceManager.UserTuning.MemorySaverModeEnabledPercent recorded 1 samples, mean = 0.0 (flags = 0x41)
0  -O                                                                        (1 = 100.0%)
1  ... 

Histogram: PerformanceMonitor.AverageCPU8.BrowserProcess recorded 23 samples, mean = 3743.3 (flags = 0x41)
0      ... 
462    ------O                                                                   (6 = 26.1%) {0.0%}
558    ----------O                                                               (10 = 43.5%) {26.1%}
674    --O                                                                       (2 = 8.7%) {69.6%}
814    O                                                                         (0 = 0.0%) {78.3%}
983    -O                                                                        (1 = 4.3%) {78.3%}
1187   -O                                                                        (1 = 4.3%) {82.6%}
1433   ... 
5353   -O                                                                        (1 = 4.3%) {87.0%}
6462   ... 
20000  --O                                                                       (2 = 8.7%) {91.3%}

Histogram: PerformanceMonitor.AverageCPU8.GPUProcess recorded 23 samples, mean = 14.9 (flags = 0x41)
0    ... 
6    --O                                                                       (2 = 8.7%) {0.0%}
7    --------O                                                                 (8 = 34.8%) {8.7%}
8    -----O                                                                    (5 = 21.7%) {43.5%}
10   ---O                                                                      (3 = 13.0%) {65.2%}
12   -O                                                                        (1 = 4.3%) {78.3%}
15   -O                                                                        (1 = 4.3%) {82.6%}
18   --O                                                                       (2 = 8.7%) {87.0%}
22   ... 
124  -O                                                                        (1 = 4.3%) {95.7%}
150  ... 

Histogram: PerformanceMonitor.AverageCPU8.NetworkProcess recorded 23 samples, mean = 2.6 (flags = 0x41)
0   O                                                                         (0 = 0.0%)
1   ---------------O                                                          (15 = 65.2%) {0.0%}
2   ----O                                                                     (4 = 17.4%) {65.2%}
3   O                                                                         (0 = 0.0%) {82.6%}
4   --O                                                                       (2 = 8.7%) {82.6%}
5   ... 
10  -O                                                                        (1 = 4.3%) {91.3%}
12  ... 
18  -O                                                                        (1 = 4.3%) {95.7%}
22  ... 

Histogram: PerformanceMonitor.AverageCPU8.OtherProcess recorded 23 samples, mean = 0.0 (flags = 0x41)
0  -----------------------O                                                  (23 = 100.0%)
1  ... 

Histogram: PerformanceMonitor.AverageCPU8.RendererExtensionEventProcess recorded 23 samples, mean = 0.0 (flags = 0x41)
0  -----------------------O                                                  (23 = 100.0%)
1  ... 

Histogram: PerformanceMonitor.AverageCPU8.RendererExtensionPersistentProcess recorded 23 samples, mean = 0.0 (flags = 0x41)
0  -----------------------O                                                  (23 = 100.0%)
1  ... 

Histogram: PerformanceMonitor.AverageCPU8.RendererProcess recorded 23 samples, mean = 16.9 (flags = 0x41)
0    -----------------O                                                        (17 = 73.9%)
1    -O                                                                        (1 = 4.3%) {73.9%}
2    O                                                                         (0 = 0.0%) {78.3%}
3    ---O                                                                      (3 = 13.0%) {78.3%}
4    O                                                                         (0 = 0.0%) {91.3%}
5    -O                                                                        (1 = 4.3%) {91.3%}
6    ... 
317  -O                                                                        (1 = 4.3%) {95.7%}
383  ... 

Histogram: PerformanceMonitor.AverageCPU8.Total recorded 23 samples, mean = 3761.5 (flags = 0x41)
0      ... 
462    ------O                                                                   (6 = 26.1%) {0.0%}
558    ----------O                                                               (10 = 43.5%) {26.1%}
674    --O                                                                       (2 = 8.7%) {69.6%}
814    O                                                                         (0 = 0.0%) {78.3%}
983    -O                                                                        (1 = 4.3%) {78.3%}
1187   -O                                                                        (1 = 4.3%) {82.6%}
1433   ... 
5353   -O                                                                        (1 = 4.3%) {87.0%}
6462   ... 
20000  --O                                                                       (2 = 8.7%) {91.3%}

Histogram: PerformanceMonitor.AverageCPU8.Total.ZeroWindow recorded 23 samples, mean = 3761.5 (flags = 0x41)
0      ... 
462    ------O                                                                   (6 = 26.1%) {0.0%}
558    ----------O                                                               (10 = 43.5%) {26.1%}
674    --O                                                                       (2 = 8.7%) {69.6%}
814    O                                                                         (0 = 0.0%) {78.3%}
983    -O                                                                        (1 = 4.3%) {78.3%}
1187   -O                                                                        (1 = 4.3%) {82.6%}
1433   ... 
5353   -O                                                                        (1 = 4.3%) {87.0%}
6462   ... 
20000  --O                                                                       (2 = 8.7%) {91.3%}

Histogram: PerformanceMonitor.AverageCPU8.UtilityProcess recorded 23 samples, mean = 71.9 (flags = 0x41)
0     ----------------------O                                                   (22 = 95.7%)
1     ... 
1433  -O                                                                        (1 = 4.3%) {95.7%}
1730  ... 

Histogram: PerformanceMonitor.HasPreciseCPUUsage recorded 9 samples, mean = 1.0 (flags = 0x41)
0  O                                                                         (0 = 0.0%)
1  ---------O                                                                (9 = 100.0%) {0.0%}
2  O                                                                         (0 = 0.0%) {100.0%}

Histogram: PerformanceMonitor.UsageScenario.LongInterval recorded 23 samples, mean = 13.0 (flags = 0x41)
0   ... 
13  -----------------------O                                                  (23 = 100.0%) {0.0%}
14  ... 

Histogram: Permissions.API.CreatedPermissionStatusObjects recorded 1 samples, mean = 0.0 (flags = 0x41)
0  -O                                                                        (1 = 100.0%)
1  ... 

Histogram: Permissions.Experimental.PrimaryMainNavigationFinished.AudioCapture.TopLevelHeaderPolicy recorded 1 samples, mean = 0.0 (flags = 0x41)
0  -O                                                                        (1 = 100.0%)
1  ... 

Histogram: Permissions.Experimental.PrimaryMainNavigationFinished.Geolocation.TopLevelHeaderPolicy recorded 1 samples, mean = 0.0 (flags = 0x41)
0  -O                                                                        (1 = 100.0%)
1  ... 

Histogram: Permissions.Experimental.PrimaryMainNavigationFinished.VideoCapture.TopLevelHeaderPolicy recorded 1 samples, mean = 0.0 (flags = 0x41)
0  -O                                                                        (1 = 100.0%)
1  ... 

Histogram: Permissions.QuietNotificationPrompts.RegularProfile.IsEnabledInPrefs recorded 1 samples, mean = 0.0 (flags = 0x41)
0  -O                                                                        (1 = 100.0%)
1  ... 

Histogram: Platform.IntelMaxMicroArchitecture recorded 1 samples, mean = 8.0 (flags = 0x41)
0  ... 
8  -O                                                                        (1 = 100.0%) {0.0%}
9  ... 

Histogram: Power.BatteryDischargeMode5 recorded 46 samples, mean = 4.0 (flags = 0x41)
0  ... 
4  ----------------------------------------------O                           (46 = 100.0%) {0.0%}
5  ... 

Histogram: Power.BatteryDischargeMode5.Initial recorded 1 samples, mean = 4.0 (flags = 0x41)
0  ... 
4  -O                                                                        (1 = 100.0%) {0.0%}
5  ... 

Histogram: Power.BatteryDischargeMode5.Periodic recorded 45 samples, mean = 4.0 (flags = 0x41)
0  ... 
4  ---------------------------------------------O                            (45 = 100.0%) {0.0%}
5  ... 

Histogram: Power.BatteryDischargeMode5.TenMinutes recorded 4 samples, mean = 4.0 (flags = 0x41)
0  ... 
4  ----O                                                                     (4 = 100.0%) {0.0%}
5  ... 

Histogram: Power.BatteryDischargeMode5.ZeroWindow recorded 46 samples, mean = 4.0 (flags = 0x41)
0  ... 
4  ----------------------------------------------O                           (46 = 100.0%) {0.0%}
5  ... 

Histogram: Power.BatteryDischargeMode5.ZeroWindow.Initial recorded 1 samples, mean = 4.0 (flags = 0x41)
0  ... 
4  -O                                                                        (1 = 100.0%) {0.0%}
5  ... 

Histogram: Power.BatteryDischargeMode5.ZeroWindow.Periodic recorded 45 samples, mean = 4.0 (flags = 0x41)
0  ... 
4  ---------------------------------------------O                            (45 = 100.0%) {0.0%}
5  ... 

Histogram: Power.HasPreciseBatteryDischargeGranularity recorded 46 samples, mean = 0.0 (flags = 0x41)
0  ----------------------------------------------O                           (46 = 100.0%)
1  ... 

Histogram: Prefs.JSonStore.SetValueKey recorded 59 samples (flags = 0x41)
83401060    --O                                                                       (2 = 3.4%)
174384190   --O                                                                       (2 = 3.4%)
372921139   -----------------O                                                        (17 = 28.8%)
386474016   -O                                                                        (1 = 1.7%)
511540468   -O                                                                        (1 = 1.7%)
852125461   --O                                                                       (2 = 3.4%)
945162316   -O                                                                        (1 = 1.7%)
1227647714  -O                                                                        (1 = 1.7%)
1276459689  -O                                                                        (1 = 1.7%)
1365845067  -O                                                                        (1 = 1.7%)
1526276751  -O                                                                        (1 = 1.7%)
1527195949  -O                                                                        (1 = 1.7%)
1764633608  -O                                                                        (1 = 1.7%)
1923415074  -----O                                                                    (5 = 8.5%)
1927273959  -O                                                                        (1 = 1.7%)
1936820420  --O                                                                       (2 = 3.4%)
1956100443  -O                                                                        (1 = 1.7%)
2056672062  -----------------O                                                        (17 = 28.8%)
2082524502  -O                                                                        (1 = 1.7%)

Histogram: Privacy.CookieControlsSetting.RegularProfile recorded 1 samples, mean = 2.0 (flags = 0x41)
0  ... 
2  -O                                                                        (1 = 100.0%) {0.0%}
3  O                                                                         (0 = 0.0%) {100.0%}

Histogram: Privacy.DIPS.BounceCategoryServer.Block3PC recorded 1 samples, mean = 0.0 (flags = 0x41)
0  -O                                                                        (1 = 100.0%)
1  ... 

Histogram: Privacy.DIPS.ClearedSitesCount.Block3PC recorded 1 samples, mean = 0.0 (flags = 0x41)
0  -O                                                                        (1 = 100.0%)
1  ... 

Histogram: Privacy.DIPS.DIPSErrorCodes recorded 4 samples, mean = 3.0 (flags = 0x41)
0  --O                                                                       (2 = 50.0%)
1  ... 
6  --O                                                                       (2 = 50.0%) {50.0%}
7  ... 

Histogram: Privacy.DIPS.Database.Operation.FilterSitesWithProtectiveEventTime recorded 1 samples, mean = 0.0 (flags = 0x41)
0  -O                                                                        (1 = 100.0%)
1  ... 

Histogram: Privacy.DIPS.Database.Operation.GetSitesThatBouncedWithStateTime recorded 1 samples, mean = 0.0 (flags = 0x41)
0  -O                                                                        (1 = 100.0%)
1  ... 

Histogram: Privacy.DIPS.Database.Operation.InitTime recorded 1 samples, mean = 1.0 (flags = 0x41)
0  O                                                                         (0 = 0.0%)
1  -O                                                                        (1 = 100.0%) {0.0%}
2  ... 

Histogram: Privacy.DIPS.Database.Operation.ReadPopupTime recorded 1 samples, mean = 0.0 (flags = 0x41)
0  -O                                                                        (1 = 100.0%)
1  ... 

Histogram: Privacy.DIPS.Database.Operation.ReadTime recorded 4 samples, mean = 0.0 (flags = 0x41)
0  ----O                                                                     (4 = 100.0%)
1  ... 

Histogram: Privacy.DIPS.Database.Operation.RemoveRowsTime recorded 1 samples, mean = 3.0 (flags = 0x41)
0  ... 
3  -O                                                                        (1 = 100.0%) {0.0%}
4  ... 

Histogram: Privacy.DIPS.Database.Operation.WriteTime recorded 2 samples, mean = 3.5 (flags = 0x41)
0  ... 
3  -O                                                                        (1 = 50.0%) {0.0%}
4  -O                                                                        (1 = 50.0%) {50.0%}
5  ... 

Histogram: Privacy.DIPS.DatabaseEntryCount recorded 1 samples, mean = 1.0 (flags = 0x41)
0  O                                                                         (0 = 0.0%)
1  -O                                                                        (1 = 100.0%) {0.0%}
2  ... 

Histogram: Privacy.DIPS.DatabaseHealthMetricsTime recorded 1 samples, mean = 0.0 (flags = 0x41)
0  -O                                                                        (1 = 100.0%)
1  ... 

Histogram: Privacy.DIPS.DatabaseInit recorded 1 samples, mean = 1.0 (flags = 0x41)
0  O                                                                         (0 = 0.0%)
1  -O                                                                        (1 = 100.0%) {0.0%}
2  ... 

Histogram: Privacy.DIPS.DatabaseSize recorded 1 samples, mean = 36.0 (flags = 0x41)
0  -O                                                                        (1 = 100.0%)
1000... 

Histogram: Privacy.DoNotTrackSetting2 recorded 1 samples, mean = 0.0 (flags = 0x41)
0  -O                                                                        (1 = 100.0%)
1  ... 

Histogram: Privacy.ThirdPartyCookieBlockingSetting.RegularProfile recorded 1 samples, mean = 0.0 (flags = 0x41)
0  -O                                                                        (1 = 100.0%)
1  ... 

Histogram: PrivacyBudget.Identifiability.FinchConfigValidationResult recorded 1 samples, mean = 1.0 (flags = 0x41)
0  O                                                                         (0 = 0.0%)
1  -O                                                                        (1 = 100.0%) {0.0%}
2  O                                                                         (0 = 0.0%) {100.0%}

Histogram: PrivacySandbox.NoticeRequirement.IsVariationCountryEmpty recorded 3 samples, mean = 1.0 (flags = 0x41)
0  O                                                                         (0 = 0.0%)
1  ---O                                                                      (3 = 100.0%) {0.0%}
2  O                                                                         (0 = 0.0%) {100.0%}

Histogram: PrivacySandbox.NoticeRequirement.IsVariationServiceReady recorded 3 samples, mean = 1.0 (flags = 0x41)
0  O                                                                         (0 = 0.0%)
1  ---O                                                                      (3 = 100.0%) {0.0%}
2  O                                                                         (0 = 0.0%) {100.0%}

Histogram: PrivacySandbox.TrackingProtection.OnboardingStartup.State recorded 1 samples, mean = 0.0 (flags = 0x41)
0  -O                                                                        (1 = 100.0%)
1  ... 

Histogram: PrivacySandbox.TrackingProtection.SilentOnboardingStartup.State recorded 1 samples, mean = 0.0 (flags = 0x41)
0  -O                                                                        (1 = 100.0%)
1  ... 

Histogram: Profile.AppCount recorded 1 samples, mean = 0.0 (flags = 0x41)
0  -O                                                                        (1 = 100.0%)
1  ... 

Histogram: Profile.BookmarksSize recorded 1 samples, mean = 0.0 (flags = 0x41)
0  -O                                                                        (1 = 100.0%)
1  ... 

Histogram: Profile.CookiesSize recorded 1 samples, mean = 0.0 (flags = 0x41)
0  -O                                                                        (1 = 100.0%)
1  ... 

Histogram: Profile.Destroyer.OffTheRecord recorded 1 samples, mean = 1.0 (flags = 0x41)
0  O                                                                         (0 = 0.0%)
1  -O                                                                        (1 = 100.0%) {0.0%}
2  ... 

Histogram: Profile.DidDestroyProfileBeforeShutdown recorded 1 samples, mean = 0.0 (flags = 0x41)
0  -O                                                                        (1 = 100.0%)
1  ... 

Histogram: Profile.ExtensionSize recorded 1 samples, mean = 0.0 (flags = 0x41)
0  -O                                                                        (1 = 100.0%)
1  ... 

Histogram: Profile.FaviconsSize recorded 1 samples, mean = 0.0 (flags = 0x41)
0  -O                                                                        (1 = 100.0%)
1  ... 

Histogram: Profile.HistorySize recorded 1 samples, mean = 0.0 (flags = 0x41)
0  -O                                                                        (1 = 100.0%)
1  ... 

Histogram: Profile.KeepAliveLeakAtShutdown recorded 2 samples, mean = 3.5 (flags = 0x41)
0  -O                                                                        (1 = 50.0%)
1  ... 
7  -O                                                                        (1 = 50.0%) {50.0%}
8  ... 

Histogram: Profile.LiveProfileCount recorded 1 samples, mean = 1.0 (flags = 0x41)
0  O                                                                         (0 = 0.0%)
1  -O                                                                        (1 = 100.0%) {0.0%}
2  ... 

Histogram: Profile.TopSitesSize recorded 1 samples, mean = 0.0 (flags = 0x41)
0  -O                                                                        (1 = 100.0%)
1  ... 

Histogram: Profile.TotalHistorySize recorded 1 samples, mean = 0.0 (flags = 0x41)
0  -O                                                                        (1 = 100.0%)
1  ... 

Histogram: Profile.TotalSize recorded 1 samples, mean = 0.0 (flags = 0x41)
0  -O                                                                        (1 = 100.0%)
1  ... 

Histogram: Profile.TotalSizeRecursive recorded 1 samples, mean = 8.0 (flags = 0x41)
0  ... 
8  -O                                                                        (1 = 100.0%) {0.0%}
10 ... 

Histogram: Profile.TriggeredReset recorded 1 samples, mean = 0.0 (flags = 0x41)
0  -O                                                                        (1 = 100.0%)
1  ... 

Histogram: Profile.VisitedLinksSize recorded 1 samples, mean = 0.0 (flags = 0x41)
0  -O                                                                        (1 = 100.0%)
1  ... 

Histogram: Profile.WebDataSize recorded 1 samples, mean = 0.0 (flags = 0x41)
0  -O                                                                        (1 = 100.0%)
1  ... 

Histogram: Profile.ZombieProfileCount recorded 1 samples, mean = 0.0 (flags = 0x41)
0  -O                                                                        (1 = 100.0%)
1  ... 

Histogram: ProfilePicker.StartupMode.CreateInitialProfile recorded 1 samples, mean = 0.0 (flags = 0x41)
0  -O                                                                        (1 = 100.0%)
1  ... 

Histogram: ProfilePicker.StartupMode.GetStartupProfile recorded 1 samples, mean = 0.0 (flags = 0x41)
0  -O                                                                        (1 = 100.0%)
1  ... 

Histogram: ProfilePicker.StartupReason.GetStartupProfile recorded 1 samples, mean = 27.0 (flags = 0x41)
0   ... 
27  -O                                                                        (1 = 100.0%) {0.0%}
28  ... 

Histogram: ProtoDB.GetErrorStatus.Metadata recorded 0 samples (flags = 0x41)
0 ... 

Histogram: ProtoDB.GetFound.Metadata recorded 18 samples, mean = 1.0 (flags = 0x41)
0  O                                                                         (0 = 0.0%)
1  ------------------O                                                       (18 = 100.0%) {0.0%}
2  O                                                                         (0 = 0.0%) {100.0%}

Histogram: ProtoDB.GetSuccess.Metadata recorded 18 samples, mean = 1.0 (flags = 0x41)
0  O                                                                         (0 = 0.0%)
1  ------------------O                                                       (18 = 100.0%) {0.0%}
2  O                                                                         (0 = 0.0%) {100.0%}

Histogram: ProtoDB.InitStatus.BudgetManager recorded 1 samples, mean = 4.0 (flags = 0x41)
0  ... 
4  -O                                                                        (1 = 100.0%) {0.0%}
5  ... 

Histogram: ProtoDB.InitStatus.CartDatabase recorded 1 samples, mean = 4.0 (flags = 0x41)
0  ... 
4  -O                                                                        (1 = 100.0%) {0.0%}
5  ... 

Histogram: ProtoDB.InitStatus.ClientCertificatesDatabase recorded 1 samples, mean = 4.0 (flags = 0x41)
0  ... 
4  -O                                                                        (1 = 100.0%) {0.0%}
5  ... 

Histogram: ProtoDB.InitStatus.CommerceParcelTrackingDatabase recorded 1 samples, mean = 4.0 (flags = 0x41)
0  ... 
4  -O                                                                        (1 = 100.0%) {0.0%}
5  ... 

Histogram: ProtoDB.InitStatus.CommerceSubscriptionDatabase recorded 1 samples, mean = 4.0 (flags = 0x41)
0  ... 
4  -O                                                                        (1 = 100.0%) {0.0%}
5  ... 

Histogram: ProtoDB.InitStatus.CouponDatabase recorded 1 samples, mean = 4.0 (flags = 0x41)
0  ... 
4  -O                                                                        (1 = 100.0%) {0.0%}
5  ... 

Histogram: ProtoDB.InitStatus.DiscountsDatabase recorded 1 samples, mean = 4.0 (flags = 0x41)
0  ... 
4  -O                                                                        (1 = 100.0%) {0.0%}
5  ... 

Histogram: ProtoDB.InitStatus.DownloadDB recorded 1 samples, mean = 4.0 (flags = 0x41)
0  ... 
4  -O                                                                        (1 = 100.0%) {0.0%}
5  ... 

Histogram: ProtoDB.InitStatus.DownloadService recorded 1 samples, mean = 4.0 (flags = 0x41)
0  ... 
4  -O                                                                        (1 = 100.0%) {0.0%}
5  ... 

Histogram: ProtoDB.InitStatus.FeatureEngagementTrackerAvailabilityStore recorded 1 samples, mean = 4.0 (flags = 0x41)
0  ... 
4  -O                                                                        (1 = 100.0%) {0.0%}
5  ... 

Histogram: ProtoDB.InitStatus.FeatureEngagementTrackerEventStore recorded 1 samples, mean = 4.0 (flags = 0x41)
0  ... 
4  -O                                                                        (1 = 100.0%) {0.0%}
5  ... 

Histogram: ProtoDB.InitStatus.Metadata recorded 1 samples, mean = 0.0 (flags = 0x41)
0  -O                                                                        (1 = 100.0%)
1  ... 

Histogram: ProtoDB.InitStatus.PersistentOriginTrials recorded 1 samples, mean = 4.0 (flags = 0x41)
0  ... 
4  -O                                                                        (1 = 100.0%) {0.0%}
5  ... 

Histogram: ProtoDB.InitStatus.PreviewsHintCacheStore recorded 1 samples, mean = 4.0 (flags = 0x41)
0  ... 
4  -O                                                                        (1 = 100.0%) {0.0%}
5  ... 

Histogram: ProtoDB.InitStatus.SegmentInfoDatabase recorded 1 samples, mean = 4.0 (flags = 0x41)
0  ... 
4  -O                                                                        (1 = 100.0%) {0.0%}
5  ... 

Histogram: ProtoDB.InitStatus.SharedDb recorded 1 samples, mean = 0.0 (flags = 0x41)
0  -O                                                                        (1 = 100.0%)
1  ... 

Histogram: ProtoDB.InitStatus.SignalDatabase recorded 1 samples, mean = 4.0 (flags = 0x41)
0  ... 
4  -O                                                                        (1 = 100.0%) {0.0%}
5  ... 

Histogram: ProtoDB.InitStatus.SignalStorageConfigDatabase recorded 1 samples, mean = 4.0 (flags = 0x41)
0  ... 
4  -O                                                                        (1 = 100.0%) {0.0%}
5  ... 

Histogram: ProtoDB.InitStatus.StrikeService recorded 1 samples, mean = 4.0 (flags = 0x41)
0  ... 
4  -O                                                                        (1 = 100.0%) {0.0%}
5  ... 

Histogram: ProtoDB.LoadEntriesSuccess.CartDatabase recorded 1 samples, mean = 1.0 (flags = 0x41)
0  O                                                                         (0 = 0.0%)
1  -O                                                                        (1 = 100.0%) {0.0%}
2  O                                                                         (0 = 0.0%) {100.0%}

Histogram: ProtoDB.LoadEntriesSuccess.CouponDatabase recorded 1 samples, mean = 1.0 (flags = 0x41)
0  O                                                                         (0 = 0.0%)
1  -O                                                                        (1 = 100.0%) {0.0%}
2  O                                                                         (0 = 0.0%) {100.0%}

Histogram: ProtoDB.LoadEntriesSuccess.DownloadDB recorded 1 samples, mean = 1.0 (flags = 0x41)
0  O                                                                         (0 = 0.0%)
1  -O                                                                        (1 = 100.0%) {0.0%}
2  O                                                                         (0 = 0.0%) {100.0%}

Histogram: ProtoDB.LoadEntriesSuccess.DownloadService recorded 1 samples, mean = 1.0 (flags = 0x41)
0  O                                                                         (0 = 0.0%)
1  -O                                                                        (1 = 100.0%) {0.0%}
2  O                                                                         (0 = 0.0%) {100.0%}

Histogram: ProtoDB.LoadEntriesSuccess.FeatureEngagementTrackerAvailabilityStore recorded 1 samples, mean = 1.0 (flags = 0x41)
0  O                                                                         (0 = 0.0%)
1  -O                                                                        (1 = 100.0%) {0.0%}
2  O                                                                         (0 = 0.0%) {100.0%}

Histogram: ProtoDB.LoadEntriesSuccess.FeatureEngagementTrackerEventStore recorded 1 samples, mean = 1.0 (flags = 0x41)
0  O                                                                         (0 = 0.0%)
1  -O                                                                        (1 = 100.0%) {0.0%}
2  O                                                                         (0 = 0.0%) {100.0%}

Histogram: ProtoDB.LoadEntriesSuccess.PersistentOriginTrials recorded 1 samples, mean = 1.0 (flags = 0x41)
0  O                                                                         (0 = 0.0%)
1  -O                                                                        (1 = 100.0%) {0.0%}
2  O                                                                         (0 = 0.0%) {100.0%}

Histogram: ProtoDB.LoadEntriesSuccess.SegmentInfoDatabase recorded 1 samples, mean = 1.0 (flags = 0x41)
0  O                                                                         (0 = 0.0%)
1  -O                                                                        (1 = 100.0%) {0.0%}
2  O                                                                         (0 = 0.0%) {100.0%}

Histogram: ProtoDB.LoadEntriesSuccess.SignalStorageConfigDatabase recorded 1 samples, mean = 1.0 (flags = 0x41)
0  O                                                                         (0 = 0.0%)
1  -O                                                                        (1 = 100.0%) {0.0%}
2  O                                                                         (0 = 0.0%) {100.0%}

Histogram: ProtoDB.LoadKeysAndEntriesSuccess.PreviewsHintCacheStore recorded 2 samples, mean = 1.0 (flags = 0x41)
0  O                                                                         (0 = 0.0%)
1  --O                                                                       (2 = 100.0%) {0.0%}
2  O                                                                         (0 = 0.0%) {100.0%}

Histogram: ProtoDB.LoadKeysAndEntriesSuccess.SignalDatabase recorded 1180 samples, mean = 1.0 (flags = 0x41)
0  O                                                                         (0 = 0.0%)
1  ------------------------------------------------------------------------O (1180 = 100.0%) {0.0%}
2  O                                                                         (0 = 0.0%) {100.0%}

Histogram: ProtoDB.LoadKeysAndEntriesSuccess.StrikeService recorded 1 samples, mean = 1.0 (flags = 0x41)
0  O                                                                         (0 = 0.0%)
1  -O                                                                        (1 = 100.0%) {0.0%}
2  O                                                                         (0 = 0.0%) {100.0%}

Histogram: ProtoDB.SharedDbInitStatus recorded 53 samples, mean = 11.4 (flags = 0x41)
0   ------------------O                                                       (18 = 34.0%)
1   ... 
11  -----------------O                                                        (17 = 32.1%) {34.0%}
12  ... 
23  -----------------O                                                        (17 = 32.1%) {66.0%}
24  ... 
27  -O                                                                        (1 = 1.9%) {98.1%}
28  ... 

Histogram: ProtoDB.UpdateErrorStatus.CartDatabase recorded 0 samples (flags = 0x41)
0 ... 

Histogram: ProtoDB.UpdateErrorStatus.CouponDatabase recorded 0 samples (flags = 0x41)
0 ... 

Histogram: ProtoDB.UpdateErrorStatus.Default recorded 0 samples (flags = 0x41)
0 ... 

Histogram: ProtoDB.UpdateErrorStatus.FeatureEngagementTrackerAvailabilityStore recorded 0 samples (flags = 0x41)
0 ... 

Histogram: ProtoDB.UpdateErrorStatus.Metadata recorded 0 samples (flags = 0x41)
0 ... 

Histogram: ProtoDB.UpdateErrorStatus.SegmentInfoDatabase recorded 0 samples (flags = 0x41)
0 ... 

Histogram: ProtoDB.UpdateErrorStatus.SignalDatabase recorded 0 samples (flags = 0x41)
0 ... 

Histogram: ProtoDB.UpdateSuccess.CartDatabase recorded 1 samples, mean = 1.0 (flags = 0x41)
0  O                                                                         (0 = 0.0%)
1  -O                                                                        (1 = 100.0%) {0.0%}
2  O                                                                         (0 = 0.0%) {100.0%}

Histogram: ProtoDB.UpdateSuccess.CouponDatabase recorded 1 samples, mean = 1.0 (flags = 0x41)
0  O                                                                         (0 = 0.0%)
1  -O                                                                        (1 = 100.0%) {0.0%}
2  O                                                                         (0 = 0.0%) {100.0%}

Histogram: ProtoDB.UpdateSuccess.Default recorded 5 samples, mean = 1.0 (flags = 0x41)
0  O                                                                         (0 = 0.0%)
1  -----O                                                                    (5 = 100.0%) {0.0%}
2  O                                                                         (0 = 0.0%) {100.0%}

Histogram: ProtoDB.UpdateSuccess.FeatureEngagementTrackerAvailabilityStore recorded 1 samples, mean = 1.0 (flags = 0x41)
0  O                                                                         (0 = 0.0%)
1  -O                                                                        (1 = 100.0%) {0.0%}
2  O                                                                         (0 = 0.0%) {100.0%}

Histogram: ProtoDB.UpdateSuccess.Metadata recorded 1 samples, mean = 1.0 (flags = 0x41)
0  O                                                                         (0 = 0.0%)
1  -O                                                                        (1 = 100.0%) {0.0%}
2  O                                                                         (0 = 0.0%) {100.0%}

Histogram: ProtoDB.UpdateSuccess.SegmentInfoDatabase recorded 11 samples, mean = 1.0 (flags = 0x41)
0  O                                                                         (0 = 0.0%)
1  -----------O                                                              (11 = 100.0%) {0.0%}
2  O                                                                         (0 = 0.0%) {100.0%}

Histogram: ProtoDB.UpdateSuccess.SignalDatabase recorded 1 samples, mean = 1.0 (flags = 0x41)
0  O                                                                         (0 = 0.0%)
1  -O                                                                        (1 = 100.0%) {0.0%}
2  O                                                                         (0 = 0.0%) {100.0%}

Histogram: Quota.AvailableDiskSpace recorded 2 samples, mean = 68479.0 (flags = 0x41)
0      ... 
64985  --O                                                                       (2 = 100.0%) {0.0%}
75808  ... 

Histogram: Quota.GlobalTemporaryPoolSize recorded 2 samples, mean = 380777.0 (flags = 0x41)
0       ... 
353788  --O                                                                       (2 = 100.0%) {0.0%}
412711  ... 

Histogram: Quota.PercentDiskAvailable recorded 2 samples, mean = 14.0 (flags = 0x41)
0   ... 
14  --O                                                                       (2 = 100.0%) {0.0%}
15  ... 

Histogram: Quota.TotalDiskSpace recorded 2 samples, mean = 475971.0 (flags = 0x41)
0       ... 
412711  --O                                                                       (2 = 100.0%) {0.0%}
481447  ... 

Histogram: Quota.TotalDiskSpaceIsZero recorded 2 samples, mean = 0.0 (flags = 0x41)
0  --O                                                                       (2 = 100.0%)
1  ... 

Histogram: ReadingList.Read.Count.OnModelLoaded.AccountStorage recorded 1 samples, mean = 0.0 (flags = 0x41)
0  -O                                                                        (1 = 100.0%)
1  ... 

Histogram: ReadingList.Read.Count.OnModelLoaded.LocalStorage recorded 1 samples, mean = 0.0 (flags = 0x41)
0  -O                                                                        (1 = 100.0%)
1  ... 

Histogram: ReadingList.Unread.Count.OnModelLoaded.AccountStorage recorded 1 samples, mean = 0.0 (flags = 0x41)
0  -O                                                                        (1 = 100.0%)
1  ... 

Histogram: ReadingList.Unread.Count.OnModelLoaded.LocalStorage recorded 1 samples, mean = 0.0 (flags = 0x41)
0  -O                                                                        (1 = 100.0%)
1  ... 

Histogram: Renderer.BrowserLaunchToRunLoopStart recorded 1 samples, mean = 45.0 (flags = 0x41)
0   ... 
40  -O                                                                        (1 = 100.0%) {0.0%}
48  ... 

Histogram: Renderer.Core.Timing.Performance.SwapsPerPerformanceEntryInsertion recorded 53 samples, mean = 0.9 (flags = 0x41)
0   ------------------------------------------O                               (42 = 79.2%)
1   ---O                                                                      (3 = 5.7%) {79.2%}
2   -O                                                                        (1 = 1.9%) {84.9%}
3   -O                                                                        (1 = 1.9%) {86.8%}
4   ---O                                                                      (3 = 5.7%) {88.7%}
5   O                                                                         (0 = 0.0%) {94.3%}
6   -O                                                                        (1 = 1.9%) {94.3%}
7   ... 
9   -O                                                                        (1 = 1.9%) {96.2%}
10  O                                                                         (0 = 0.0%) {98.1%}
11  -O                                                                        (1 = 1.9%) {98.1%}
12  ... 

Histogram: Renderer.CriticalFonts.BlockingResourcesLoadTime recorded 1 samples, mean = 3640.0 (flags = 0x41)
0     ... 
3553  -O                                                                        (1 = 100.0%) {0.0%}
4222  ... 

Histogram: Renderer.CriticalFonts.CriticalFontDelay recorded 1 samples, mean = 0.0 (flags = 0x41)
0  -O                                                                        (1 = 100.0%)
1  ... 

Histogram: Renderer.CriticalFonts.PreloadedFontsLoadTime recorded 1 samples, mean = 3237.0 (flags = 0x41)
0     ... 
2990  -O                                                                        (1 = 100.0%) {0.0%}
3553  ... 

Histogram: Renderer.Font.PrimaryFont.DomContentLoaded recorded 1 samples, mean = 0.0 (flags = 0x41)
0  -O                                                                        (1 = 100.0%)
1  ... 

Histogram: Renderer.Font.PrimaryFont.DomContentLoaded.Style recorded 1 samples, mean = 0.0 (flags = 0x41)
0  -O                                                                        (1 = 100.0%)
1  ... 

Histogram: Renderer.Font.SystemFallback.DomContentLoaded recorded 1 samples, mean = 0.0 (flags = 0x41)
0  -O                                                                        (1 = 100.0%)
1  ... 

Histogram: Renderer.Layout.TextWrapBalance recorded 3 samples, mean = 0.0 (flags = 0x41)
0  ---O                                                                      (3 = 100.0%)
1  ... 

Histogram: Renderer.ProcessLifetime3 recorded 3 samples, mean = 1860234.4 (flags = 0x41)
0        -O                                                                        (1 = 33.3%)
1000     ... 
2663020  --O                                                                       (2 = 66.7%) {33.3%}
2990513  ... 

Histogram: Renderer.ProcessLifetime3.Empty recorded 1 samples, mean = 2789542.0 (flags = 0x41)
0        ... 
2663020  -O                                                                        (1 = 100.0%) {0.0%}
2990513  ... 

Histogram: Renderer.ProcessLifetime3.MainFrame recorded 1 samples, mean = 2790339.0 (flags = 0x41)
0        ... 
2663020  -O                                                                        (1 = 100.0%) {0.0%}
2990513  ... 

Histogram: Renderer.ProcessLifetime3.Speculative recorded 1 samples, mean = 822.0 (flags = 0x41)
0  -O                                                                        (1 = 100.0%)
1000... 

Histogram: Renderer.ReduceSubresourceResponseIPC.DidNotifyBrowser recorded 49 samples, mean = 1.0 (flags = 0x41)
0  O                                                                         (0 = 0.0%)
1  -------------------------------------------------O                        (49 = 100.0%) {0.0%}
2  O                                                                         (0 = 0.0%) {100.0%}

Histogram: Renderer.RenderThreadImpl.Init recorded 1 samples, mean = 9.0 (flags = 0x41)
0  ... 
8  -O                                                                        (1 = 100.0%) {0.0%}
10 ... 

Histogram: Renderer4.GpuRasterizationEnabled recorded 1 samples, mean = 1.0 (flags = 0x41)
0  O                                                                         (0 = 0.0%)
1  -O                                                                        (1 = 100.0%) {0.0%}
2  O                                                                         (0 = 0.0%) {100.0%}

Histogram: RendererScheduler.RendererMainThreadLoad5 recorded 2792 samples, mean = 0.0 (flags = 0x41)
0   ------------------------------------------------------------------------O (2791 = 100.0%)
1   ... 
26  O                                                                         (1 = 0.0%) {100.0%}
27  ... 

Histogram: RendererScheduler.RendererMainThreadLoad5.Background recorded 2789 samples, mean = 0.0 (flags = 0x41)
0  ------------------------------------------------------------------------O (2789 = 100.0%)
1  ... 

Histogram: RendererScheduler.RendererMainThreadLoad5.Background.AfterFifthMinute recorded 2490 samples, mean = 0.0 (flags = 0x41)
0  ------------------------------------------------------------------------O (2490 = 100.0%)
1  ... 

Histogram: RendererScheduler.RendererMainThreadLoad5.Background.AfterFirstMinute recorded 2730 samples, mean = 0.0 (flags = 0x41)
0  ------------------------------------------------------------------------O (2730 = 100.0%)
1  ... 

Histogram: RendererScheduler.RendererMainThreadLoad5.Background.AfterTenthMinute recorded 2190 samples, mean = 0.0 (flags = 0x41)
0  ------------------------------------------------------------------------O (2190 = 100.0%)
1  ... 

Histogram: RendererScheduler.RendererMainThreadLoad5.Foreground recorded 3 samples, mean = 8.7 (flags = 0x41)
0   --O                                                                       (2 = 66.7%)
1   ... 
26  -O                                                                        (1 = 33.3%) {66.7%}
27  ... 

Histogram: RendererScheduler.RendererMainThreadLoad5.Foreground.AfterFirstMinute recorded 2730 samples, mean = 0.0 (flags = 0x41)
0  ------------------------------------------------------------------------O (2730 = 100.0%)
1  ... 

Histogram: ReportingAndNEL.NumberOfLoadedNELPolicies recorded 1 samples, mean = 0.0 (flags = 0x41)
0  -O                                                                        (1 = 100.0%)
1  ... 

Histogram: ReportingAndNEL.NumberOfLoadedNELPolicies2 recorded 1 samples, mean = 0.0 (flags = 0x41)
0  -O                                                                        (1 = 100.0%)
1  ... 

Histogram: ReportingAndNEL.TimeInitializeDB recorded 1 samples, mean = 1.0 (flags = 0x41)
0  O                                                                         (0 = 0.0%)
1  -O                                                                        (1 = 100.0%) {0.0%}
2  ... 

Histogram: ResourceScheduler.RequestQueuingDuration.Priority1 recorded 19 samples, mean = 0.0 (flags = 0x41)
0  -------------------O                                                      (19 = 100.0%)
1  ... 

Histogram: ResourceScheduler.RequestQueuingDuration.Priority2 recorded 29 samples, mean = 0.0 (flags = 0x41)
0  -----------------------------O                                            (29 = 100.0%)
1  ... 

Histogram: ResourceScheduler.RequestQueuingDuration.Priority3 recorded 1 samples, mean = 0.0 (flags = 0x41)
0  -O                                                                        (1 = 100.0%)
1  ... 

Histogram: ResourceScheduler.RequestQueuingDuration.Priority4 recorded 8 samples, mean = 0.0 (flags = 0x41)
0  --------O                                                                 (8 = 100.0%)
1  ... 

Histogram: ResourceScheduler.RequestQueuingDuration.Priority5 recorded 18 samples, mean = 0.0 (flags = 0x41)
0  ------------------O                                                       (18 = 100.0%)
1  ... 

Histogram: SBClientPhishing.Classifier.Event recorded 2 samples, mean = 1.0 (flags = 0x41)
0  O                                                                         (0 = 0.0%)
1  --O                                                                       (2 = 100.0%) {0.0%}
2  ... 

Histogram: SBClientPhishing.HighConfidenceAllowlistCheckDuration recorded 1 samples, mean = 2.0 (flags = 0x41)
0  ... 
2  -O                                                                        (1 = 100.0%) {0.0%}
3  ... 

Histogram: SBClientPhishing.ImageEmbedder.Event recorded 2 samples, mean = 1.0 (flags = 0x41)
0  O                                                                         (0 = 0.0%)
1  --O                                                                       (2 = 100.0%) {0.0%}
2  ... 

Histogram: SBClientPhishing.LoadReportTimesFromPrefAtServiceCreationSuccessful recorded 1 samples, mean = 1.0 (flags = 0x41)
0  O                                                                         (0 = 0.0%)
1  -O                                                                        (1 = 100.0%) {0.0%}
2  O                                                                         (0 = 0.0%) {100.0%}

Histogram: SBClientPhishing.MatchHighConfidenceAllowlist recorded 1 samples, mean = 3.0 (flags = 0x41)
0  ... 
3  -O                                                                        (1 = 100.0%) {0.0%}
4  O                                                                         (0 = 0.0%) {100.0%}

Histogram: SBClientPhishing.MatchHighConfidenceAllowlist.TriggerModel recorded 1 samples, mean = 3.0 (flags = 0x41)
0  ... 
3  -O                                                                        (1 = 100.0%) {0.0%}
4  O                                                                         (0 = 0.0%) {100.0%}

Histogram: SBClientPhishing.PreClassificationCheckResult recorded 1 samples, mean = 3.0 (flags = 0x41)
0  ... 
3  -O                                                                        (1 = 100.0%) {0.0%}
4  ... 

Histogram: SBIRS.DroppedIncident recorded 1 samples, mean = 1.0 (flags = 0x41)
0  O                                                                         (0 = 0.0%)
1  -O                                                                        (1 = 100.0%) {0.0%}
2  ... 

Histogram: SBIRS.ReceivedIncident recorded 1 samples, mean = 1.0 (flags = 0x41)
0  O                                                                         (0 = 0.0%)
1  -O                                                                        (1 = 100.0%) {0.0%}
2  ... 

Histogram: SSL.Experimental.SubresourceResponse recorded 49 samples, mean = 0.0 (flags = 0x41)
0  -------------------------------------------------O                        (49 = 100.0%)
1  ... 

Histogram: SafeBrowsing.AsyncCheck.CommittedNavigationIdsSize recorded 5 samples, mean = 1.6 (flags = 0x41)
0  -O                                                                        (1 = 20.0%)
1  -O                                                                        (1 = 20.0%) {20.0%}
2  --O                                                                       (2 = 40.0%) {40.0%}
3  -O                                                                        (1 = 20.0%) {80.0%}
4  ... 

Histogram: SafeBrowsing.BrowserThrottle.CheckerOnIOLifetime recorded 1 samples, mean = 801.0 (flags = 0x41)
0    ... 
729  -O                                                                        (1 = 100.0%) {0.0%}
926  ... 

Histogram: SafeBrowsing.BrowserThrottle.IntervalBetweenStartAndProcess recorded 1 samples, mean = 801.0 (flags = 0x41)
0    ... 
752  -O                                                                        (1 = 100.0%) {0.0%}
894  ... 

Histogram: SafeBrowsing.BrowserThrottle.IntervalBetweenStartAndProcess.FromNetwork recorded 1 samples, mean = 801.0 (flags = 0x41)
0    ... 
752  -O                                                                        (1 = 100.0%) {0.0%}
894  ... 

Histogram: SafeBrowsing.BrowserThrottle.IsCheckCompletedOnProcessResponse recorded 1 samples, mean = 1.0 (flags = 0x41)
0  O                                                                         (0 = 0.0%)
1  -O                                                                        (1 = 100.0%) {0.0%}
2  O                                                                         (0 = 0.0%) {100.0%}

Histogram: SafeBrowsing.BrowserThrottle.RequestDestination recorded 1 samples, mean = 3.0 (flags = 0x41)
0  ... 
3  -O                                                                        (1 = 100.0%) {0.0%}
4  ... 

Histogram: SafeBrowsing.BrowserThrottle.RequestDestination.Checked recorded 1 samples, mean = 3.0 (flags = 0x41)
0  ... 
3  -O                                                                        (1 = 100.0%) {0.0%}
4  ... 

Histogram: SafeBrowsing.BrowserThrottle.TotalDelay2.FromNetwork recorded 1 samples, mean = 0.0 (flags = 0x41)
0  -O                                                                        (1 = 100.0%)
1  ... 

Histogram: SafeBrowsing.BrowserThrottle.TotalDelay2.HashPrefixDatabaseCheck recorded 2 samples, mean = 0.0 (flags = 0x41)
0  --O                                                                       (2 = 100.0%)
1  ... 

Histogram: SafeBrowsing.BrowserThrottle.WillProcessResponseCount recorded 1 samples, mean = 1.0 (flags = 0x41)
0  O                                                                         (0 = 0.0%)
1  -O                                                                        (1 = 100.0%) {0.0%}
2  ... 

Histogram: SafeBrowsing.CheckBrowseUrl.HasLocalMatch recorded 2 samples, mean = 1.0 (flags = 0x41)
0  O                                                                         (0 = 0.0%)
1  --O                                                                       (2 = 100.0%) {0.0%}
2  O                                                                         (0 = 0.0%) {100.0%}

Histogram: SafeBrowsing.CheckUrl.Action recorded 2 samples, mean = 0.0 (flags = 0x41)
0  --O                                                                       (2 = 100.0%)
1  ... 

Histogram: SafeBrowsing.CheckUrl.FirstRequestThreatType2 recorded 1 samples, mean = 1.0 (flags = 0x41)
0  O                                                                         (0 = 0.0%)
1  -O                                                                        (1 = 100.0%) {0.0%}
2  ... 

Histogram: SafeBrowsing.CheckUrl.FirstRequestThreatType2.LocalPVer4 recorded 1 samples, mean = 1.0 (flags = 0x41)
0  O                                                                         (0 = 0.0%)
1  -O                                                                        (1 = 100.0%) {0.0%}
2  ... 

Histogram: SafeBrowsing.CheckUrl.FirstRequestTimedOut recorded 1 samples, mean = 0.0 (flags = 0x41)
0  -O                                                                        (1 = 100.0%)
1  ... 

Histogram: SafeBrowsing.CheckUrl.FirstRequestTimedOut.LocalPVer4 recorded 1 samples, mean = 0.0 (flags = 0x41)
0  -O                                                                        (1 = 100.0%)
1  ... 

Histogram: SafeBrowsing.CheckUrl.IsDocumentCheckPrefetch recorded 2 samples, mean = 0.0 (flags = 0x41)
0  --O                                                                       (2 = 100.0%)
1  ... 

Histogram: SafeBrowsing.CheckUrl.TimeTaken.HashDatabase recorded 2 samples, mean = 131.5 (flags = 0x41)
0    -O                                                                        (1 = 50.0%)
1    ... 
226  -O                                                                        (1 = 50.0%) {50.0%}
268  ... 

Histogram: SafeBrowsing.CheckUrl.Timeout recorded 2 samples, mean = 0.0 (flags = 0x41)
0  --O                                                                       (2 = 100.0%)
1  ... 

Histogram: SafeBrowsing.CheckUrl.UrlScheme recorded 2 samples, mean = 10.0 (flags = 0x41)
0   ... 
10  --O                                                                       (2 = 100.0%) {0.0%}
11  ... 

Histogram: SafeBrowsing.ClientSidePhishingDetection.AllowlistMatchResult recorded 1 samples, mean = 1.0 (flags = 0x41)
0  O                                                                         (0 = 0.0%)
1  -O                                                                        (1 = 100.0%) {0.0%}
2  ... 

Histogram: SafeBrowsing.FileTypeUpdate.ResourceBundleResult recorded 1 samples (flags = 0x41)
1  -O                                                                        (1 = 100.0%)

Histogram: SafeBrowsing.FileTypeUpdate.ResourceBundleVersion recorded 1 samples (flags = 0x41)
66  -O                                                                        (1 = 100.0%)

Histogram: SafeBrowsing.HPRT.Cache.FullHashCount recorded 3 samples, mean = 0.0 (flags = 0x41)
0  ---O                                                                      (3 = 100.0%)
1  ... 

Histogram: SafeBrowsing.HPRT.Cache.HashPrefixCount recorded 3 samples, mean = 0.0 (flags = 0x41)
0  ---O                                                                      (3 = 100.0%)
1  ... 

Histogram: SafeBrowsing.HPRT.Ineligible.FeatureOff recorded 1 samples, mean = 0.0 (flags = 0x41)
0  -O                                                                        (1 = 100.0%)
1  ... 

Histogram: SafeBrowsing.HPRT.Ineligible.IneligibleForLocation recorded 1 samples, mean = 0.0 (flags = 0x41)
0  -O                                                                        (1 = 100.0%)
1  ... 

Histogram: SafeBrowsing.HPRT.Ineligible.IneligibleForSessionOrLocation recorded 1 samples, mean = 1.0 (flags = 0x41)
0  O                                                                         (0 = 0.0%)
1  -O                                                                        (1 = 100.0%) {0.0%}
2  O                                                                         (0 = 0.0%) {100.0%}

Histogram: SafeBrowsing.HPRT.Ineligible.NoGoogleChromeBranding recorded 1 samples, mean = 1.0 (flags = 0x41)
0  O                                                                         (0 = 0.0%)
1  -O                                                                        (1 = 100.0%) {0.0%}
2  O                                                                         (0 = 0.0%) {100.0%}

Histogram: SafeBrowsing.HPRT.Ineligible.NotAllowedByPolicy recorded 1 samples, mean = 0.0 (flags = 0x41)
0  -O                                                                        (1 = 100.0%)
1  ... 

Histogram: SafeBrowsing.HPRT.Ineligible.NotStandardProtection recorded 1 samples, mean = 0.0 (flags = 0x41)
0  -O                                                                        (1 = 100.0%)
1  ... 

Histogram: SafeBrowsing.HPRT.Ineligible.OffTheRecord recorded 1 samples, mean = 0.0 (flags = 0x41)
0  -O                                                                        (1 = 100.0%)
1  ... 

Histogram: SafeBrowsing.HasCookieAtStartup2 recorded 1 samples, mean = 0.0 (flags = 0x41)
0  -O                                                                        (1 = 100.0%)
1  ... 

Histogram: SafeBrowsing.PageLoadToken.TokenCount recorded 3 samples, mean = 0.0 (flags = 0x41)
0  ---O                                                                      (3 = 100.0%)
1  ... 

Histogram: SafeBrowsing.Pref.Enhanced recorded 1 samples, mean = 0.0 (flags = 0x41)
0  -O                                                                        (1 = 100.0%)
1  ... 

Histogram: SafeBrowsing.Pref.Enhanced.RegularProfile recorded 1 samples, mean = 0.0 (flags = 0x41)
0  -O                                                                        (1 = 100.0%)
1  ... 

Histogram: SafeBrowsing.Pref.Extended recorded 1 samples, mean = 0.0 (flags = 0x41)
0  -O                                                                        (1 = 100.0%)
1  ... 

Histogram: SafeBrowsing.Pref.General recorded 1 samples, mean = 1.0 (flags = 0x41)
0  O                                                                         (0 = 0.0%)
1  -O                                                                        (1 = 100.0%) {0.0%}
2  O                                                                         (0 = 0.0%) {100.0%}

Histogram: SafeBrowsing.RT.CacheManager.CleanUpTime recorded 3 samples, mean = 0.0 (flags = 0x41)
0  ---O                                                                      (3 = 100.0%)
1  ... 

Histogram: SafeBrowsing.RT.CanCheckDatabase recorded 2 samples, mean = 1.0 (flags = 0x41)
0  O                                                                         (0 = 0.0%)
1  --O                                                                       (2 = 100.0%) {0.0%}
2  O                                                                         (0 = 0.0%) {100.0%}

Histogram: SafeBrowsing.RT.ConsumerVersionReason recorded 2 samples, mean = 1.0 (flags = 0x41)
0  -O                                                                        (1 = 50.0%)
1  O                                                                         (0 = 0.0%) {50.0%}
2  -O                                                                        (1 = 50.0%) {50.0%}
3  ... 

Histogram: SafeBrowsing.RendererThrottle.IsCheckCompletedOnProcessResponse recorded 49 samples, mean = 1.0 (flags = 0x41)
0  O                                                                         (0 = 0.0%)
1  -------------------------------------------------O                        (49 = 100.0%) {0.0%}
2  O                                                                         (0 = 0.0%) {100.0%}

Histogram: SafeBrowsing.RendererThrottle.RequestDestination recorded 53 samples, mean = 10.1 (flags = 0x41)
0   -------O                                                                  (7 = 13.2%)
1   ... 
5   ---------O                                                                (9 = 17.0%) {13.2%}
6   ... 
8   --O                                                                       (2 = 3.8%) {30.2%}
9   -O                                                                        (1 = 1.9%) {34.0%}
10  ... 
13  --------------------------O                                               (26 = 49.1%) {35.8%}
14  ... 
16  --------O                                                                 (8 = 15.1%) {84.9%}
17  ... 

Histogram: SafeBrowsing.V4Database.Size recorded 1 samples, mean = 0.0 (flags = 0x41)
0  -O                                                                        (1 = 100.0%)
1  ... 

Histogram: SafeBrowsing.V4Database.Size.ChromeExtMalware recorded 1 samples, mean = 0.0 (flags = 0x41)
0  -O                                                                        (1 = 100.0%)
1  ... 

Histogram: SafeBrowsing.V4Database.Size.UrlBilling recorded 1 samples, mean = 0.0 (flags = 0x41)
0  -O                                                                        (1 = 100.0%)
1  ... 

Histogram: SafeBrowsing.V4Database.Size.UrlCsdDownloadAllowlist recorded 1 samples, mean = 0.0 (flags = 0x41)
0  -O                                                                        (1 = 100.0%)
1  ... 

Histogram: SafeBrowsing.V4Database.Size.UrlMalBin recorded 1 samples, mean = 0.0 (flags = 0x41)
0  -O                                                                        (1 = 100.0%)
1  ... 

Histogram: SafeBrowsing.V4Database.Size.UrlMalware recorded 1 samples, mean = 0.0 (flags = 0x41)
0  -O                                                                        (1 = 100.0%)
1  ... 

Histogram: SafeBrowsing.V4Database.Size.UrlSoceng recorded 1 samples, mean = 0.0 (flags = 0x41)
0  -O                                                                        (1 = 100.0%)
1  ... 

Histogram: SafeBrowsing.V4Database.Size.UrlUws recorded 1 samples, mean = 0.0 (flags = 0x41)
0  -O                                                                        (1 = 100.0%)
1  ... 

Histogram: SafeBrowsing.V4Database.SizeLinear recorded 1 samples, mean = 0.0 (flags = 0x41)
0  -O                                                                        (1 = 100.0%)
1  ... 

Histogram: SafeBrowsing.V4Database.SizeLinear.ChromeExtMalware recorded 1 samples, mean = 0.0 (flags = 0x41)
0  -O                                                                        (1 = 100.0%)
1  ... 

Histogram: SafeBrowsing.V4Database.SizeLinear.UrlMalBin recorded 1 samples, mean = 0.0 (flags = 0x41)
0  -O                                                                        (1 = 100.0%)
1  ... 

Histogram: SafeBrowsing.V4Database.SizeLinear.UrlSoceng recorded 1 samples, mean = 0.0 (flags = 0x41)
0  -O                                                                        (1 = 100.0%)
1  ... 

Histogram: SafeBrowsing.V4DatabaseInitializationTime recorded 1 samples, mean = 2487.0 (flags = 0x41)
0     ... 
2117  -O                                                                        (1 = 100.0%) {0.0%}
2516  ... 

Histogram: SafeBrowsing.V4Store.IsStoreValid recorded 7 samples, mean = 0.0 (flags = 0x41)
0  -------O                                                                  (7 = 100.0%)
1  ... 

Histogram: SafeBrowsing.V4Store.IsStoreValid.ChromeExtMalware recorded 1 samples, mean = 0.0 (flags = 0x41)
0  -O                                                                        (1 = 100.0%)
1  ... 

Histogram: SafeBrowsing.V4Store.IsStoreValid.UrlBilling recorded 1 samples, mean = 0.0 (flags = 0x41)
0  -O                                                                        (1 = 100.0%)
1  ... 

Histogram: SafeBrowsing.V4Store.IsStoreValid.UrlCsdDownloadAllowlist recorded 1 samples, mean = 0.0 (flags = 0x41)
0  -O                                                                        (1 = 100.0%)
1  ... 

Histogram: SafeBrowsing.V4Store.IsStoreValid.UrlMalBin recorded 1 samples, mean = 0.0 (flags = 0x41)
0  -O                                                                        (1 = 100.0%)
1  ... 

Histogram: SafeBrowsing.V4Store.IsStoreValid.UrlMalware recorded 1 samples, mean = 0.0 (flags = 0x41)
0  -O                                                                        (1 = 100.0%)
1  ... 

Histogram: SafeBrowsing.V4Store.IsStoreValid.UrlSoceng recorded 1 samples, mean = 0.0 (flags = 0x41)
0  -O                                                                        (1 = 100.0%)
1  ... 

Histogram: SafeBrowsing.V4Store.IsStoreValid.UrlUws recorded 1 samples, mean = 0.0 (flags = 0x41)
0  -O                                                                        (1 = 100.0%)
1  ... 

Histogram: SafeBrowsing.V4Store.ReadyOnStartup recorded 7 samples, mean = 0.0 (flags = 0x41)
0  -------O                                                                  (7 = 100.0%)
1  ... 

Histogram: SafeBrowsing.V4StoreRead.Result recorded 7 samples, mean = 2.0 (flags = 0x41)
0  ... 
2  -------O                                                                  (7 = 100.0%) {0.0%}
3  ... 

Histogram: Scheduling.MessagePumpTimeKeeper.BrowserIO recorded 0 samples (flags = 0x41)
0 ... 

Histogram: Scheduling.MessagePumpTimeKeeper.BrowserUI recorded 0 samples (flags = 0x41)
0 ... 

Histogram: Scheduling.Renderer.DrawInterval2 recorded 1 samples, mean = 17578.0 (flags = 0x41)
0      ... 
17241  -O                                                                        (1 = 100.0%) {0.0%}
17857  ... 

Histogram: Scheduling.ThreadController.ActiveIntervalDuration.Any.BrowserUI recorded 25 samples, mean = 0.0 (flags = 0x41)
0  -------------------------O                                                (25 = 100.0%)
1  ... 

Histogram: Scheduling.ThreadController.ActiveIntervalDuration.Any.Other recorded 26 samples, mean = 0.0 (flags = 0x41)
0  --------------------------O                                               (26 = 100.0%)
1  ... 

Histogram: Scheduling.ThreadController.ActiveIntervalDuration.Short.BrowserUI recorded 25 samples, mean = 0.8 (flags = 0x41)
0  ----O                                                                     (4 = 16.0%)
1  ---------------------O                                                    (21 = 84.0%) {16.0%}
2  ... 

Histogram: Scheduling.ThreadController.ActiveIntervalDuration.Short.Other recorded 26 samples, mean = 66.8 (flags = 0x41)
0    ... 
4    -O                                                                        (1 = 3.8%) {0.0%}
5    --O                                                                       (2 = 7.7%) {3.8%}
6    ---O                                                                      (3 = 11.5%) {11.5%}
7    ---O                                                                      (3 = 11.5%) {23.1%}
8    O                                                                         (0 = 0.0%) {34.6%}
9    -O                                                                        (1 = 3.8%) {34.6%}
10   -O                                                                        (1 = 3.8%) {38.5%}
11   ... 
27   -O                                                                        (1 = 3.8%) {42.3%}
28   ... 
33   -O                                                                        (1 = 3.8%) {46.2%}
35   ... 
45   -O                                                                        (1 = 3.8%) {50.0%}
47   -O                                                                        (1 = 3.8%) {53.8%}
49   ... 
70   ---O                                                                      (3 = 11.5%) {57.7%}
74   ... 
86   --O                                                                       (2 = 7.7%) {69.2%}
90   -O                                                                        (1 = 3.8%) {76.9%}
95   ... 
105  -O                                                                        (1 = 3.8%) {80.8%}
110  O                                                                         (0 = 0.0%) {84.6%}
116  -O                                                                        (1 = 3.8%) {84.6%}
122  -O                                                                        (1 = 3.8%) {88.5%}
128  ... 
149  -O                                                                        (1 = 3.8%) {92.3%}
157  ... 
520  -O                                                                        (1 = 3.8%) {96.2%}
547  ... 

Histogram: Scheduling.ThreadController.ActiveIntervalOffCpuDuration.Any.BrowserUI recorded 25 samples, mean = 0.0 (flags = 0x41)
0  -------------------------O                                                (25 = 100.0%)
1  ... 

Histogram: Scheduling.ThreadController.ActiveIntervalOffCpuDuration.Any.Other recorded 26 samples, mean = 0.0 (flags = 0x41)
0  --------------------------O                                               (26 = 100.0%)
1  ... 

Histogram: Scheduling.ThreadController.ActiveIntervalOffCpuDuration.Short.BrowserUI recorded 25 samples, mean = 0.4 (flags = 0x41)
0  ---------------O                                                          (15 = 60.0%)
1  ----------O                                                               (10 = 40.0%) {60.0%}
2  ... 

Histogram: Scheduling.ThreadController.ActiveIntervalOffCpuDuration.Short.Other recorded 26 samples, mean = 9.2 (flags = 0x41)
0    ------O                                                                   (6 = 23.1%)
1    -----------O                                                              (11 = 42.3%) {23.1%}
2    --O                                                                       (2 = 7.7%) {65.4%}
3    ... 
5    -O                                                                        (1 = 3.8%) {73.1%}
6    ... 
8    -O                                                                        (1 = 3.8%) {76.9%}
9    O                                                                         (0 = 0.0%) {80.8%}
10   -O                                                                        (1 = 3.8%) {80.8%}
11   ... 
14   -O                                                                        (1 = 3.8%) {84.6%}
15   ... 
31   -O                                                                        (1 = 3.8%) {88.5%}
33   ... 
45   -O                                                                        (1 = 3.8%) {92.3%}
47   ... 
105  -O                                                                        (1 = 3.8%) {96.2%}
110  ... 

Histogram: Scheduling.ThreadController.ActiveIntervalOnCpuDuration.Any.BrowserUI recorded 25 samples, mean = 0.0 (flags = 0x41)
0  -------------------------O                                                (25 = 100.0%)
1  ... 

Histogram: Scheduling.ThreadController.ActiveIntervalOnCpuDuration.Any.Other recorded 26 samples, mean = 0.0 (flags = 0x41)
0  --------------------------O                                               (26 = 100.0%)
1  ... 

Histogram: Scheduling.ThreadController.ActiveIntervalOnCpuDuration.Short.BrowserUI recorded 25 samples, mean = 0.4 (flags = 0x41)
0  --------------O                                                           (14 = 56.0%)
1  -----------O                                                              (11 = 44.0%) {56.0%}
2  ... 

Histogram: Scheduling.ThreadController.ActiveIntervalOnCpuDuration.Short.Other recorded 26 samples, mean = 57.7 (flags = 0x41)
0    --O                                                                       (2 = 7.7%)
1    ... 
4    --O                                                                       (2 = 7.7%) {7.7%}
5    ---O                                                                      (3 = 11.5%) {15.4%}
6    ----O                                                                     (4 = 15.4%) {26.9%}
7    -O                                                                        (1 = 3.8%) {42.3%}
8    O                                                                         (0 = 0.0%) {46.2%}
9    -O                                                                        (1 = 3.8%) {46.2%}
10   ... 
27   -O                                                                        (1 = 3.8%) {50.0%}
28   ... 
33   -O                                                                        (1 = 3.8%) {53.8%}
35   ... 
47   -O                                                                        (1 = 3.8%) {57.7%}
49   ... 
61   -O                                                                        (1 = 3.8%) {61.5%}
64   O                                                                         (0 = 0.0%) {65.4%}
67   -O                                                                        (1 = 3.8%) {65.4%}
70   -O                                                                        (1 = 3.8%) {69.2%}
74   --O                                                                       (2 = 7.7%) {73.1%}
78   ... 
86   --O                                                                       (2 = 7.7%) {80.8%}
90   ... 
122  -O                                                                        (1 = 3.8%) {88.5%}
128  ... 
149  -O                                                                        (1 = 3.8%) {92.3%}
157  ... 
495  -O                                                                        (1 = 3.8%) {96.2%}
520  ... 

Histogram: Scheduling.ThreadController.ActiveIntervalOnCpuPercentage.Any.BrowserUI recorded 25 samples, mean = 60.0 (flags = 0x41)
0    ----------O                                                               (10 = 40.0%)
1    ... 
100  ---------------O                                                          (15 = 60.0%) {40.0%}
101  O                                                                         (0 = 0.0%) {100.0%}

Histogram: Scheduling.ThreadController.ActiveIntervalOnCpuPercentage.Any.Other recorded 26 samples, mean = 84.2 (flags = 0x41)
0    --O                                                                       (2 = 7.7%)
1    ... 
73   -O                                                                        (1 = 3.8%) {7.7%}
74   ... 
77   -O                                                                        (1 = 3.8%) {11.5%}
78   ... 
80   -O                                                                        (1 = 3.8%) {15.4%}
81   ... 
83   --O                                                                       (2 = 7.7%) {19.2%}
84   -O                                                                        (1 = 3.8%) {26.9%}
85   ---O                                                                      (3 = 11.5%) {30.8%}
86   ... 
88   --O                                                                       (2 = 7.7%) {42.3%}
89   O                                                                         (0 = 0.0%) {50.0%}
90   -O                                                                        (1 = 3.8%) {50.0%}
91   ... 
97   ---O                                                                      (3 = 11.5%) {53.8%}
98   -O                                                                        (1 = 3.8%) {65.4%}
99   --O                                                                       (2 = 7.7%) {69.2%}
100  ------O                                                                   (6 = 23.1%) {76.9%}
101  O                                                                         (0 = 0.0%) {100.0%}

Histogram: Scheduling.ThreadController.ActiveIntervalOnCpuPercentage.Short.BrowserUI recorded 25 samples, mean = 60.0 (flags = 0x41)
0    ----------O                                                               (10 = 40.0%)
1    ... 
100  ---------------O                                                          (15 = 60.0%) {40.0%}
101  O                                                                         (0 = 0.0%) {100.0%}

Histogram: Scheduling.ThreadController.ActiveIntervalOnCpuPercentage.Short.Other recorded 26 samples, mean = 84.2 (flags = 0x41)
0    --O                                                                       (2 = 7.7%)
1    ... 
73   -O                                                                        (1 = 3.8%) {7.7%}
74   ... 
77   -O                                                                        (1 = 3.8%) {11.5%}
78   ... 
80   -O                                                                        (1 = 3.8%) {15.4%}
81   ... 
83   --O                                                                       (2 = 7.7%) {19.2%}
84   -O                                                                        (1 = 3.8%) {26.9%}
85   ---O                                                                      (3 = 11.5%) {30.8%}
86   ... 
88   --O                                                                       (2 = 7.7%) {42.3%}
89   O                                                                         (0 = 0.0%) {50.0%}
90   -O                                                                        (1 = 3.8%) {50.0%}
91   ... 
97   ---O                                                                      (3 = 11.5%) {53.8%}
98   -O                                                                        (1 = 3.8%) {65.4%}
99   --O                                                                       (2 = 7.7%) {69.2%}
100  ------O                                                                   (6 = 23.1%) {76.9%}
101  O                                                                         (0 = 0.0%) {100.0%}

Histogram: Scheduling.ThreadController.IdleDuration.Any.BrowserUI recorded 25 samples, mean = 0.0 (flags = 0x41)
0  -------------------------O                                                (25 = 100.0%)
1  ... 

Histogram: Scheduling.ThreadController.IdleDuration.Any.Other recorded 16 samples, mean = 670.8 (flags = 0x41)
0     ----O                                                                     (4 = 25.0%)
1     -O                                                                        (1 = 6.2%) {25.0%}
2     -O                                                                        (1 = 6.2%) {31.2%}
3     -O                                                                        (1 = 6.2%) {37.5%}
4     ... 
81    -O                                                                        (1 = 6.2%) {43.8%}
96    ---O                                                                      (3 = 18.8%) {50.0%}
114   ... 
268   -O                                                                        (1 = 6.2%) {68.8%}
318   ... 
894   --O                                                                       (2 = 12.5%) {75.0%}
1062  ... 
3553  --O                                                                       (2 = 12.5%) {87.5%}
4222  ... 

Histogram: Scheduling.ThreadController.IdleDuration.Medium.Other recorded 5 samples, mean = 39.4 (flags = 0x41)
0   O                                                                         (0 = 0.0%)
1   -O                                                                        (1 = 20.0%) {0.0%}
2   -O                                                                        (1 = 20.0%) {20.0%}
3   -O                                                                        (1 = 20.0%) {40.0%}
4   ... 
92  -O                                                                        (1 = 20.0%) {60.0%}
93  ... 
98  -O                                                                        (1 = 20.0%) {80.0%}
100 O                                                                         (0 = 0.0%) {100.0%}

Histogram: Scheduling.ThreadController.IdleDuration.Short.BrowserUI recorded 25 samples, mean = 5.6 (flags = 0x41)
0   ... 
2   -----O                                                                    (5 = 20.0%) {0.0%}
3   -----------O                                                              (11 = 44.0%) {20.0%}
4   ----O                                                                     (4 = 16.0%) {64.0%}
5   -O                                                                        (1 = 4.0%) {80.0%}
6   O                                                                         (0 = 0.0%) {84.0%}
7   --O                                                                       (2 = 8.0%) {84.0%}
8   O                                                                         (0 = 0.0%) {92.0%}
9   -O                                                                        (1 = 4.0%) {92.0%}
10  ... 
52  -O                                                                        (1 = 4.0%) {96.0%}
55  ... 

Histogram: Scheduling.ThreadController.IdleDuration.Short.Other recorded 4 samples, mean = 34.2 (flags = 0x41)
0   ... 
16  -O                                                                        (1 = 25.0%) {0.0%}
17  -O                                                                        (1 = 25.0%) {25.0%}
18  ... 
24  -O                                                                        (1 = 25.0%) {50.0%}
25  ... 
78  -O                                                                        (1 = 25.0%) {75.0%}
82  ... 

Histogram: Search.ChoiceReprompt recorded 1 samples, mean = 6.0 (flags = 0x41)
0  ... 
6  -O                                                                        (1 = 100.0%) {0.0%}
7  O                                                                         (0 = 0.0%) {100.0%}

Histogram: Search.SearchProviderOverrideStatus recorded 1 samples, mean = 0.0 (flags = 0x41)
0  -O                                                                        (1 = 100.0%)
1  ... 

Histogram: Security.GwpAsan.Activated.Malloc.Browser recorded 1 samples, mean = 0.0 (flags = 0x41)
0  -O                                                                        (1 = 100.0%)
1  ... 

Histogram: Security.GwpAsan.Activated.PartitionAlloc.Browser recorded 1 samples, mean = 0.0 (flags = 0x41)
0  -O                                                                        (1 = 100.0%)
1  ... 

Histogram: Security.HttpsFirstMode.SettingEnabledAtStartup recorded 1 samples, mean = 0.0 (flags = 0x41)
0  -O                                                                        (1 = 100.0%)
1  ... 

Histogram: Security.JSONParser.ChromiumExtensionUsage recorded 1 samples, mean = 1.0 (flags = 0x41)
0  O                                                                         (0 = 0.0%)
1  -O                                                                        (1 = 100.0%) {0.0%}
2  ... 

Histogram: Security.JSONParser.ParsingTime recorded 17 samples, mean = 32.4 (flags = 0x41)
0   -O                                                                        (1 = 5.9%)
1   O                                                                         (0 = 0.0%) {5.9%}
2   --O                                                                       (2 = 11.8%) {5.9%}
3   -O                                                                        (1 = 5.9%) {17.6%}
4   O                                                                         (0 = 0.0%) {23.5%}
5   ---O                                                                      (3 = 17.6%) {23.5%}
7   ... 
12  -O                                                                        (1 = 5.9%) {41.2%}
16  --O                                                                       (2 = 11.8%) {47.1%}
21  -O                                                                        (1 = 5.9%) {58.8%}
28  ... 
49  ---O                                                                      (3 = 17.6%) {64.7%}
65  -O                                                                        (1 = 5.9%) {82.4%}
86  --O                                                                       (2 = 11.8%) {88.2%}
113 ... 

Histogram: Security.NavigationRequestSecurityLevel recorded 2 samples, mean = 1.0 (flags = 0x41)
0  O                                                                         (0 = 0.0%)
1  --O                                                                       (2 = 100.0%) {0.0%}
2  ... 

Histogram: Security.PageEndReason.SECURE recorded 1 samples, mean = 6.0 (flags = 0x41)
0  ... 
6  -O                                                                        (1 = 100.0%) {0.0%}
7  ... 

Histogram: Security.PageEndReason.SafetyTip_None recorded 1 samples, mean = 6.0 (flags = 0x41)
0  ... 
6  -O                                                                        (1 = 100.0%) {0.0%}
7  ... 

Histogram: Security.PrivateNetworkAccess.CheckResult recorded 71 samples, mean = 2.1 (flags = 0x41)
0   --------------------O                                                     (20 = 28.2%)
1   ------------------------------------------O                               (42 = 59.2%) {28.2%}
2   ... 
12  ---------O                                                                (9 = 12.7%) {87.3%}
13  O                                                                         (0 = 0.0%) {100.0%}

Histogram: Security.SCTAuditing.NumPersistedReportsLoaded recorded 1 samples, mean = 0.0 (flags = 0x41)
0  -O                                                                        (1 = 100.0%)
1  ... 

Histogram: Security.SafetyTips.GetReputationStatusWithEngagedSitesTime recorded 1 samples, mean = 0.0 (flags = 0x41)
0  -O                                                                        (1 = 100.0%)
1  ... 

Histogram: Security.SafetyTips.ReputationCheckComplete.DidFinishNavigation recorded 1 samples, mean = 1.0 (flags = 0x41)
0  O                                                                         (0 = 0.0%)
1  -O                                                                        (1 = 100.0%) {0.0%}
2  ... 

Histogram: Security.SafetyTips.SafetyTipShown recorded 1 samples, mean = 1.0 (flags = 0x41)
0  O                                                                         (0 = 0.0%)
1  -O                                                                        (1 = 100.0%) {0.0%}
2  ... 

Histogram: Security.SafetyTips.StatusWithInitiator.Unknown recorded 1 samples, mean = 1.0 (flags = 0x41)
0  O                                                                         (0 = 0.0%)
1  -O                                                                        (1 = 100.0%) {0.0%}
2  ... 

Histogram: Security.SecurityLevel.OnCommit recorded 1 samples, mean = 3.0 (flags = 0x41)
0  ... 
3  -O                                                                        (1 = 100.0%) {0.0%}
4  ... 

Histogram: Security.SecurityLevel.OnComplete recorded 1 samples, mean = 3.0 (flags = 0x41)
0  ... 
3  -O                                                                        (1 = 100.0%) {0.0%}
4  ... 

Histogram: Security.SiteEngagement.SECURE recorded 1 samples, mean = 4.0 (flags = 0x41)
0  ... 
4  -O                                                                        (1 = 100.0%) {0.0%}
5  ... 

Histogram: Security.SiteEngagement.SafetyTip_None recorded 1 samples, mean = 4.0 (flags = 0x41)
0  ... 
4  -O                                                                        (1 = 100.0%) {0.0%}
5  ... 

Histogram: Security.TimeOnPage2.SECURE recorded 1 samples, mean = 2790342.0 (flags = 0x41)
0        ... 
2702128  -O                                                                        (1 = 100.0%) {0.0%}
3118920  ... 

Histogram: Security.TimeOnPage2.SafetyTip_None recorded 1 samples, mean = 2790342.0 (flags = 0x41)
0        ... 
2702128  -O                                                                        (1 = 100.0%) {0.0%}
3118920  ... 

Histogram: SegmentationPlatform.ClassificationRequest.TotalDuration.DeviceSwitcher recorded 1 samples, mean = 63004.0 (flags = 0x41)
0      ... 
10000  -O                                                                        (1 = 100.0%) {0.0%}

Histogram: SegmentationPlatform.ClassificationRequest.TotalDuration.WebAppInstallationPromo recorded 1 samples, mean = 0.0 (flags = 0x41)
0  -O                                                                        (1 = 100.0%)
1  ... 

Histogram: SegmentationPlatform.Database.AddUmaMetric recorded 1 samples, mean = 0.0 (flags = 0x41)
0  -O                                                                        (1 = 100.0%)
1  ... 

Histogram: SegmentationPlatform.Database.StoreUkmEntry recorded 7 samples, mean = 0.0 (flags = 0x41)
0  -------O                                                                  (7 = 100.0%)
1  ... 

Histogram: SegmentationPlatform.Database.UpdateUrlForUkmSource recorded 6 samples, mean = 0.7 (flags = 0x41)
0  -----O                                                                    (5 = 83.3%)
1  ... 
4  -O                                                                        (1 = 16.7%) {83.3%}
5  ... 

Histogram: SegmentationPlatform.DefaultModelDelivery.Metadata.FeatureCount.ChromeLowUserEngagement recorded 1 samples, mean = 1.0 (flags = 0x41)
0  O                                                                         (0 = 0.0%)
1  -O                                                                        (1 = 100.0%) {0.0%}
2  ... 

Histogram: SegmentationPlatform.DefaultModelDelivery.Metadata.FeatureCount.ComposePromotion recorded 1 samples, mean = 1.0 (flags = 0x41)
0  O                                                                         (0 = 0.0%)
1  -O                                                                        (1 = 100.0%) {0.0%}
2  ... 

Histogram: SegmentationPlatform.DefaultModelDelivery.Metadata.FeatureCount.CrossDeviceUserSegment recorded 1 samples, mean = 4.0 (flags = 0x41)
0  ... 
4  -O                                                                        (1 = 100.0%) {0.0%}
5  ... 

Histogram: SegmentationPlatform.DefaultModelDelivery.Metadata.FeatureCount.DatabaseApiClients recorded 1 samples, mean = 3.0 (flags = 0x41)
0  ... 
3  -O                                                                        (1 = 100.0%) {0.0%}
4  ... 

Histogram: SegmentationPlatform.DefaultModelDelivery.Metadata.FeatureCount.DeviceSwitcher recorded 1 samples, mean = 1.0 (flags = 0x41)
0  O                                                                         (0 = 0.0%)
1  -O                                                                        (1 = 100.0%) {0.0%}
2  ... 

Histogram: SegmentationPlatform.DefaultModelDelivery.Metadata.FeatureCount.PasswordManagerUser recorded 1 samples, mean = 7.0 (flags = 0x41)
0  ... 
7  -O                                                                        (1 = 100.0%) {0.0%}
8  ... 

Histogram: SegmentationPlatform.DefaultModelDelivery.Metadata.FeatureCount.ResumeHeavyUserSegment recorded 1 samples, mean = 5.0 (flags = 0x41)
0  ... 
5  -O                                                                        (1 = 100.0%) {0.0%}
6  ... 

Histogram: SegmentationPlatform.DefaultModelDelivery.Metadata.FeatureCount.SearchUser recorded 1 samples, mean = 2.0 (flags = 0x41)
0  ... 
2  -O                                                                        (1 = 100.0%) {0.0%}
3  ... 

Histogram: SegmentationPlatform.DefaultModelDelivery.Metadata.FeatureCount.ShoppingUser recorded 1 samples, mean = 2.0 (flags = 0x41)
0  ... 
2  -O                                                                        (1 = 100.0%) {0.0%}
3  ... 

Histogram: SegmentationPlatform.DefaultModelDelivery.Metadata.FeatureCount.UrlVisitResumptionRanker recorded 1 samples, mean = 23.0 (flags = 0x41)
0   ... 
23  -O                                                                        (1 = 100.0%) {0.0%}
26  ... 

Histogram: SegmentationPlatform.DefaultModelDelivery.Metadata.Validation.Processed.ChromeLowUserEngagement recorded 1 samples, mean = 0.0 (flags = 0x41)
0  -O                                                                        (1 = 100.0%)
1  ... 

Histogram: SegmentationPlatform.DefaultModelDelivery.Metadata.Validation.Processed.ComposePromotion recorded 1 samples, mean = 0.0 (flags = 0x41)
0  -O                                                                        (1 = 100.0%)
1  ... 

Histogram: SegmentationPlatform.DefaultModelDelivery.Metadata.Validation.Processed.CrossDeviceUserSegment recorded 1 samples, mean = 0.0 (flags = 0x41)
0  -O                                                                        (1 = 100.0%)
1  ... 

Histogram: SegmentationPlatform.DefaultModelDelivery.Metadata.Validation.Processed.DatabaseApiClients recorded 1 samples, mean = 0.0 (flags = 0x41)
0  -O                                                                        (1 = 100.0%)
1  ... 

Histogram: SegmentationPlatform.DefaultModelDelivery.Metadata.Validation.Processed.DeviceSwitcher recorded 1 samples, mean = 0.0 (flags = 0x41)
0  -O                                                                        (1 = 100.0%)
1  ... 

Histogram: SegmentationPlatform.DefaultModelDelivery.Metadata.Validation.Processed.PasswordManagerUser recorded 1 samples, mean = 0.0 (flags = 0x41)
0  -O                                                                        (1 = 100.0%)
1  ... 

Histogram: SegmentationPlatform.DefaultModelDelivery.Metadata.Validation.Processed.ResumeHeavyUserSegment recorded 1 samples, mean = 0.0 (flags = 0x41)
0  -O                                                                        (1 = 100.0%)
1  ... 

Histogram: SegmentationPlatform.DefaultModelDelivery.Metadata.Validation.Processed.SearchUser recorded 1 samples, mean = 0.0 (flags = 0x41)
0  -O                                                                        (1 = 100.0%)
1  ... 

Histogram: SegmentationPlatform.DefaultModelDelivery.Metadata.Validation.Processed.ShoppingUser recorded 1 samples, mean = 0.0 (flags = 0x41)
0  -O                                                                        (1 = 100.0%)
1  ... 

Histogram: SegmentationPlatform.DefaultModelDelivery.Metadata.Validation.Processed.UrlVisitResumptionRanker recorded 1 samples, mean = 0.0 (flags = 0x41)
0  -O                                                                        (1 = 100.0%)
1  ... 

Histogram: SegmentationPlatform.DefaultModelDelivery.Received recorded 10 samples (flags = 0x41)
16    -O                                                                        (1 = 10.0%)
21    -O                                                                        (1 = 10.0%)
23    -O                                                                        (1 = 10.0%)
27    -O                                                                        (1 = 10.0%)
45    -O                                                                        (1 = 10.0%)
46    -O                                                                        (1 = 10.0%)
1001  -O                                                                        (1 = 10.0%)
1004  -O                                                                        (1 = 10.0%)
1007  -O                                                                        (1 = 10.0%)
1009  -O                                                                        (1 = 10.0%)

Histogram: SegmentationPlatform.DefaultModelDelivery.SaveResult.ChromeLowUserEngagement recorded 1 samples, mean = 1.0 (flags = 0x41)
0  O                                                                         (0 = 0.0%)
1  -O                                                                        (1 = 100.0%) {0.0%}
2  O                                                                         (0 = 0.0%) {100.0%}

Histogram: SegmentationPlatform.DefaultModelDelivery.SaveResult.ComposePromotion recorded 1 samples, mean = 1.0 (flags = 0x41)
0  O                                                                         (0 = 0.0%)
1  -O                                                                        (1 = 100.0%) {0.0%}
2  O                                                                         (0 = 0.0%) {100.0%}

Histogram: SegmentationPlatform.DefaultModelDelivery.SaveResult.CrossDeviceUserSegment recorded 1 samples, mean = 1.0 (flags = 0x41)
0  O                                                                         (0 = 0.0%)
1  -O                                                                        (1 = 100.0%) {0.0%}
2  O                                                                         (0 = 0.0%) {100.0%}

Histogram: SegmentationPlatform.DefaultModelDelivery.SaveResult.DatabaseApiClients recorded 1 samples, mean = 1.0 (flags = 0x41)
0  O                                                                         (0 = 0.0%)
1  -O                                                                        (1 = 100.0%) {0.0%}
2  O                                                                         (0 = 0.0%) {100.0%}

Histogram: SegmentationPlatform.DefaultModelDelivery.SaveResult.DeviceSwitcher recorded 1 samples, mean = 1.0 (flags = 0x41)
0  O                                                                         (0 = 0.0%)
1  -O                                                                        (1 = 100.0%) {0.0%}
2  O                                                                         (0 = 0.0%) {100.0%}

Histogram: SegmentationPlatform.DefaultModelDelivery.SaveResult.PasswordManagerUser recorded 1 samples, mean = 1.0 (flags = 0x41)
0  O                                                                         (0 = 0.0%)
1  -O                                                                        (1 = 100.0%) {0.0%}
2  O                                                                         (0 = 0.0%) {100.0%}

Histogram: SegmentationPlatform.DefaultModelDelivery.SaveResult.ResumeHeavyUserSegment recorded 1 samples, mean = 1.0 (flags = 0x41)
0  O                                                                         (0 = 0.0%)
1  -O                                                                        (1 = 100.0%) {0.0%}
2  O                                                                         (0 = 0.0%) {100.0%}

Histogram: SegmentationPlatform.DefaultModelDelivery.SaveResult.SearchUser recorded 1 samples, mean = 1.0 (flags = 0x41)
0  O                                                                         (0 = 0.0%)
1  -O                                                                        (1 = 100.0%) {0.0%}
2  O                                                                         (0 = 0.0%) {100.0%}

Histogram: SegmentationPlatform.DefaultModelDelivery.SaveResult.ShoppingUser recorded 1 samples, mean = 1.0 (flags = 0x41)
0  O                                                                         (0 = 0.0%)
1  -O                                                                        (1 = 100.0%) {0.0%}
2  O                                                                         (0 = 0.0%) {100.0%}

Histogram: SegmentationPlatform.DefaultModelDelivery.SaveResult.UrlVisitResumptionRanker recorded 1 samples, mean = 1.0 (flags = 0x41)
0  O                                                                         (0 = 0.0%)
1  -O                                                                        (1 = 100.0%) {0.0%}
2  O                                                                         (0 = 0.0%) {100.0%}

Histogram: SegmentationPlatform.DefaultModelDelivery.SegmentIdMatches.ChromeLowUserEngagement recorded 1 samples, mean = 1.0 (flags = 0x41)
0  O                                                                         (0 = 0.0%)
1  -O                                                                        (1 = 100.0%) {0.0%}
2  O                                                                         (0 = 0.0%) {100.0%}

Histogram: SegmentationPlatform.DefaultModelDelivery.SegmentIdMatches.ComposePromotion recorded 1 samples, mean = 1.0 (flags = 0x41)
0  O                                                                         (0 = 0.0%)
1  -O                                                                        (1 = 100.0%) {0.0%}
2  O                                                                         (0 = 0.0%) {100.0%}

Histogram: SegmentationPlatform.DefaultModelDelivery.SegmentIdMatches.CrossDeviceUserSegment recorded 1 samples, mean = 1.0 (flags = 0x41)
0  O                                                                         (0 = 0.0%)
1  -O                                                                        (1 = 100.0%) {0.0%}
2  O                                                                         (0 = 0.0%) {100.0%}

Histogram: SegmentationPlatform.DefaultModelDelivery.SegmentIdMatches.DatabaseApiClients recorded 1 samples, mean = 1.0 (flags = 0x41)
0  O                                                                         (0 = 0.0%)
1  -O                                                                        (1 = 100.0%) {0.0%}
2  O                                                                         (0 = 0.0%) {100.0%}

Histogram: SegmentationPlatform.DefaultModelDelivery.SegmentIdMatches.DeviceSwitcher recorded 1 samples, mean = 1.0 (flags = 0x41)
0  O                                                                         (0 = 0.0%)
1  -O                                                                        (1 = 100.0%) {0.0%}
2  O                                                                         (0 = 0.0%) {100.0%}

Histogram: SegmentationPlatform.DefaultModelDelivery.SegmentIdMatches.PasswordManagerUser recorded 1 samples, mean = 1.0 (flags = 0x41)
0  O                                                                         (0 = 0.0%)
1  -O                                                                        (1 = 100.0%) {0.0%}
2  O                                                                         (0 = 0.0%) {100.0%}

Histogram: SegmentationPlatform.DefaultModelDelivery.SegmentIdMatches.ResumeHeavyUserSegment recorded 1 samples, mean = 1.0 (flags = 0x41)
0  O                                                                         (0 = 0.0%)
1  -O                                                                        (1 = 100.0%) {0.0%}
2  O                                                                         (0 = 0.0%) {100.0%}

Histogram: SegmentationPlatform.DefaultModelDelivery.SegmentIdMatches.SearchUser recorded 1 samples, mean = 1.0 (flags = 0x41)
0  O                                                                         (0 = 0.0%)
1  -O                                                                        (1 = 100.0%) {0.0%}
2  O                                                                         (0 = 0.0%) {100.0%}

Histogram: SegmentationPlatform.DefaultModelDelivery.SegmentIdMatches.ShoppingUser recorded 1 samples, mean = 1.0 (flags = 0x41)
0  O                                                                         (0 = 0.0%)
1  -O                                                                        (1 = 100.0%) {0.0%}
2  O                                                                         (0 = 0.0%) {100.0%}

Histogram: SegmentationPlatform.DefaultModelDelivery.SegmentIdMatches.UrlVisitResumptionRanker recorded 1 samples, mean = 1.0 (flags = 0x41)
0  O                                                                         (0 = 0.0%)
1  -O                                                                        (1 = 100.0%) {0.0%}
2  O                                                                         (0 = 0.0%) {100.0%}

Histogram: SegmentationPlatform.DeviceSwitcher.PostProcessing.TopLabel.Computed recorded 1 samples (flags = 0x41)
7  -O                                                                        (1 = 100.0%)

Histogram: SegmentationPlatform.FeatureProcessing.Error.DeviceSwitcher recorded 1 samples, mean = 7.0 (flags = 0x41)
0  ... 
7  -O                                                                        (1 = 100.0%) {0.0%}
8  O                                                                         (0 = 0.0%) {100.0%}

Histogram: SegmentationPlatform.Init.CreationToInitializationLatency recorded 1 samples, mean = 2760.0 (flags = 0x41)
0     ... 
2415  -O                                                                        (1 = 100.0%) {0.0%}
3069  ... 

Histogram: SegmentationPlatform.Init.ModelUpdatedTimeDifferenceInDays.ChromeLowUserEngagement recorded 1 samples, mean = 0.0 (flags = 0x41)
0  -O                                                                        (1 = 100.0%)
1  ... 

Histogram: SegmentationPlatform.Init.ModelUpdatedTimeDifferenceInDays.ComposePromotion recorded 1 samples, mean = 0.0 (flags = 0x41)
0  -O                                                                        (1 = 100.0%)
1  ... 

Histogram: SegmentationPlatform.Init.ModelUpdatedTimeDifferenceInDays.CrossDeviceUserSegment recorded 1 samples, mean = 0.0 (flags = 0x41)
0  -O                                                                        (1 = 100.0%)
1  ... 

Histogram: SegmentationPlatform.Init.ModelUpdatedTimeDifferenceInDays.DatabaseApiClients recorded 1 samples, mean = 0.0 (flags = 0x41)
0  -O                                                                        (1 = 100.0%)
1  ... 

Histogram: SegmentationPlatform.Init.ModelUpdatedTimeDifferenceInDays.DeviceSwitcher recorded 1 samples, mean = 0.0 (flags = 0x41)
0  -O                                                                        (1 = 100.0%)
1  ... 

Histogram: SegmentationPlatform.Init.ModelUpdatedTimeDifferenceInDays.PasswordManagerUser recorded 1 samples, mean = 0.0 (flags = 0x41)
0  -O                                                                        (1 = 100.0%)
1  ... 

Histogram: SegmentationPlatform.Init.ModelUpdatedTimeDifferenceInDays.ResumeHeavyUserSegment recorded 1 samples, mean = 0.0 (flags = 0x41)
0  -O                                                                        (1 = 100.0%)
1  ... 

Histogram: SegmentationPlatform.Init.ModelUpdatedTimeDifferenceInDays.SearchUser recorded 1 samples, mean = 0.0 (flags = 0x41)
0  -O                                                                        (1 = 100.0%)
1  ... 

Histogram: SegmentationPlatform.Init.ModelUpdatedTimeDifferenceInDays.ShoppingUser recorded 1 samples, mean = 0.0 (flags = 0x41)
0  -O                                                                        (1 = 100.0%)
1  ... 

Histogram: SegmentationPlatform.Init.ModelUpdatedTimeDifferenceInDays.UrlVisitResumptionRanker recorded 1 samples, mean = 0.0 (flags = 0x41)
0  -O                                                                        (1 = 100.0%)
1  ... 

Histogram: SegmentationPlatform.Init.ProcessCreationToServiceCreationLatency recorded 1 samples, mean = 535035456.0 (flags = 0x41)
0       ... 
180000  -O                                                                        (1 = 100.0%) {0.0%}

Histogram: SegmentationPlatform.Maintenance.CleanupSignalSuccessCount recorded 1 samples, mean = 0.0 (flags = 0x41)
0  -O                                                                        (1 = 100.0%)
1  ... 

Histogram: SegmentationPlatform.Maintenance.CompactionResult.HistogramEnum recorded 413 samples, mean = 1.0 (flags = 0x41)
0  O                                                                         (0 = 0.0%)
1  ------------------------------------------------------------------------O (413 = 100.0%) {0.0%}
2  O                                                                         (0 = 0.0%) {100.0%}

Histogram: SegmentationPlatform.Maintenance.CompactionResult.HistogramValue recorded 354 samples, mean = 1.0 (flags = 0x41)
0  O                                                                         (0 = 0.0%)
1  ------------------------------------------------------------------------O (354 = 100.0%) {0.0%}
2  O                                                                         (0 = 0.0%) {100.0%}

Histogram: SegmentationPlatform.Maintenance.CompactionResult.UserAction recorded 413 samples, mean = 1.0 (flags = 0x41)
0  O                                                                         (0 = 0.0%)
1  ------------------------------------------------------------------------O (413 = 100.0%) {0.0%}
2  O                                                                         (0 = 0.0%) {100.0%}

Histogram: SegmentationPlatform.Maintenance.SignalIdentifierCount recorded 1 samples, mean = 20.0 (flags = 0x41)
0   ... 
20  -O                                                                        (1 = 100.0%) {0.0%}
23  ... 

Histogram: SegmentationPlatform.ModelAvailability.ChromeLowUserEngagement recorded 1 samples, mean = 0.0 (flags = 0x41)
0  -O                                                                        (1 = 100.0%)
1  ... 

Histogram: SegmentationPlatform.ModelAvailability.ComposePromotion recorded 1 samples, mean = 0.0 (flags = 0x41)
0  -O                                                                        (1 = 100.0%)
1  ... 

Histogram: SegmentationPlatform.ModelAvailability.DeviceSwitcher recorded 1 samples, mean = 0.0 (flags = 0x41)
0  -O                                                                        (1 = 100.0%)
1  ... 

Histogram: SegmentationPlatform.ModelAvailability.SearchUser recorded 1 samples, mean = 0.0 (flags = 0x41)
0  -O                                                                        (1 = 100.0%)
1  ... 

Histogram: SegmentationPlatform.ModelAvailability.ShoppingUser recorded 1 samples, mean = 0.0 (flags = 0x41)
0  -O                                                                        (1 = 100.0%)
1  ... 

Histogram: SegmentationPlatform.ModelAvailability.UrlVisitResumptionRanker recorded 1 samples, mean = 0.0 (flags = 0x41)
0  -O                                                                        (1 = 100.0%)
1  ... 

Histogram: SegmentationPlatform.ModelAvailability.WebAppInstallationPromo recorded 1 samples, mean = 0.0 (flags = 0x41)
0  -O                                                                        (1 = 100.0%)
1  ... 

Histogram: SegmentationPlatform.ModelExecution.DefaultProvider.Status.DeviceSwitcher recorded 1 samples, mean = 0.0 (flags = 0x41)
0  -O                                                                        (1 = 100.0%)
1  ... 

Histogram: SegmentationPlatform.ModelExecution.Duration.Model.DeviceSwitcher.Success recorded 1 samples, mean = 0.0 (flags = 0x41)
0  -O                                                                        (1 = 100.0%)
1  ... 

Histogram: SegmentationPlatform.ModelExecution.Duration.Total.DeviceSwitcher.Success recorded 1 samples, mean = 60004.0 (flags = 0x41)
0      ... 
10000  -O                                                                        (1 = 100.0%) {0.0%}

Histogram: SegmentationPlatform.ModelExecution.Result.0.DeviceSwitcher recorded 1 samples, mean = 0.0 (flags = 0x41)
0  -O                                                                        (1 = 100.0%)
1  ... 

Histogram: SegmentationPlatform.ModelExecution.Result.1.DeviceSwitcher recorded 1 samples, mean = 0.0 (flags = 0x41)
0  -O                                                                        (1 = 100.0%)
1  ... 

Histogram: SegmentationPlatform.ModelExecution.Result.2.DeviceSwitcher recorded 1 samples, mean = 0.0 (flags = 0x41)
0  -O                                                                        (1 = 100.0%)
1  ... 

Histogram: SegmentationPlatform.ModelExecution.Result.3.DeviceSwitcher recorded 1 samples, mean = 0.0 (flags = 0x41)
0  -O                                                                        (1 = 100.0%)
1  ... 

Histogram: SegmentationPlatform.ModelExecution.Result.4.DeviceSwitcher recorded 1 samples, mean = 0.0 (flags = 0x41)
0  -O                                                                        (1 = 100.0%)
1  ... 

Histogram: SegmentationPlatform.ModelExecution.Result.5.DeviceSwitcher recorded 1 samples, mean = 0.0 (flags = 0x41)
0  -O                                                                        (1 = 100.0%)
1  ... 

Histogram: SegmentationPlatform.ModelExecution.Result.6.DeviceSwitcher recorded 1 samples, mean = 0.0 (flags = 0x41)
0  -O                                                                        (1 = 100.0%)
1  ... 

Histogram: SegmentationPlatform.ModelExecution.Result.7.DeviceSwitcher recorded 1 samples, mean = 100.0 (flags = 0x41)
0    ... 
100  -O                                                                        (1 = 100.0%) {0.0%}
101  O                                                                         (0 = 0.0%) {100.0%}

Histogram: SegmentationPlatform.ModelExecution.ZeroValuePercent.DeviceSwitcher recorded 1 samples, mean = 90.0 (flags = 0x41)
0   ... 
90  -O                                                                        (1 = 100.0%) {0.0%}
91  ... 

Histogram: SegmentationPlatform.SegmentInfoDatabase.ProtoDBUpdateResult.ChromeLowUserEngagement recorded 1 samples, mean = 1.0 (flags = 0x41)
0  O                                                                         (0 = 0.0%)
1  -O                                                                        (1 = 100.0%) {0.0%}
2  O                                                                         (0 = 0.0%) {100.0%}

Histogram: SegmentationPlatform.SegmentInfoDatabase.ProtoDBUpdateResult.ComposePromotion recorded 1 samples, mean = 1.0 (flags = 0x41)
0  O                                                                         (0 = 0.0%)
1  -O                                                                        (1 = 100.0%) {0.0%}
2  O                                                                         (0 = 0.0%) {100.0%}

Histogram: SegmentationPlatform.SegmentInfoDatabase.ProtoDBUpdateResult.CrossDeviceUserSegment recorded 1 samples, mean = 1.0 (flags = 0x41)
0  O                                                                         (0 = 0.0%)
1  -O                                                                        (1 = 100.0%) {0.0%}
2  O                                                                         (0 = 0.0%) {100.0%}

Histogram: SegmentationPlatform.SegmentInfoDatabase.ProtoDBUpdateResult.DatabaseApiClients recorded 1 samples, mean = 1.0 (flags = 0x41)
0  O                                                                         (0 = 0.0%)
1  -O                                                                        (1 = 100.0%) {0.0%}
2  O                                                                         (0 = 0.0%) {100.0%}

Histogram: SegmentationPlatform.SegmentInfoDatabase.ProtoDBUpdateResult.DeviceSwitcher recorded 1 samples, mean = 1.0 (flags = 0x41)
0  O                                                                         (0 = 0.0%)
1  -O                                                                        (1 = 100.0%) {0.0%}
2  O                                                                         (0 = 0.0%) {100.0%}

Histogram: SegmentationPlatform.SegmentInfoDatabase.ProtoDBUpdateResult.PasswordManagerUser recorded 1 samples, mean = 1.0 (flags = 0x41)
0  O                                                                         (0 = 0.0%)
1  -O                                                                        (1 = 100.0%) {0.0%}
2  O                                                                         (0 = 0.0%) {100.0%}

Histogram: SegmentationPlatform.SegmentInfoDatabase.ProtoDBUpdateResult.ResumeHeavyUserSegment recorded 1 samples, mean = 1.0 (flags = 0x41)
0  O                                                                         (0 = 0.0%)
1  -O                                                                        (1 = 100.0%) {0.0%}
2  O                                                                         (0 = 0.0%) {100.0%}

Histogram: SegmentationPlatform.SegmentInfoDatabase.ProtoDBUpdateResult.SearchUser recorded 1 samples, mean = 1.0 (flags = 0x41)
0  O                                                                         (0 = 0.0%)
1  -O                                                                        (1 = 100.0%) {0.0%}
2  O                                                                         (0 = 0.0%) {100.0%}

Histogram: SegmentationPlatform.SegmentInfoDatabase.ProtoDBUpdateResult.ShoppingUser recorded 1 samples, mean = 1.0 (flags = 0x41)
0  O                                                                         (0 = 0.0%)
1  -O                                                                        (1 = 100.0%) {0.0%}
2  O                                                                         (0 = 0.0%) {100.0%}

Histogram: SegmentationPlatform.SegmentInfoDatabase.ProtoDBUpdateResult.UrlVisitResumptionRanker recorded 1 samples, mean = 1.0 (flags = 0x41)
0  O                                                                         (0 = 0.0%)
1  -O                                                                        (1 = 100.0%) {0.0%}
2  O                                                                         (0 = 0.0%) {100.0%}

Histogram: SegmentationPlatform.SegmentInfoDatabase.ProtoDBUpdateResult.WebAppInstallationPromo recorded 1 samples, mean = 1.0 (flags = 0x41)
0  O                                                                         (0 = 0.0%)
1  -O                                                                        (1 = 100.0%) {0.0%}
2  O                                                                         (0 = 0.0%) {100.0%}

Histogram: SegmentationPlatform.SelectionFailedReason.ChromeLowUserEngagement recorded 2 samples, mean = 14.5 (flags = 0x41)
0   ... 
12  -O                                                                        (1 = 50.0%) {0.0%}
13  ... 
17  -O                                                                        (1 = 50.0%) {50.0%}
18  ... 

Histogram: SegmentationPlatform.SelectionFailedReason.ComposePromotion recorded 1 samples, mean = 17.0 (flags = 0x41)
0   ... 
17  -O                                                                        (1 = 100.0%) {0.0%}
18  ... 

Histogram: SegmentationPlatform.SelectionFailedReason.CrossDeviceUser recorded 2 samples, mean = 14.5 (flags = 0x41)
0   ... 
12  -O                                                                        (1 = 50.0%) {0.0%}
13  ... 
17  -O                                                                        (1 = 50.0%) {50.0%}
18  ... 

Histogram: SegmentationPlatform.SelectionFailedReason.DatabaseApiClients recorded 1 samples, mean = 17.0 (flags = 0x41)
0   ... 
17  -O                                                                        (1 = 100.0%) {0.0%}
18  ... 

Histogram: SegmentationPlatform.SelectionFailedReason.DeviceSwitcher recorded 2 samples, mean = 19.0 (flags = 0x41)
0   ... 
17  -O                                                                        (1 = 50.0%) {0.0%}
18  ... 
21  -O                                                                        (1 = 50.0%) {50.0%}
22  ... 

Histogram: SegmentationPlatform.SelectionFailedReason.PasswordManagerUser recorded 2 samples, mean = 14.5 (flags = 0x41)
0   ... 
12  -O                                                                        (1 = 50.0%) {0.0%}
13  ... 
17  -O                                                                        (1 = 50.0%) {50.0%}
18  ... 

Histogram: SegmentationPlatform.SelectionFailedReason.ResumeHeavyUser recorded 2 samples, mean = 14.5 (flags = 0x41)
0   ... 
12  -O                                                                        (1 = 50.0%) {0.0%}
13  ... 
17  -O                                                                        (1 = 50.0%) {50.0%}
18  ... 

Histogram: SegmentationPlatform.SelectionFailedReason.SearchUser recorded 2 samples, mean = 14.5 (flags = 0x41)
0   ... 
12  -O                                                                        (1 = 50.0%) {0.0%}
13  ... 
17  -O                                                                        (1 = 50.0%) {50.0%}
18  ... 

Histogram: SegmentationPlatform.SelectionFailedReason.ShoppingUser recorded 2 samples, mean = 14.5 (flags = 0x41)
0   ... 
12  -O                                                                        (1 = 50.0%) {0.0%}
13  ... 
17  -O                                                                        (1 = 50.0%) {50.0%}
18  ... 

Histogram: SegmentationPlatform.SelectionFailedReason.URLVisitResumptionRanker recorded 1 samples, mean = 17.0 (flags = 0x41)
0   ... 
17  -O                                                                        (1 = 100.0%) {0.0%}
18  ... 

Histogram: SegmentationPlatform.SelectionFailedReason.WebAppInstallationPromo recorded 3 samples, mean = 17.3 (flags = 0x41)
0   ... 
11  -O                                                                        (1 = 33.3%) {0.0%}
12  ... 
17  -O                                                                        (1 = 33.3%) {33.3%}
18  ... 
24  -O                                                                        (1 = 33.3%) {66.7%}
25  ... 

Histogram: SegmentationPlatform.Signals.ListeningCount.HistogramEnum recorded 1 samples, mean = 7.0 (flags = 0x41)
0  ... 
7  -O                                                                        (1 = 100.0%) {0.0%}
8  ... 

Histogram: SegmentationPlatform.Signals.ListeningCount.HistogramValue recorded 1 samples, mean = 6.0 (flags = 0x41)
0  ... 
6  -O                                                                        (1 = 100.0%) {0.0%}
7  ... 

Histogram: SegmentationPlatform.Signals.ListeningCount.UserAction recorded 1 samples, mean = 7.0 (flags = 0x41)
0  ... 
7  -O                                                                        (1 = 100.0%) {0.0%}
8  ... 

Histogram: SegmentationPlatform.SyncSessions.TabsCountAtStartup recorded 1 samples, mean = 0.0 (flags = 0x41)
0  -O                                                                        (1 = 100.0%)
1  ... 

Histogram: SegmentationPlatform.UkmDatabase.InitTime recorded 1 samples, mean = 0.0 (flags = 0x41)
0  -O                                                                        (1 = 100.0%)
1  ... 

Histogram: SegmentationPlatform.WebAppInstallationPromo.PostProcessing.TopLabel.Computed recorded 1 samples (flags = 0x41)
-2 -O                                                                        (1 = 100.0%)

Histogram: ServiceWorker.FindRegistrationForClientUrl.IsCalledForNavigation recorded 5 samples, mean = 0.2 (flags = 0x41)
0  ----O                                                                     (4 = 80.0%)
1  -O                                                                        (1 = 20.0%) {80.0%}
2  O                                                                         (0 = 0.0%) {100.0%}

Histogram: ServiceWorker.FindRegistrationForClientUrl.SkippedMojoCall.OnNavigation recorded 1 samples, mean = 0.0 (flags = 0x41)
0  -O                                                                        (1 = 100.0%)
1  ... 

Histogram: ServiceWorker.OnBrowserStartup.SkipServiceWorkerOnFirstNavigation recorded 1 samples, mean = 0.0 (flags = 0x41)
0  -O                                                                        (1 = 100.0%)
1  ... 

Histogram: ServiceWorker.RegisteredStorageKeyCount recorded 1 samples, mean = 0.0 (flags = 0x41)
0  -O                                                                        (1 = 100.0%)
1  ... 

Histogram: ServiceWorker.Storage.ReadInitialDataFromDB.Time recorded 1 samples, mean = 0.0 (flags = 0x41)
0  -O                                                                        (1 = 100.0%)
1  ... 

Histogram: ServiceWorker.Storage.RegisteredStorageKeyCacheInitialization.Time recorded 1 samples, mean = 2500.0 (flags = 0x41)
0     ... 
2415  -O                                                                        (1 = 100.0%) {0.0%}
3069  ... 

Histogram: SessionRestore.UnrecoverableWriteErrorCount recorded 1 samples, mean = 0.0 (flags = 0x41)
0  -O                                                                        (1 = 100.0%)
1  ... 

Histogram: SessionStorageContext.CommitResult recorded 2 samples, mean = 0.0 (flags = 0x41)
0  --O                                                                       (2 = 100.0%)
1  ... 

Histogram: Settings.AdvancedSpellcheck.OnStartup2 recorded 1 samples, mean = 0.0 (flags = 0x41)
0  -O                                                                        (1 = 100.0%)
1  ... 

Histogram: Settings.AutocompleteSearches.OnStartup2 recorded 1 samples, mean = 1.0 (flags = 0x41)
0  O                                                                         (0 = 0.0%)
1  -O                                                                        (1 = 100.0%) {0.0%}
2  O                                                                         (0 = 0.0%) {100.0%}

Histogram: Settings.FingerprintingProtection.Enabled recorded 1 samples, mean = 0.0 (flags = 0x41)
0  -O                                                                        (1 = 100.0%)
1  ... 

Histogram: Settings.FirstPartySets.State recorded 1 samples, mean = 0.0 (flags = 0x41)
0  -O                                                                        (1 = 100.0%)
1  ... 

Histogram: Settings.IpProtection.Enabled recorded 1 samples, mean = 0.0 (flags = 0x41)
0  -O                                                                        (1 = 100.0%)
1  ... 

Histogram: Settings.PreloadStatus.OnStartup3 recorded 1 samples, mean = 1.0 (flags = 0x41)
0  O                                                                         (0 = 0.0%)
1  -O                                                                        (1 = 100.0%) {0.0%}
2  ... 

Histogram: Settings.PrivacySandbox.AdMeasurement.Enabled recorded 1 samples, mean = 0.0 (flags = 0x41)
0  -O                                                                        (1 = 100.0%)
1  ... 

Histogram: Settings.PrivacySandbox.Fledge.Enabled recorded 1 samples, mean = 0.0 (flags = 0x41)
0  -O                                                                        (1 = 100.0%)
1  ... 

Histogram: Settings.PrivacySandbox.Topics.Enabled recorded 1 samples, mean = 0.0 (flags = 0x41)
0  -O                                                                        (1 = 100.0%)
1  ... 

Histogram: Settings.ShowHomeButton2 recorded 1 samples, mean = 0.0 (flags = 0x41)
0  -O                                                                        (1 = 100.0%)
1  ... 

Histogram: Settings.StartupPageLoadSettings2 recorded 1 samples, mean = 5.0 (flags = 0x41)
0  ... 
5  -O                                                                        (1 = 100.0%) {0.0%}
6  ... 

Histogram: Settings.TrackedPreferenceChanged.FromRegistry recorded 1 samples, mean = 5.0 (flags = 0x41)
0  ... 
5  -O                                                                        (1 = 100.0%) {0.0%}
6  ... 

Histogram: Settings.TrackedPreferenceUnchanged recorded 18 samples, mean = 14.5 (flags = 0x41)
0   -O                                                                        (1 = 5.6%)
1   -O                                                                        (1 = 5.6%) {5.6%}
2   -O                                                                        (1 = 5.6%) {11.1%}
3   -O                                                                        (1 = 5.6%) {16.7%}
4   -O                                                                        (1 = 5.6%) {22.2%}
5   -O                                                                        (1 = 5.6%) {27.8%}
6   -O                                                                        (1 = 5.6%) {33.3%}
7   -O                                                                        (1 = 5.6%) {38.9%}
8   ... 
11  -O                                                                        (1 = 5.6%) {44.4%}
12  ... 
14  -O                                                                        (1 = 5.6%) {50.0%}
15  -O                                                                        (1 = 5.6%) {55.6%}
16  ... 
18  -O                                                                        (1 = 5.6%) {61.1%}
19  ... 
23  -O                                                                        (1 = 5.6%) {66.7%}
24  -O                                                                        (1 = 5.6%) {72.2%}
25  ... 
29  -O                                                                        (1 = 5.6%) {77.8%}
30  ... 
32  -O                                                                        (1 = 5.6%) {83.3%}
33  -O                                                                        (1 = 5.6%) {88.9%}
34  -O                                                                        (1 = 5.6%) {94.4%}
35  O                                                                         (0 = 0.0%) {100.0%}

Histogram: Settings.TrackedPreferenceUnchanged.FromRegistry recorded 17 samples, mean = 15.1 (flags = 0x41)
0   -O                                                                        (1 = 5.9%)
1   -O                                                                        (1 = 5.9%) {5.9%}
2   -O                                                                        (1 = 5.9%) {11.8%}
3   -O                                                                        (1 = 5.9%) {17.6%}
4   -O                                                                        (1 = 5.9%) {23.5%}
5   O                                                                         (0 = 0.0%) {29.4%}
6   -O                                                                        (1 = 5.9%) {29.4%}
7   -O                                                                        (1 = 5.9%) {35.3%}
8   ... 
11  -O                                                                        (1 = 5.9%) {41.2%}
12  ... 
14  -O                                                                        (1 = 5.9%) {47.1%}
15  -O                                                                        (1 = 5.9%) {52.9%}
16  ... 
18  -O                                                                        (1 = 5.9%) {58.8%}
19  ... 
23  -O                                                                        (1 = 5.9%) {64.7%}
24  -O                                                                        (1 = 5.9%) {70.6%}
25  ... 
29  -O                                                                        (1 = 5.9%) {76.5%}
30  ... 
32  -O                                                                        (1 = 5.9%) {82.4%}
33  -O                                                                        (1 = 5.9%) {88.2%}
34  -O                                                                        (1 = 5.9%) {94.1%}
35  O                                                                         (0 = 0.0%) {100.0%}

Histogram: Settings.TrackingProtection.Enabled recorded 1 samples, mean = 0.0 (flags = 0x41)
0  -O                                                                        (1 = 100.0%)
1  ... 

Histogram: SharedDictionary.TimeInitializeDB recorded 1 samples, mean = 2.0 (flags = 0x41)
0  ... 
2  -O                                                                        (1 = 100.0%) {0.0%}
3  ... 

Histogram: Signin.APIKeyMatchesFeatureOnStartup recorded 3 samples, mean = 0.0 (flags = 0x41)
0  ---O                                                                      (3 = 100.0%)
1  ... 

Histogram: Signin.AccountTracker.CountOfLoadedAccounts recorded 1 samples, mean = 0.0 (flags = 0x41)
0  -O                                                                        (1 = 100.0%)
1  ... 

Histogram: Signin.ExplicitSigninMigration recorded 1 samples, mean = 0.0 (flags = 0x41)
0  -O                                                                        (1 = 100.0%)
1  ... 

Histogram: Signin.HadPreviousSyncAccount.SignedOutOnProfileLoad recorded 1 samples, mean = 0.0 (flags = 0x41)
0  -O                                                                        (1 = 100.0%)
1  ... 

Histogram: Signin.HadPreviousSyncAccount.SyncOffOnProfileLoad recorded 1 samples, mean = 0.0 (flags = 0x41)
0  -O                                                                        (1 = 100.0%)
1  ... 

Histogram: Signin.ListAccountsFailure recorded 1 samples, mean = 0.0 (flags = 0x41)
0  -O                                                                        (1 = 100.0%)
1  ... 

Histogram: Signin.PAMInitialize.PrimaryAccountPrefs recorded 1 samples, mean = 2.0 (flags = 0x41)
0  ... 
2  -O                                                                        (1 = 100.0%) {0.0%}
3  ... 

Histogram: Signin.SigninAllowed recorded 1 samples, mean = 0.0 (flags = 0x41)
0  -O                                                                        (1 = 100.0%)
1  ... 

Histogram: Signin.TokenTable.GetAllTokensSqlStatementValidity recorded 1 samples, mean = 1.0 (flags = 0x41)
0  O                                                                         (0 = 0.0%)
1  -O                                                                        (1 = 100.0%) {0.0%}
2  O                                                                         (0 = 0.0%) {100.0%}

Histogram: SimpleCache.App.CacheSizeOnInit recorded 1 samples, mean = 0.0 (flags = 0x41)
0  -O                                                                        (1 = 100.0%)
1000... 

Histogram: SimpleCache.App.ConsistencyResult recorded 1 samples, mean = 0.0 (flags = 0x41)
0  -O                                                                        (1 = 100.0%)
1  ... 

Histogram: SimpleCache.App.CreationToIndex recorded 1 samples, mean = 1.0 (flags = 0x41)
0  O                                                                         (0 = 0.0%)
1  -O                                                                        (1 = 100.0%) {0.0%}
2  ... 

Histogram: SimpleCache.App.IndexFileStateOnLoad recorded 1 samples, mean = 2.0 (flags = 0x41)
0  ... 
2  -O                                                                        (1 = 100.0%) {0.0%}
3  ... 

Histogram: SimpleCache.App.IndexInitializeMethod recorded 1 samples, mean = 1.0 (flags = 0x41)
0  O                                                                         (0 = 0.0%)
1  -O                                                                        (1 = 100.0%) {0.0%}
2  ... 

Histogram: SimpleCache.App.IndexNumEntriesOnInit recorded 1 samples, mean = 0.0 (flags = 0x41)
0  -O                                                                        (1 = 100.0%)
1  ... 

Histogram: SimpleCache.App.MaxCacheSizeOnInit recorded 1 samples, mean = 0.0 (flags = 0x41)
0  -O                                                                        (1 = 100.0%)
1000... 

Histogram: SimpleCache.Code.CacheSizeOnInit recorded 1 samples, mean = 12.0 (flags = 0x41)
0  -O                                                                        (1 = 100.0%)
1000... 

Histogram: SimpleCache.Code.ConsistencyResult recorded 1 samples, mean = 0.0 (flags = 0x41)
0  -O                                                                        (1 = 100.0%)
1  ... 

Histogram: SimpleCache.Code.CreationToIndex recorded 1 samples, mean = 0.0 (flags = 0x41)
0  -O                                                                        (1 = 100.0%)
1  ... 

Histogram: SimpleCache.Code.DiskCloseLatency recorded 43 samples, mean = 0.1 (flags = 0x41)
0  ---------------------------------------O                                  (39 = 90.7%)
1  ----O                                                                     (4 = 9.3%) {90.7%}
2  ... 

Histogram: SimpleCache.Code.DiskCreateLatency recorded 9 samples, mean = 0.2 (flags = 0x40)
0  --------O                                                                 (8 = 88.9%)
1  O                                                                         (0 = 0.0%) {88.9%}
2  -O                                                                        (1 = 11.1%) {88.9%}
3  ... 

Histogram: SimpleCache.Code.DiskOpenLatency recorded 34 samples, mean = 0.0 (flags = 0x41)
0  ---------------------------------O                                        (33 = 97.1%)
1  -O                                                                        (1 = 2.9%) {97.1%}
2  ... 

Histogram: SimpleCache.Code.DiskWriteLatency recorded 7 samples, mean = 0.0 (flags = 0x41)
0  -------O                                                                  (7 = 100.0%)
1  ... 

Histogram: SimpleCache.Code.EntryCreationTime recorded 43 samples, mean = 0.1 (flags = 0x41)
0  ----------------------------------------O                                 (40 = 93.0%)
1  --O                                                                       (2 = 4.7%) {93.0%}
2  -O                                                                        (1 = 2.3%) {97.7%}
3  ... 

Histogram: SimpleCache.Code.HeaderSize recorded 26 samples, mean = 697.7 (flags = 0x41)
0     ---O                                                                      (3 = 11.5%)
1     ... 
12    ----O                                                                     (4 = 15.4%) {11.5%}
14    ... 
34    ------O                                                                   (6 = 23.1%) {26.9%}
40    ... 
68    ---O                                                                      (3 = 11.5%) {50.0%}
81    ... 
633   --O                                                                       (2 = 7.7%) {61.5%}
752   ... 
1062  --O                                                                       (2 = 7.7%) {69.2%}
1262  --O                                                                       (2 = 7.7%) {76.9%}
1500  -O                                                                        (1 = 3.8%) {84.6%}
1782  O                                                                         (0 = 0.0%) {88.5%}
2117  -O                                                                        (1 = 3.8%) {88.5%}
2516  O                                                                         (0 = 0.0%) {92.3%}
2990  --O                                                                       (2 = 7.7%) {92.3%}
3553  ... 

Histogram: SimpleCache.Code.IndexFileStateOnLoad recorded 1 samples, mean = 2.0 (flags = 0x41)
0  ... 
2  -O                                                                        (1 = 100.0%) {0.0%}
3  ... 

Histogram: SimpleCache.Code.IndexInitializeMethod recorded 1 samples, mean = 1.0 (flags = 0x41)
0  O                                                                         (0 = 0.0%)
1  -O                                                                        (1 = 100.0%) {0.0%}
2  ... 

Histogram: SimpleCache.Code.IndexNumEntriesOnInit recorded 1 samples, mean = 17.0 (flags = 0x41)
0   ... 
16  -O                                                                        (1 = 100.0%) {0.0%}
20  ... 

Histogram: SimpleCache.Code.MaxCacheSizeOnInit recorded 1 samples, mean = 327680.0 (flags = 0x41)
0       ... 
297881  -O                                                                        (1 = 100.0%) {0.0%}
339058  ... 

Histogram: SimpleCache.Code.OpenEntryIndexState recorded 52 samples, mean = 1.7 (flags = 0x41)
0  O                                                                         (0 = 0.0%)
1  ------------------O                                                       (18 = 34.6%) {0.0%}
2  ----------------------------------O                                       (34 = 65.4%) {34.6%}
3  O                                                                         (0 = 0.0%) {100.0%}

Histogram: SimpleCache.Code.SyncCheckEOFResult recorded 34 samples, mean = 0.0 (flags = 0x40)
0  ----------------------------------O                                       (34 = 100.0%)
1  ... 

Histogram: SimpleCache.Code.SyncCloseResult recorded 43 samples, mean = 0.0 (flags = 0x40)
0  -------------------------------------------O                              (43 = 100.0%)
1  ... 

Histogram: SimpleCache.Code.SyncOpenPrefetchMode recorded 34 samples, mean = 0.0 (flags = 0x41)
0  ----------------------------------O                                       (34 = 100.0%)
1  ... 

Histogram: SimpleCache.Code.SyncOpenResult recorded 34 samples, mean = 0.0 (flags = 0x40)
0  ----------------------------------O                                       (34 = 100.0%)
1  ... 

Histogram: SimpleCache.Code.SyncWriteResult recorded 7 samples, mean = 0.0 (flags = 0x40)
0  -------O                                                                  (7 = 100.0%)
1  ... 

Histogram: SiteEngagementService.EngagementScore recorded 1 samples, mean = 4.0 (flags = 0x41)
0  ... 
4  -O                                                                        (1 = 100.0%) {0.0%}
5  ... 

Histogram: SiteEngagementService.EngagementType recorded 1 samples, mean = 0.0 (flags = 0x41)
0  -O                                                                        (1 = 100.0%)
1  ... 

Histogram: SiteEngagementService.MeanEngagement recorded 1 samples, mean = 4.0 (flags = 0x41)
0  ... 
4  -O                                                                        (1 = 100.0%) {0.0%}
5  ... 

Histogram: SiteEngagementService.MedianEngagement recorded 1 samples, mean = 4.0 (flags = 0x41)
0  ... 
4  -O                                                                        (1 = 100.0%) {0.0%}
5  ... 

Histogram: SiteEngagementService.OriginsEngaged recorded 1 samples, mean = 1.0 (flags = 0x41)
0  O                                                                         (0 = 0.0%)
1  -O                                                                        (1 = 100.0%) {0.0%}
2  ... 

Histogram: SiteIsolatedCodeCache.JS.Behaviour recorded 52 samples, mean = 1.8 (flags = 0x41)
0  -----------------O                                                        (17 = 32.7%)
1  ---------O                                                                (9 = 17.3%) {32.7%}
2  O                                                                         (0 = 0.0%) {50.0%}
3  -----------------O                                                        (17 = 32.7%) {50.0%}
4  ---------O                                                                (9 = 17.3%) {82.7%}
5  ... 

Histogram: SiteIsolatedCodeCache.JS.FetchCodeCache recorded 17 samples, mean = 0.0 (flags = 0x41)
0  -----------------O                                                        (17 = 100.0%)
1  ... 

Histogram: SiteIsolatedCodeCache.JS.Hit recorded 26 samples, mean = 0.7 (flags = 0x41)
0  ---------O                                                                (9 = 34.6%)
1  -----------------O                                                        (17 = 65.4%) {34.6%}
2  O                                                                         (0 = 0.0%) {100.0%}

Histogram: SiteIsolatedCodeCache.JS.PotentialMemoryBackedCodeCacheHit recorded 26 samples, mean = 0.0 (flags = 0x41)
0  --------------------------O                                               (26 = 100.0%)
1  ... 

Histogram: SiteIsolatedCodeCache.JS.PotentialMemoryBackedCodeCacheSize2 recorded 9 samples, mean = 133854.0 (flags = 0x41)
0       ... 
111387  ---------O                                                                (9 = 100.0%) {0.0%}
159976  ... 

Histogram: SiteIsolatedCodeCache.WASM.Behaviour recorded 6 samples, mean = 1.0 (flags = 0x41)
0  O                                                                         (0 = 0.0%)
1  ------O                                                                   (6 = 100.0%) {0.0%}
2  ... 

Histogram: SiteIsolation.BrowsingInstance.MaxCountPerProcess recorded 3 samples, mean = 0.7 (flags = 0x41)
0  -O                                                                        (1 = 33.3%)
1  --O                                                                       (2 = 66.7%) {33.3%}
2  ... 

Histogram: SiteIsolation.NewProcessUsedForNavigationWhenSameSiteProcessExists recorded 1 samples, mean = 0.0 (flags = 0x41)
0  -O                                                                        (1 = 100.0%)
1  ... 

Histogram: SiteIsolation.ProcessPerSiteWithMainFrameThreshold.IsDevToolsUser recorded 1 samples, mean = 0.0 (flags = 0x41)
0  -O                                                                        (1 = 100.0%)
1  ... 

Histogram: Skia.SubmitRenderPasses recorded 16 samples, mean = 0.7 (flags = 0x41)
0  -----------O                                                              (11 = 68.8%)
1  --O                                                                       (2 = 12.5%) {68.8%}
2  -O                                                                        (1 = 6.2%) {81.2%}
3  -O                                                                        (1 = 6.2%) {87.5%}
4  -O                                                                        (1 = 6.2%) {93.8%}
5  ... 

Histogram: Sql.Statement.Affiliation.VMSteps recorded 15 samples, mean = 15.5 (flags = 0x41)
0   ... 
3   ----O                                                                     (4 = 26.7%) {0.0%}
4   O                                                                         (0 = 0.0%) {26.7%}
5   -O                                                                        (1 = 6.7%) {26.7%}
6   -O                                                                        (1 = 6.7%) {33.3%}
7   ... 
12  -----O                                                                    (5 = 33.3%) {40.0%}
14  ... 
20  -O                                                                        (1 = 6.7%) {73.3%}
24  O                                                                         (0 = 0.0%) {80.0%}
29  -O                                                                        (1 = 6.7%) {80.0%}
34  O                                                                         (0 = 0.0%) {86.7%}
40  -O                                                                        (1 = 6.7%) {86.7%}
48  -O                                                                        (1 = 6.7%) {93.3%}
57  ... 

Histogram: Sql.Statement.BrowsingTopics.VMSteps recorded 12 samples, mean = 8.0 (flags = 0x41)
0   ... 
3   ----O                                                                     (4 = 33.3%) {0.0%}
4   O                                                                         (0 = 0.0%) {33.3%}
5   -O                                                                        (1 = 8.3%) {33.3%}
6   ... 
8   --O                                                                       (2 = 16.7%) {41.7%}
10  O                                                                         (0 = 0.0%) {58.3%}
12  -----O                                                                    (5 = 41.7%) {58.3%}
14  ... 

Histogram: Sql.Statement.Cookie.VMSteps recorded 32 samples, mean = 18.9 (flags = 0x41)
0   ... 
3   --------O                                                                 (8 = 25.0%) {0.0%}
4   O                                                                         (0 = 0.0%) {25.0%}
5   --O                                                                       (2 = 6.2%) {25.0%}
6   O                                                                         (0 = 0.0%) {31.2%}
7   -O                                                                        (1 = 3.1%) {31.2%}
8   ... 
12  -----------O                                                              (11 = 34.4%) {34.4%}
14  ... 
20  --O                                                                       (2 = 6.2%) {68.8%}
24  --O                                                                       (2 = 6.2%) {75.0%}
29  O                                                                         (0 = 0.0%) {81.2%}
34  -O                                                                        (1 = 3.1%) {81.2%}
40  O                                                                         (0 = 0.0%) {84.4%}
48  -O                                                                        (1 = 3.1%) {84.4%}
57  ----O                                                                     (4 = 12.5%) {87.5%}
68  ... 

Histogram: Sql.Statement.DIPS.VMSteps recorded 30 samples, mean = 13.6 (flags = 0x41)
0   ... 
3   --O                                                                       (2 = 6.7%) {0.0%}
4   O                                                                         (0 = 0.0%) {6.7%}
5   -O                                                                        (1 = 3.3%) {6.7%}
6   ... 
8   ----O                                                                     (4 = 13.3%) {10.0%}
10  --O                                                                       (2 = 6.7%) {23.3%}
12  -----------O                                                              (11 = 36.7%) {30.0%}
14  --O                                                                       (2 = 6.7%) {66.7%}
17  ---O                                                                      (3 = 10.0%) {73.3%}
20  ---O                                                                      (3 = 10.0%) {83.3%}
24  -O                                                                        (1 = 3.3%) {93.3%}
29  -O                                                                        (1 = 3.3%) {96.7%}
34  ... 

Histogram: Sql.Statement.FirstPartySets.VMSteps recorded 31 samples, mean = 9.2 (flags = 0x41)
0   ... 
3   ----------O                                                               (10 = 32.3%) {0.0%}
4   O                                                                         (0 = 0.0%) {32.3%}
5   -O                                                                        (1 = 3.2%) {32.3%}
6   ... 
8   ----O                                                                     (4 = 12.9%) {35.5%}
10  ---O                                                                      (3 = 9.7%) {48.4%}
12  -----------O                                                              (11 = 35.5%) {58.1%}
14  ... 
20  -O                                                                        (1 = 3.2%) {93.5%}
24  -O                                                                        (1 = 3.2%) {96.8%}
29  ... 

Histogram: Sql.Statement.History.VMSteps recorded 114 samples, mean = 24.5 (flags = 0x41)
0    ... 
3    ------O                                                                   (6 = 5.3%) {0.0%}
4    O                                                                         (0 = 0.0%) {5.3%}
5    -O                                                                        (1 = 0.9%) {5.3%}
6    --O                                                                       (2 = 1.8%) {6.1%}
7    O                                                                         (0 = 0.0%) {7.9%}
8    ----O                                                                     (4 = 3.5%) {7.9%}
10   -----O                                                                    (5 = 4.4%) {11.4%}
12   -------------------------O                                                (25 = 21.9%) {15.8%}
14   ---O                                                                      (3 = 2.6%) {37.7%}
17   -------------------------O                                                (25 = 21.9%) {40.4%}
20   -------------------O                                                      (19 = 16.7%) {62.3%}
24   --------O                                                                 (8 = 7.0%) {78.9%}
29   ---O                                                                      (3 = 2.6%) {86.0%}
34   -O                                                                        (1 = 0.9%) {88.6%}
40   O                                                                         (0 = 0.0%) {89.5%}
48   -O                                                                        (1 = 0.9%) {89.5%}
57   -O                                                                        (1 = 0.9%) {90.4%}
68   -----O                                                                    (5 = 4.4%) {91.2%}
81   -O                                                                        (1 = 0.9%) {95.6%}
96   -O                                                                        (1 = 0.9%) {96.5%}
114  O                                                                         (0 = 0.0%) {97.4%}
135  ---O                                                                      (3 = 2.6%) {97.4%}
160  ... 

Histogram: Sql.Statement.OptOutBlacklist.VMSteps recorded 4 samples, mean = 10.8 (flags = 0x41)
0   ... 
5   -O                                                                        (1 = 25.0%) {0.0%}
6   O                                                                         (0 = 0.0%) {25.0%}
7   -O                                                                        (1 = 25.0%) {25.0%}
8   O                                                                         (0 = 0.0%) {50.0%}
10  -O                                                                        (1 = 25.0%) {50.0%}
12  ... 
20  -O                                                                        (1 = 25.0%) {75.0%}
24  ... 

Histogram: Sql.Statement.Passwords.VMSteps recorded 57 samples, mean = 22.8 (flags = 0x41)
0   ... 
3   ----O                                                                     (4 = 7.0%) {0.0%}
4   O                                                                         (0 = 0.0%) {7.0%}
5   --O                                                                       (2 = 3.5%) {7.0%}
6   --------O                                                                 (8 = 14.0%) {10.5%}
7   ----O                                                                     (4 = 7.0%) {24.6%}
8   -------O                                                                  (7 = 12.3%) {31.6%}
10  O                                                                         (0 = 0.0%) {43.9%}
12  ------------O                                                             (12 = 21.1%) {43.9%}
14  --O                                                                       (2 = 3.5%) {64.9%}
17  O                                                                         (0 = 0.0%) {68.4%}
20  --O                                                                       (2 = 3.5%) {68.4%}
24  ... 
34  --O                                                                       (2 = 3.5%) {71.9%}
40  ----O                                                                     (4 = 7.0%) {75.4%}
48  O                                                                         (0 = 0.0%) {82.5%}
57  ----O                                                                     (4 = 7.0%) {82.5%}
68  ------O                                                                   (6 = 10.5%) {89.5%}
81  ... 

Histogram: Sql.Statement.Predictor.VMSteps recorded 15 samples, mean = 15.4 (flags = 0x41)
0   ... 
3   --O                                                                       (2 = 13.3%) {0.0%}
4   O                                                                         (0 = 0.0%) {13.3%}
5   -O                                                                        (1 = 6.7%) {13.3%}
6   ---O                                                                      (3 = 20.0%) {20.0%}
7   O                                                                         (0 = 0.0%) {40.0%}
8   -O                                                                        (1 = 6.7%) {40.0%}
10  --O                                                                       (2 = 13.3%) {46.7%}
12  -O                                                                        (1 = 6.7%) {60.0%}
14  -O                                                                        (1 = 6.7%) {66.7%}
17  ... 
24  -O                                                                        (1 = 6.7%) {73.3%}
29  -O                                                                        (1 = 6.7%) {80.0%}
34  O                                                                         (0 = 0.0%) {86.7%}
40  -O                                                                        (1 = 6.7%) {86.7%}
48  -O                                                                        (1 = 6.7%) {93.3%}
57  ... 

Histogram: Sql.Statement.Quota.VMSteps recorded 20 samples, mean = 8.9 (flags = 0x41)
0   ... 
3   ------O                                                                   (6 = 30.0%) {0.0%}
4   O                                                                         (0 = 0.0%) {30.0%}
5   -O                                                                        (1 = 5.0%) {30.0%}
6   ... 
8   -----O                                                                    (5 = 25.0%) {35.0%}
10  ---O                                                                      (3 = 15.0%) {60.0%}
12  -O                                                                        (1 = 5.0%) {75.0%}
14  O                                                                         (0 = 0.0%) {80.0%}
17  ----O                                                                     (4 = 20.0%) {80.0%}
20  ... 

Histogram: Sql.Statement.ReportingAndNEL.VMSteps recorded 12 samples, mean = 13.8 (flags = 0x41)
0   ... 
3   --O                                                                       (2 = 16.7%) {0.0%}
4   O                                                                         (0 = 0.0%) {16.7%}
5   -O                                                                        (1 = 8.3%) {16.7%}
6   -O                                                                        (1 = 8.3%) {25.0%}
7   ... 
12  -----O                                                                    (5 = 41.7%) {33.3%}
14  ... 
20  -O                                                                        (1 = 8.3%) {75.0%}
24  O                                                                         (0 = 0.0%) {83.3%}
29  -O                                                                        (1 = 8.3%) {83.3%}
34  -O                                                                        (1 = 8.3%) {91.7%}
40  ... 

Histogram: Sql.Statement.SharedDictionary.VMSteps recorded 20 samples, mean = 9.1 (flags = 0x41)
0   ... 
3   --------O                                                                 (8 = 40.0%) {0.0%}
4   O                                                                         (0 = 0.0%) {40.0%}
5   -O                                                                        (1 = 5.0%) {40.0%}
6   ... 
8   -O                                                                        (1 = 5.0%) {45.0%}
10  O                                                                         (0 = 0.0%) {50.0%}
12  -------O                                                                  (7 = 35.0%) {50.0%}
14  O                                                                         (0 = 0.0%) {85.0%}
17  --O                                                                       (2 = 10.0%) {85.0%}
20  -O                                                                        (1 = 5.0%) {95.0%}
24  ... 

Histogram: Sql.Statement.SharedStorage.VMSteps recorded 3 samples, mean = 7.7 (flags = 0x41)
0   ... 
5   -O                                                                        (1 = 33.3%) {0.0%}
6   ... 
8   -O                                                                        (1 = 33.3%) {33.3%}
10  -O                                                                        (1 = 33.3%) {66.7%}
12  ... 

Histogram: Sql.Statement.Thumbnail.VMSteps recorded 26 samples, mean = 11.7 (flags = 0x41)
0   ... 
3   ------O                                                                   (6 = 23.1%) {0.0%}
4   O                                                                         (0 = 0.0%) {23.1%}
5   -O                                                                        (1 = 3.8%) {23.1%}
6   ... 
10  ---O                                                                      (3 = 11.5%) {26.9%}
12  --------O                                                                 (8 = 30.8%) {38.5%}
14  ---O                                                                      (3 = 11.5%) {69.2%}
17  -O                                                                        (1 = 3.8%) {80.8%}
20  ----O                                                                     (4 = 15.4%) {84.6%}
24  ... 

Histogram: Sql.Statement.TopSites.VMSteps recorded 27 samples, mean = 13.4 (flags = 0x41)
0   ... 
3   ----O                                                                     (4 = 14.8%) {0.0%}
4   O                                                                         (0 = 0.0%) {14.8%}
5   -O                                                                        (1 = 3.7%) {14.8%}
6   ... 
10  --O                                                                       (2 = 7.4%) {18.5%}
12  ------------O                                                             (12 = 44.4%) {25.9%}
14  ... 
20  ------O                                                                   (6 = 22.2%) {70.4%}
24  --O                                                                       (2 = 7.4%) {92.6%}
29  ... 

Histogram: Sql.Statement.TrustTokens.VMSteps recorded 17 samples, mean = 12.8 (flags = 0x41)
0   ... 
3   ----O                                                                     (4 = 23.5%) {0.0%}
4   O                                                                         (0 = 0.0%) {23.5%}
5   -O                                                                        (1 = 5.9%) {23.5%}
6   ---O                                                                      (3 = 17.6%) {29.4%}
7   ... 
12  -----O                                                                    (5 = 29.4%) {47.1%}
14  ... 
20  -O                                                                        (1 = 5.9%) {76.5%}
24  O                                                                         (0 = 0.0%) {82.4%}
29  --O                                                                       (2 = 11.8%) {82.4%}
34  -O                                                                        (1 = 5.9%) {94.1%}
40  ... 

Histogram: Sql.Statement.UKMMetrics.VMSteps recorded 32 samples, mean = 14.9 (flags = 0x41)
0   ... 
3   -----O                                                                    (5 = 15.6%) {0.0%}
4   O                                                                         (0 = 0.0%) {15.6%}
5   -O                                                                        (1 = 3.1%) {15.6%}
6   ... 
8   -------O                                                                  (7 = 21.9%) {18.8%}
10  O                                                                         (0 = 0.0%) {40.6%}
12  -------O                                                                  (7 = 21.9%) {40.6%}
14  O                                                                         (0 = 0.0%) {62.5%}
17  -O                                                                        (1 = 3.1%) {62.5%}
20  -------O                                                                  (7 = 21.9%) {65.6%}
24  O                                                                         (0 = 0.0%) {87.5%}
29  -O                                                                        (1 = 3.1%) {87.5%}
34  O                                                                         (0 = 0.0%) {90.6%}
40  ---O                                                                      (3 = 9.4%) {90.6%}
48  ... 

Histogram: Sql.Statement.Web.VMSteps recorded 117 samples, mean = 52.7 (flags = 0x41)
0    ... 
3    --------O                                                                 (8 = 6.8%) {0.0%}
4    -O                                                                        (1 = 0.9%) {6.8%}
5    -O                                                                        (1 = 0.9%) {7.7%}
6    ------------O                                                             (12 = 10.3%) {8.5%}
7    ----------O                                                               (10 = 8.5%) {18.8%}
8    -------O                                                                  (7 = 6.0%) {27.4%}
10   ---------O                                                                (9 = 7.7%) {33.3%}
12   --------------O                                                           (14 = 12.0%) {41.0%}
14   -O                                                                        (1 = 0.9%) {53.0%}
17   ---O                                                                      (3 = 2.6%) {53.8%}
20   -O                                                                        (1 = 0.9%) {56.4%}
24   -O                                                                        (1 = 0.9%) {57.3%}
29   --O                                                                       (2 = 1.7%) {58.1%}
34   --O                                                                       (2 = 1.7%) {59.8%}
40   --O                                                                       (2 = 1.7%) {61.5%}
48   ---O                                                                      (3 = 2.6%) {63.2%}
57   ----O                                                                     (4 = 3.4%) {65.8%}
68   ----O                                                                     (4 = 3.4%) {69.2%}
81   --O                                                                       (2 = 1.7%) {72.6%}
96   -------O                                                                  (7 = 6.0%) {74.4%}
114  -----O                                                                    (5 = 4.3%) {80.3%}
135  -------O                                                                  (7 = 6.0%) {84.6%}
160  -----O                                                                    (5 = 4.3%) {90.6%}
190  ------O                                                                   (6 = 5.1%) {94.9%}
226  ... 

Histogram: Sql.vfs.SyncTime recorded 75 samples, mean = 0.2 (flags = 0x41)
0  --------------------------------------------------------------O           (62 = 82.7%)
1  ------------O                                                             (12 = 16.0%) {82.7%}
2  ... 
5  -O                                                                        (1 = 1.3%) {98.7%}
6  ... 

Histogram: Stability.Counts2 recorded 8 samples, mean = 24.2 (flags = 0x43)
0   ... 
2   -O                                                                        (1 = 12.5%) {0.0%}
3   ... 
15  -O                                                                        (1 = 12.5%) {12.5%}
16  ... 
26  ---O                                                                      (3 = 37.5%) {25.0%}
27  ... 
33  ---O                                                                      (3 = 37.5%) {62.5%}
34  O                                                                         (0 = 0.0%) {100.0%}

Histogram: Stability.Experimental.PageLoads recorded 1 samples, mean = 17.0 (flags = 0x41)
0   ... 
17  -O                                                                        (1 = 100.0%) {0.0%}
18  O                                                                         (0 = 0.0%) {100.0%}

Histogram: Startup.AfterStartupTaskCount recorded 1 samples, mean = 2.0 (flags = 0x41)
0  ... 
2  -O                                                                        (1 = 100.0%) {0.0%}
3  ... 

Histogram: Startup.AfterStartupTaskDelayedUntilTime recorded 1 samples, mean = 16166.0 (flags = 0x41)
0      ... 
15215  -O                                                                        (1 = 100.0%) {0.0%}
20614  ... 

Histogram: Startup.BrowserMainRunnerImplInitializeLongTime recorded 1 samples, mean = 63.0 (flags = 0x41)
0   ... 
58  -O                                                                        (1 = 100.0%) {0.0%}
67  ... 

Histogram: Startup.BrowserMessageLoopFirstIdle recorded 1 samples, mean = 2792893.0 (flags = 0x41)
0        ... 
2702128  -O                                                                        (1 = 100.0%) {0.0%}
3118920  ... 

Histogram: Startup.BrowserMessageLoopStartTime recorded 1 samples, mean = 71.0 (flags = 0x41)
0   ... 
67  -O                                                                        (1 = 100.0%) {0.0%}
77  ... 

Histogram: Startup.CreateFirstProfile recorded 1 samples, mean = 39.0 (flags = 0x41)
0   ... 
35  -O                                                                        (1 = 100.0%) {0.0%}
47  ... 

Histogram: Startup.FirstWebContents.FinishReason recorded 1 samples, mean = 6.0 (flags = 0x41)
0  ... 
6  -O                                                                        (1 = 100.0%) {0.0%}
7  ... 

Histogram: Startup.LoadTime.ApplicationStartToChromeMain recorded 1 samples, mean = 0.0 (flags = 0x41)
0  -O                                                                        (1 = 100.0%)
1  ... 

Histogram: Startup.LoadTime.ProcessCreateToApplicationStart recorded 1 samples, mean = 8946.0 (flags = 0x41)
0     ... 
8289  -O                                                                        (1 = 100.0%) {0.0%}
11230 ... 

Histogram: Startup.LoadTime.RecordedProcessCreation recorded 1 samples, mean = 1.0 (flags = 0x1)
0  O                                                                         (0 = 0.0%)
1  -O                                                                        (1 = 100.0%) {0.0%}
2  O                                                                         (0 = 0.0%) {100.0%}

Histogram: Startup.PreMainMessageLoopRunImplLongTime recorded 1 samples, mean = 45.0 (flags = 0x41)
0   ... 
43  -O                                                                        (1 = 100.0%) {0.0%}
50  ... 

Histogram: Startup.Renderer.LoadTime.ApplicationStartToRendererStartRunLoop recorded 1 samples, mean = 15.0 (flags = 0x41)
0   ... 
13  -O                                                                        (1 = 100.0%) {0.0%}
16  ... 

Histogram: Startup.Renderer.LoadTime.ChromeMainToRendererStartRunLoop recorded 1 samples, mean = 15.0 (flags = 0x41)
0   ... 
13  -O                                                                        (1 = 100.0%) {0.0%}
16  ... 

Histogram: Startup.Renderer.LoadTime.ProcessCreationToRendererStartRunLoop recorded 1 samples, mean = 43.0 (flags = 0x41)
0   ... 
41  -O                                                                        (1 = 100.0%) {0.0%}
52  ... 

Histogram: Startup.Temperature recorded 1 samples, mean = 3.0 (flags = 0x41)
0  ... 
3  -O                                                                        (1 = 100.0%) {0.0%}
4  O                                                                         (0 = 0.0%) {100.0%}

Histogram: Storage.Blob.CreateDirectoryResult recorded 1 samples, mean = 0.0 (flags = 0x41)
0  -O                                                                        (1 = 100.0%)
1  ... 

Histogram: Storage.SessionStorage.RendererAreaCacheHit recorded 2 samples, mean = 1.0 (flags = 0x41)
0  -O                                                                        (1 = 50.0%)
1  O                                                                         (0 = 0.0%) {50.0%}
2  -O                                                                        (1 = 50.0%) {50.0%}
3  O                                                                         (0 = 0.0%) {100.0%}

Histogram: Storage.SharedStorage.Database.Timing.OpenImpl recorded 1 samples, mean = 0.0 (flags = 0x41)
0  -O                                                                        (1 = 100.0%)
1  ... 

Histogram: Storage.SharedStorage.OnShutdown.NumSqlErrors recorded 1 samples, mean = 0.0 (flags = 0x41)
0  -O                                                                        (1 = 100.0%)
1  ... 

Histogram: Storage.SharedStorage.OnShutdown.RecoveryFromInitFailureAttempted recorded 1 samples, mean = 0.0 (flags = 0x41)
0  -O                                                                        (1 = 100.0%)
1  ... 

Histogram: Storage.SharedStorage.OnShutdown.RecoveryOnDiskAttempted recorded 1 samples, mean = 0.0 (flags = 0x41)
0  -O                                                                        (1 = 100.0%)
1  ... 

Histogram: Storage.SharedStorage.Worklet.NumPerPage recorded 1 samples, mean = 0.0 (flags = 0x41)
0  -O                                                                        (1 = 100.0%)
1  ... 

Histogram: Storage.SharedStorage.Worklet.SelectURL.CallsPerPage recorded 1 samples, mean = 0.0 (flags = 0x41)
0  -O                                                                        (1 = 100.0%)
1  ... 

Histogram: Style.RebuildLayoutTreeTime recorded 7 samples, mean = 270.3 (flags = 0x41)
0     ... 
11    -O                                                                        (1 = 14.3%) {0.0%}
15    ... 
40    -----O                                                                    (5 = 71.4%) {14.3%}
55    ... 
1447  -O                                                                        (1 = 14.3%) {85.7%}
2008  ... 

Histogram: Style.RecalcTime recorded 10 samples, mean = 1719.2 (flags = 0x41)
0     ... 
2     -O                                                                        (1 = 10.0%) {0.0%}
3     ... 
55    --O                                                                       (2 = 20.0%) {10.0%}
76    ... 
146   -O                                                                        (1 = 10.0%) {30.0%}
203   --O                                                                       (2 = 20.0%) {40.0%}
282   -O                                                                        (1 = 10.0%) {60.0%}
391   ... 
2786  -O                                                                        (1 = 10.0%) {70.0%}
3865  O                                                                         (0 = 0.0%) {80.0%}
5362  -O                                                                        (1 = 10.0%) {80.0%}
7439  -O                                                                        (1 = 10.0%) {90.0%}
10321 ... 

Histogram: SubresourceFilter.MainFrameLoad.RulesetIsAvailableAnyActivationLevel recorded 1 samples, mean = 0.0 (flags = 0x41)
0  -O                                                                        (1 = 100.0%)
1  ... 

Histogram: SubresourceFilter.PageLoad.ActivationDecision recorded 1 samples, mean = 1.0 (flags = 0x41)
0  O                                                                         (0 = 0.0%)
1  -O                                                                        (1 = 100.0%) {0.0%}
2  ... 

Histogram: SubresourceFilter.PageLoad.ActivationList recorded 1 samples, mean = 0.0 (flags = 0x41)
0  -O                                                                        (1 = 100.0%)
1  ... 

Histogram: SubresourceFilter.PageLoad.ActivationState recorded 2 samples, mean = 0.0 (flags = 0x41)
0  --O                                                                       (2 = 100.0%)
1  ... 

Histogram: SubresourceFilter.PageLoad.SafeBrowsingDelay recorded 1 samples, mean = 0.0 (flags = 0x41)
0  -O                                                                        (1 = 100.0%)
1  ... 

Histogram: SubresourceFilter.SafeBrowsing.TotalCheckTime recorded 3 samples, mean = 0.0 (flags = 0x41)
0  ---O                                                                      (3 = 100.0%)
1  ... 

Histogram: Sync.ModelTypeStoreBackendError.ReadRecords recorded 5 samples, mean = 1.0 (flags = 0x41)
0  O                                                                         (0 = 0.0%)
1  -----O                                                                    (5 = 100.0%) {0.0%}
2  ... 

Histogram: Sync.ModelTypeStoreBackendInitializationSuccess recorded 1 samples, mean = 1.0 (flags = 0x41)
0  O                                                                         (0 = 0.0%)
1  -O                                                                        (1 = 100.0%) {0.0%}
2  O                                                                         (0 = 0.0%) {100.0%}

Histogram: Sync.PassphraseType2 recorded 1 samples, mean = 0.0 (flags = 0x41)
0  -O                                                                        (1 = 100.0%)
1  ... 

Histogram: Sync.SyncToSigninMigrationDecision recorded 1 samples, mean = 1.0 (flags = 0x41)
0  O                                                                         (0 = 0.0%)
1  -O                                                                        (1 = 100.0%) {0.0%}
2  ... 

Histogram: Sync.TrustedVaultFileReadStatus recorded 1 samples, mean = 0.0 (flags = 0x41)
0  -O                                                                        (1 = 100.0%)
1  ... 

Histogram: Sync.TrustedVaultFileWriteSuccess recorded 1 samples, mean = 1.0 (flags = 0x41)
0  O                                                                         (0 = 0.0%)
1  -O                                                                        (1 = 100.0%) {0.0%}
2  O                                                                         (0 = 0.0%) {100.0%}

Histogram: TabGroups.CollapsedGroupCountPerLoad recorded 1 samples, mean = 0.0 (flags = 0x41)
0  -O                                                                        (1 = 100.0%)
1  ... 

Histogram: TabGroups.UserCustomizedGroupCountPerLoad recorded 1 samples, mean = 0.0 (flags = 0x41)
0  -O                                                                        (1 = 100.0%)
1  ... 

Histogram: TabGroups.UserGroupCountPerLoad recorded 1 samples, mean = 0.0 (flags = 0x41)
0  -O                                                                        (1 = 100.0%)
1  ... 

Histogram: TabGroups.UserPinnedTabCountPerLoad recorded 1 samples, mean = 0.0 (flags = 0x41)
0  -O                                                                        (1 = 100.0%)
1  ... 

Histogram: Tabs.NewNavigationWithSameOriginTab recorded 1 samples, mean = 0.0 (flags = 0x41)
0  -O                                                                        (1 = 100.0%)
1  ... 

Histogram: Tabs.TabCount recorded 9 samples, mean = 0.0 (flags = 0x41)
0  ---------O                                                                (9 = 100.0%)
1  ... 

Histogram: Tabs.TabCount.PluggedIn recorded 9 samples, mean = 0.0 (flags = 0x41)
0  ---------O                                                                (9 = 100.0%)
1  ... 

Histogram: Tabs.TabCountPerLoad recorded 1 samples, mean = 0.0 (flags = 0x41)
0  -O                                                                        (1 = 100.0%)
1  ... 

Histogram: Tabs.WindowCount recorded 9 samples, mean = 0.0 (flags = 0x41)
0  ---------O                                                                (9 = 100.0%)
1  ... 

Histogram: Tabs.WindowCount.PluggedIn recorded 9 samples, mean = 0.0 (flags = 0x41)
0  ---------O                                                                (9 = 100.0%)
1  ... 

Histogram: ThirdPartyModules.InputMethodEditorsCount recorded 1 samples, mean = 0.0 (flags = 0x41)
0  -O                                                                        (1 = 100.0%)
1  ... 

Histogram: ThreadPool.UnnecessaryWakeup.Browser.Background recorded 3 samples, mean = 1.0 (flags = 0x41)
0  O                                                                         (0 = 0.0%)
1  ---O                                                                      (3 = 100.0%) {0.0%}
2  O                                                                         (0 = 0.0%) {100.0%}

Histogram: ThreadPool.UnnecessaryWakeup.Browser.Foreground recorded 93 samples, mean = 1.0 (flags = 0x41)
0  O                                                                         (0 = 0.0%)
1  ------------------------------------------------------------------------O (93 = 100.0%) {0.0%}
2  O                                                                         (0 = 0.0%) {100.0%}

Histogram: ThreadPool.UnnecessaryWakeup.ContentChild.Foreground recorded 45 samples, mean = 1.0 (flags = 0x41)
0  O                                                                         (0 = 0.0%)
1  ---------------------------------------------O                            (45 = 100.0%) {0.0%}
2  O                                                                         (0 = 0.0%) {100.0%}

Histogram: ThreadPool.UnnecessaryWakeup.GPU.Foreground recorded 2 samples, mean = 1.0 (flags = 0x41)
0  O                                                                         (0 = 0.0%)
1  --O                                                                       (2 = 100.0%) {0.0%}
2  O                                                                         (0 = 0.0%) {100.0%}

Histogram: ThreadPool.UnnecessaryWakeup.Renderer.Foreground recorded 73 samples, mean = 1.0 (flags = 0x41)
0  O                                                                         (0 = 0.0%)
1  ------------------------------------------------------------------------O (73 = 100.0%) {0.0%}
2  O                                                                         (0 = 0.0%) {100.0%}

Histogram: Translate.ApplicationStart.AlwaysTranslateLanguage.Count recorded 1 samples, mean = 0.0 (flags = 0x41)
0  -O                                                                        (1 = 100.0%)
1  ... 

Histogram: Translate.ApplicationStart.NeverTranslateLanguage recorded 1 samples (flags = 0x41)
-74147910-O                                                                        (1 = 100.0%)

Histogram: Translate.ApplicationStart.NeverTranslateLanguage.Count recorded 1 samples, mean = 1.0 (flags = 0x41)
0  O                                                                         (0 = 0.0%)
1  -O                                                                        (1 = 100.0%) {0.0%}
2  ... 

Histogram: Translate.ApplicationStart.NeverTranslateSite.Count recorded 1 samples, mean = 0.0 (flags = 0x41)
0  -O                                                                        (1 = 100.0%)
1  ... 

Histogram: Translate.LanguageDetection.LanguageVerification recorded 1 samples, mean = 2.0 (flags = 0x41)
0  ... 
2  -O                                                                        (1 = 100.0%) {0.0%}
3  ... 

Histogram: Translate.LanguageDeterminedDuration recorded 1 samples, mean = 621.0 (flags = 0x41)
0    ... 
539  -O                                                                        (1 = 100.0%) {0.0%}
730  ... 

Histogram: Translate.PageLoad.FinalSourceLanguage recorded 1 samples (flags = 0x41)
-74147910-O                                                                        (1 = 100.0%)

Histogram: Translate.PageLoad.FinalState recorded 1 samples, mean = 1.0 (flags = 0x41)
0  O                                                                         (0 = 0.0%)
1  -O                                                                        (1 = 100.0%) {0.0%}
2  ... 

Histogram: Translate.PageLoad.FinalTargetLanguage recorded 1 samples (flags = 0x41)
-74147910-O                                                                        (1 = 100.0%)

Histogram: Translate.PageLoad.InitialSourceLanguage recorded 1 samples (flags = 0x41)
-74147910-O                                                                        (1 = 100.0%)

Histogram: Translate.PageLoad.InitialState recorded 1 samples, mean = 1.0 (flags = 0x41)
0  O                                                                         (0 = 0.0%)
1  -O                                                                        (1 = 100.0%) {0.0%}
2  ... 

Histogram: Translate.PageLoad.InitialTargetLanguage recorded 1 samples (flags = 0x41)
-74147910-O                                                                        (1 = 100.0%)

Histogram: Translate.PageLoad.InitialTargetLanguage.Origin recorded 1 samples, mean = 1.0 (flags = 0x41)
0  O                                                                         (0 = 0.0%)
1  -O                                                                        (1 = 100.0%) {0.0%}
2  ... 

Histogram: Translate.PageLoad.IsInitialSourceLanguageInUsersContentLanguages recorded 1 samples, mean = 1.0 (flags = 0x41)
0  O                                                                         (0 = 0.0%)
1  -O                                                                        (1 = 100.0%) {0.0%}
2  O                                                                         (0 = 0.0%) {100.0%}

Histogram: Translate.PageLoad.NumReversions recorded 1 samples, mean = 0.0 (flags = 0x41)
0  -O                                                                        (1 = 100.0%)
1  ... 

Histogram: Translate.PageLoad.NumTargetLanguageChanges recorded 1 samples, mean = 0.0 (flags = 0x41)
0  -O                                                                        (1 = 100.0%)
1  ... 

Histogram: Translate.PageLoad.NumTranslations recorded 1 samples, mean = 0.0 (flags = 0x41)
0  -O                                                                        (1 = 100.0%)
1  ... 

Histogram: Translate.PageLoad.Ranker.Decision recorded 1 samples, mean = 1.0 (flags = 0x41)
0  O                                                                         (0 = 0.0%)
1  -O                                                                        (1 = 100.0%) {0.0%}
2  ... 

Histogram: Translate.PageLoad.Ranker.Version recorded 1 samples (flags = 0x41)
0  -O                                                                        (1 = 100.0%)

Histogram: Translate.PageLoad.TriggerDecision recorded 1 samples, mean = 4.0 (flags = 0x41)
0  ... 
4  -O                                                                        (1 = 100.0%) {0.0%}
5  ... 

Histogram: Translate.Ranker.Model.Status2 recorded 2 samples, mean = 6.5 (flags = 0x41)
0  ... 
6  -O                                                                        (1 = 50.0%) {0.0%}
7  -O                                                                        (1 = 50.0%) {50.0%}
8  O                                                                         (0 = 0.0%) {100.0%}

Histogram: UI.DeviceScale recorded 1 samples (flags = 0x41)
100  -O                                                                        (1 = 100.0%)

Histogram: UKM.Entries.Dropped recorded 147 samples, mean = 1.0 (flags = 0x41)
0  O                                                                         (0 = 0.0%)
1  ------------------------------------------------------------------------O (147 = 100.0%) {0.0%}
2  ... 

Histogram: UKM.Entries.Dropped.ByEntryHash recorded 147 samples (flags = 0x41)
58315124    -O                                                                        (1 = 0.7%)
181657211   --O                                                                       (2 = 1.4%)
189164898   -O                                                                        (1 = 0.7%)
251237400   -O                                                                        (1 = 0.7%)
270025173   -O                                                                        (1 = 0.7%)
277070773   -O                                                                        (1 = 0.7%)
385121421   -O                                                                        (1 = 0.7%)
480593958   ---O                                                                      (3 = 2.0%)
532600439   ---O                                                                      (3 = 2.0%)
575234402   -O                                                                        (1 = 0.7%)
624513781   -O                                                                        (1 = 0.7%)
654949485   ------------O                                                             (12 = 8.2%)
661477988   -O                                                                        (1 = 0.7%)
705322609   ---O                                                                      (3 = 2.0%)
805578149   -O                                                                        (1 = 0.7%)
810755299   -O                                                                        (1 = 0.7%)
828084724   -----------------------O                                                  (23 = 15.6%)
854760832   -O                                                                        (1 = 0.7%)
888761441   -O                                                                        (1 = 0.7%)
902138984   ------O                                                                   (6 = 4.1%)
986870865   ----O                                                                     (4 = 2.7%)
1004547038  -O                                                                        (1 = 0.7%)
1035062417  -O                                                                        (1 = 0.7%)
1078164680  --O                                                                       (2 = 1.4%)
1149114043  -O                                                                        (1 = 0.7%)
1262170432  -------O                                                                  (7 = 4.8%)
1321082436  --O                                                                       (2 = 1.4%)
1350795912  -O                                                                        (1 = 0.7%)
1354891390  -O                                                                        (1 = 0.7%)
1404242571  -----------------------O                                                  (23 = 15.6%)
1548358279  -O                                                                        (1 = 0.7%)
1576109827  -O                                                                        (1 = 0.7%)
1604233346  --------O                                                                 (8 = 5.4%)
1607081943  -O                                                                        (1 = 0.7%)
1663717192  -O                                                                        (1 = 0.7%)
1767609109  -----------O                                                              (11 = 7.5%)
1790338714  -O                                                                        (1 = 0.7%)
1832900131  ----O                                                                     (4 = 2.7%)
1866365893  -O                                                                        (1 = 0.7%)
1871083634  -O                                                                        (1 = 0.7%)
1982793904  -O                                                                        (1 = 0.7%)
2037740339  -------O                                                                  (7 = 4.8%)
2066033668  -O                                                                        (1 = 0.7%)

Histogram: UKM.PersistentLogRecall.Status recorded 1 samples, mean = 1.0 (flags = 0x41)
0  O                                                                         (0 = 0.0%)
1  -O                                                                        (1 = 100.0%) {0.0%}
2  ... 

Histogram: UKM.Sources.Dropped recorded 7 samples, mean = 1.0 (flags = 0x41)
0  O                                                                         (0 = 0.0%)
1  -------O                                                                  (7 = 100.0%) {0.0%}
2  ... 

Histogram: UKM.WebDXFeatureSets.Dropped recorded 2 samples, mean = 1.0 (flags = 0x41)
0  O                                                                         (0 = 0.0%)
1  --O                                                                       (2 = 100.0%) {0.0%}
2  ... 

Histogram: UMA.ChildProcess.Ping.Periodic recorded 18 samples, mean = 1.0 (flags = 0x41)
0  ------O                                                                   (6 = 33.3%)
1  ------O                                                                   (6 = 33.3%) {33.3%}
2  ------O                                                                   (6 = 33.3%) {66.7%}
3  O                                                                         (0 = 0.0%) {100.0%}

Histogram: UMA.ChildProcess.Ping.SharedMemorySetUp recorded 22 samples, mean = 1.0 (flags = 0x41)
0  --------O                                                                 (8 = 36.4%)
1  -------O                                                                  (7 = 31.8%) {36.4%}
2  -------O                                                                  (7 = 31.8%) {68.2%}
3  O                                                                         (0 = 0.0%) {100.0%}

Histogram: UMA.CleanExitBeaconConsistency3 recorded 1 samples, mean = 0.0 (flags = 0x41)
0  -O                                                                        (1 = 100.0%)
1  ... 

Histogram: UMA.EntropySourceType recorded 1 samples, mean = 1.0 (flags = 0x41)
0  O                                                                         (0 = 0.0%)
1  -O                                                                        (1 = 100.0%) {0.0%}
2  ... 

Histogram: UMA.LocalHistogram recorded 9 samples, mean = 1.0 (flags = 0x40)
0  O                                                                         (0 = 0.0%)
1  ---------O                                                                (9 = 100.0%) {0.0%}
2  O                                                                         (0 = 0.0%) {100.0%}

Histogram: UMA.MachineIdState recorded 1 samples, mean = 3.0 (flags = 0x41)
0  ... 
3  -O                                                                        (1 = 100.0%) {0.0%}
4  O                                                                         (0 = 0.0%) {100.0%}

Histogram: UMA.MetricsService.Initialize.Time recorded 1 samples, mean = 26.0 (flags = 0x41)
0   ... 
21  -O                                                                        (1 = 100.0%) {0.0%}
28  ... 

Histogram: UMA.MetricsService.PendingOngoingLogOnDisable recorded 1 samples, mean = 0.0 (flags = 0x41)
0  -O                                                                        (1 = 100.0%)
1  ... 

Histogram: UMA.PersistentAllocator.BrowserMetrics.Errors recorded 0 samples (flags = 0x41)
0 ... 

Histogram: UMA.PersistentAllocator.BrowserMetrics.UsedPct recorded 0 samples (flags = 0x41)
0 ... 

Histogram: UMA.PersistentAllocator.EarlyHistograms.BrowserMetrics recorded 1 samples, mean = 1.0 (flags = 0x41)
0  O                                                                         (0 = 0.0%)
1  -O                                                                        (1 = 100.0%) {0.0%}
2  ... 

Histogram: UMA.PersistentAllocator.EarlyHistograms.GpuMetrics recorded 1 samples, mean = 25.0 (flags = 0x41)
0   ... 
25  -O                                                                        (1 = 100.0%) {0.0%}
26  ... 

Histogram: UMA.PersistentAllocator.EarlyHistograms.RendererMetrics recorded 3 samples, mean = 29.0 (flags = 0x41)
0   ... 
25  -O                                                                        (1 = 33.3%) {0.0%}
26  ... 
30  -O                                                                        (1 = 33.3%) {33.3%}
32  -O                                                                        (1 = 33.3%) {66.7%}
34  ... 

Histogram: UMA.PersistentAllocator.EarlyHistograms.UtilityMetrics recorded 3 samples, mean = 7.0 (flags = 0x41)
0  ... 
7  ---O                                                                      (3 = 100.0%) {0.0%}
8  ... 

Histogram: UMA.PersistentAllocator.FieldTrialAllocator.Errors recorded 0 samples (flags = 0x41)
0 ... 

Histogram: UMA.PersistentAllocator.FieldTrialAllocator.UsedPct recorded 8 samples, mean = 0.0 (flags = 0x41)
0  --------O                                                                 (8 = 100.0%)
1  ... 

Histogram: UMA.PersistentHistograms.InitResult recorded 1 samples, mean = 2.0 (flags = 0x41)
0  ... 
2  -O                                                                        (1 = 100.0%) {0.0%}
3  ... 

Histogram: UMA.Pseudo.PageLoad.LayoutInstability.CumulativeShiftScore recorded 1 samples, mean = 0.0 (flags = 0x41)
0  -O                                                                        (1 = 100.0%)
1  ... 

Histogram: UMA.Pseudo.PageLoad.LayoutInstability.MaxCumulativeShiftScore.SessionWindow.Gap1000ms.Max5000ms2 recorded 1 samples, mean = 0.0 (flags = 0x41)
0  -O                                                                        (1 = 100.0%)
1  ... 

Histogram: UnifiedConsent.MakeSearchesAndBrowsingBetter.OnProfileLoad recorded 1 samples, mean = 0.0 (flags = 0x41)
0  -O                                                                        (1 = 100.0%)
1  ... 

Histogram: V8.CollectSourcePositions recorded 32 samples, mean = 80.5 (flags = 0x41)
0    ... 
5    -O                                                                        (1 = 3.1%) {0.0%}
7    ---O                                                                      (3 = 9.4%) {3.1%}
9    O                                                                         (0 = 0.0%) {12.5%}
12   --O                                                                       (2 = 6.2%) {12.5%}
16   ---O                                                                      (3 = 9.4%) {18.8%}
21   --O                                                                       (2 = 6.2%) {28.1%}
28   --O                                                                       (2 = 6.2%) {34.4%}
37   ----O                                                                     (4 = 12.5%) {40.6%}
49   ---O                                                                      (3 = 9.4%) {53.1%}
65   -O                                                                        (1 = 3.1%) {62.5%}
86   ---O                                                                      (3 = 9.4%) {65.6%}
113  ---O                                                                      (3 = 9.4%) {75.0%}
149  --O                                                                       (2 = 6.2%) {84.4%}
196  -O                                                                        (1 = 3.1%) {90.6%}
258  -O                                                                        (1 = 3.1%) {93.8%}
340  -O                                                                        (1 = 3.1%) {96.9%}
448  ... 

Histogram: V8.CompileLazyMicroSeconds recorded 5 samples, mean = 5785.4 (flags = 0x41)
0      ... 
76     -O                                                                        (1 = 20.0%) {0.0%}
105    ... 
1447   --O                                                                       (2 = 40.0%) {20.0%}
2008   ... 
5362   -O                                                                        (1 = 20.0%) {60.0%}
7439   ... 
14319  -O                                                                        (1 = 20.0%) {80.0%}
19866  ... 

Histogram: V8.CompileMicroSeconds recorded 22 samples, mean = 31.1 (flags = 0x41)
0    ... 
4    --O                                                                       (2 = 9.1%) {0.0%}
5    -------O                                                                  (7 = 31.8%) {9.1%}
7    -O                                                                        (1 = 4.5%) {40.9%}
9    ---O                                                                      (3 = 13.6%) {45.5%}
12   O                                                                         (0 = 0.0%) {59.1%}
16   ----O                                                                     (4 = 18.2%) {59.1%}
21   -O                                                                        (1 = 4.5%) {77.3%}
28   O                                                                         (0 = 0.0%) {81.8%}
37   --O                                                                       (2 = 9.1%) {81.8%}
49   ... 
196  --O                                                                       (2 = 9.1%) {90.9%}
258  ... 

Histogram: V8.CompileScript.CacheBehaviour recorded 48 samples, mean = 9.2 (flags = 0x41)
0   ... 
4   ----------------O                                                         (16 = 33.3%) {0.0%}
5   ... 
8   --O                                                                       (2 = 4.2%) {33.3%}
9   ... 
12  --------------------------O                                               (26 = 54.2%) {37.5%}
13  ----O                                                                     (4 = 8.3%) {91.7%}
14  ... 

Histogram: V8.CompileScriptMicroSeconds recorded 48 samples, mean = 44.8 (flags = 0x41)
0    ... 
4    --O                                                                       (2 = 4.2%) {0.0%}
5    ------O                                                                   (6 = 12.5%) {4.2%}
7    ---O                                                                      (3 = 6.2%) {16.7%}
9    -------O                                                                  (7 = 14.6%) {22.9%}
12   ----O                                                                     (4 = 8.3%) {37.5%}
16   -------O                                                                  (7 = 14.6%) {45.8%}
21   -----O                                                                    (5 = 10.4%) {60.4%}
28   ---O                                                                      (3 = 6.2%) {70.8%}
37   -----O                                                                    (5 = 10.4%) {77.1%}
49   -O                                                                        (1 = 2.1%) {87.5%}
65   -O                                                                        (1 = 2.1%) {89.6%}
86   O                                                                         (0 = 0.0%) {91.7%}
113  -O                                                                        (1 = 2.1%) {91.7%}
149  ... 
258  -O                                                                        (1 = 2.1%) {93.8%}
340  -O                                                                        (1 = 2.1%) {95.8%}
448  -O                                                                        (1 = 2.1%) {97.9%}
590  ... 

Histogram: V8.CompileScriptMicroSeconds.BackgroundThread recorded 26 samples, mean = 15458.1 (flags = 0x41)
0       ... 
86      -O                                                                        (1 = 3.8%) {0.0%}
113     --O                                                                       (2 = 7.7%) {3.8%}
149     O                                                                         (0 = 0.0%) {11.5%}
196     --O                                                                       (2 = 7.7%) {11.5%}
258     --O                                                                       (2 = 7.7%) {19.2%}
340     ... 
590     ---O                                                                      (3 = 11.5%) {26.9%}
777     --O                                                                       (2 = 7.7%) {38.5%}
1023    -O                                                                        (1 = 3.8%) {46.2%}
1347    O                                                                         (0 = 0.0%) {50.0%}
1774    --O                                                                       (2 = 7.7%) {50.0%}
2336    -O                                                                        (1 = 3.8%) {57.7%}
3077    -O                                                                        (1 = 3.8%) {61.5%}
4053    ---O                                                                      (3 = 11.5%) {65.4%}
5338    -O                                                                        (1 = 3.8%) {76.9%}
7031    ... 
12196   -O                                                                        (1 = 3.8%) {80.8%}
16063   --O                                                                       (2 = 7.7%) {84.6%}
21156   ... 
110434  -O                                                                        (1 = 3.8%) {92.3%}
145450  -O                                                                        (1 = 3.8%) {96.2%}
191569  ... 

Histogram: V8.CompileScriptMicroSeconds.NoCache.InlineScript recorded 16 samples, mean = 52.6 (flags = 0x41)
0    ... 
12   --O                                                                       (2 = 12.5%) {0.0%}
16   ---O                                                                      (3 = 18.8%) {12.5%}
21   --O                                                                       (2 = 12.5%) {31.2%}
28   --O                                                                       (2 = 12.5%) {43.8%}
37   ---O                                                                      (3 = 18.8%) {56.2%}
49   -O                                                                        (1 = 6.2%) {75.0%}
65   -O                                                                        (1 = 6.2%) {81.2%}
86   O                                                                         (0 = 0.0%) {87.5%}
113  -O                                                                        (1 = 6.2%) {87.5%}
149  ... 
258  -O                                                                        (1 = 6.2%) {93.8%}
340  ... 

Histogram: V8.CompileScriptMicroSeconds.NoCache.Other recorded 6 samples, mean = 175.8 (flags = 0x41)
0    ... 
21   -O                                                                        (1 = 16.7%) {0.0%}
28   -O                                                                        (1 = 16.7%) {16.7%}
37   --O                                                                       (2 = 33.3%) {33.3%}
49   ... 
448  --O                                                                       (2 = 33.3%) {66.7%}
590  ... 

Histogram: V8.CompileScriptMicroSeconds.StreamingFinalization recorded 26 samples, mean = 11.6 (flags = 0x41)
0   ... 
4   -O                                                                        (1 = 3.8%) {0.0%}
5   -----O                                                                    (5 = 19.2%) {3.8%}
7   ----O                                                                     (4 = 15.4%) {23.1%}
9   ------O                                                                   (6 = 23.1%) {38.5%}
12  ---O                                                                      (3 = 11.5%) {61.5%}
16  ----O                                                                     (4 = 15.4%) {73.1%}
21  ---O                                                                      (3 = 11.5%) {88.5%}
28  ... 

Histogram: V8.CompileSerializeMicroSeconds recorded 17 samples, mean = 108.2 (flags = 0x41)
0    ... 
20   -O                                                                        (1 = 5.9%) {0.0%}
25   --O                                                                       (2 = 11.8%) {5.9%}
31   -O                                                                        (1 = 5.9%) {17.6%}
39   -O                                                                        (1 = 5.9%) {23.5%}
49   ---O                                                                      (3 = 17.6%) {29.4%}
61   -O                                                                        (1 = 5.9%) {47.1%}
76   --O                                                                       (2 = 11.8%) {52.9%}
95   ... 
149  --O                                                                       (2 = 11.8%) {64.7%}
186  --O                                                                       (2 = 11.8%) {76.5%}
233  -O                                                                        (1 = 5.9%) {88.2%}
292  -O                                                                        (1 = 5.9%) {94.1%}
365  ... 

Histogram: V8.ErrorsThrownPerContext recorded 1 samples, mean = 0.0 (flags = 0x41)
0  -O                                                                        (1 = 100.0%)
1  ... 

Histogram: V8.GC.Cycle.CollectionRate.Full recorded 1 samples, mean = 79.0 (flags = 0x41)
0   ... 
64  -O                                                                        (1 = 100.0%) {0.0%}
80  ... 

Histogram: V8.GC.Cycle.CollectionRate.Full.Cpp recorded 1 samples, mean = 60.0 (flags = 0x41)
0   ... 
51  -O                                                                        (1 = 100.0%) {0.0%}
64  ... 

Histogram: V8.GC.Cycle.CollectionRate.Young recorded 9 samples, mean = 35.7 (flags = 0x41)
0   ... 
17  --O                                                                       (2 = 22.2%) {0.0%}
21  -O                                                                        (1 = 11.1%) {22.2%}
26  O                                                                         (0 = 0.0%) {33.3%}
33  --O                                                                       (2 = 22.2%) {33.3%}
41  ---O                                                                      (3 = 33.3%) {55.6%}
51  -O                                                                        (1 = 11.1%) {88.9%}
64  ... 

Histogram: V8.GC.Cycle.CollectionWeight.Full recorded 1 samples, mean = 0.0 (flags = 0x41)
0  -O                                                                        (1 = 100.0%)
1  ... 

Histogram: V8.GC.Cycle.CollectionWeight.Full.Cpp recorded 1 samples, mean = 0.0 (flags = 0x41)
0  -O                                                                        (1 = 100.0%)
1  ... 

Histogram: V8.GC.Cycle.CollectionWeight.MainThread.Full recorded 1 samples, mean = 0.0 (flags = 0x41)
0  -O                                                                        (1 = 100.0%)
1  ... 

Histogram: V8.GC.Cycle.CollectionWeight.MainThread.Full.Cpp recorded 1 samples, mean = 0.0 (flags = 0x41)
0  -O                                                                        (1 = 100.0%)
1  ... 

Histogram: V8.GC.Cycle.Efficiency.Full recorded 1 samples, mean = 102.0 (flags = 0x41)
0   ... 
88  -O                                                                        (1 = 100.0%) {0.0%}
120 ... 

Histogram: V8.GC.Cycle.Efficiency.Full.Cpp recorded 1 samples, mean = 455.0 (flags = 0x41)
0    ... 
411  -O                                                                        (1 = 100.0%) {0.0%}
559  ... 

Histogram: V8.GC.Cycle.Efficiency.MainThread.Full recorded 1 samples, mean = 530.0 (flags = 0x41)
0    ... 
411  -O                                                                        (1 = 100.0%) {0.0%}
559  ... 

Histogram: V8.GC.Cycle.Efficiency.MainThread.Full.Cpp recorded 1 samples, mean = 727.0 (flags = 0x41)
0    ... 
559  -O                                                                        (1 = 100.0%) {0.0%}
760  ... 

Histogram: V8.GC.Cycle.Efficiency.MainThread.Young recorded 9 samples, mean = 1833.1 (flags = 0x41)
0     ... 
302   -O                                                                        (1 = 11.1%) {0.0%}
411   O                                                                         (0 = 0.0%) {11.1%}
559   -O                                                                        (1 = 11.1%) {11.1%}
760   -O                                                                        (1 = 11.1%) {22.2%}
1034  --O                                                                       (2 = 22.2%) {33.3%}
1407  O                                                                         (0 = 0.0%) {55.6%}
1914  -O                                                                        (1 = 11.1%) {55.6%}
2604  --O                                                                       (2 = 22.2%) {66.7%}
3542  -O                                                                        (1 = 11.1%) {88.9%}
4818  ... 

Histogram: V8.GC.Cycle.Efficiency.Young recorded 9 samples, mean = 766.3 (flags = 0x41)
0     ... 
163   -O                                                                        (1 = 11.1%) {0.0%}
222   O                                                                         (0 = 0.0%) {11.1%}
302   -O                                                                        (1 = 11.1%) {11.1%}
411   ---O                                                                      (3 = 33.3%) {22.2%}
559   O                                                                         (0 = 0.0%) {55.6%}
760   -O                                                                        (1 = 11.1%) {55.6%}
1034  ---O                                                                      (3 = 33.3%) {66.7%}
1407  ... 

Histogram: V8.GC.Cycle.Full recorded 1 samples, mean = 30.0 (flags = 0x41)
0   ... 
29  -O                                                                        (1 = 100.0%) {0.0%}
34  ... 

Histogram: V8.GC.Cycle.Full.Compact recorded 1 samples, mean = 4.0 (flags = 0x41)
0  ... 
4  -O                                                                        (1 = 100.0%) {0.0%}
5  ... 

Histogram: V8.GC.Cycle.Full.Compact.Cpp recorded 1 samples, mean = 1.0 (flags = 0x41)
0  O                                                                         (0 = 0.0%)
1  -O                                                                        (1 = 100.0%) {0.0%}
2  ... 

Histogram: V8.GC.Cycle.Full.Cpp recorded 1 samples, mean = 7.0 (flags = 0x41)
0  ... 
7  -O                                                                        (1 = 100.0%) {0.0%}
8  ... 

Histogram: V8.GC.Cycle.Full.Mark recorded 1 samples, mean = 20.0 (flags = 0x41)
0   ... 
20  -O                                                                        (1 = 100.0%) {0.0%}
24  ... 

Histogram: V8.GC.Cycle.Full.Mark.Cpp recorded 1 samples, mean = 4.0 (flags = 0x41)
0  ... 
4  -O                                                                        (1 = 100.0%) {0.0%}
5  ... 

Histogram: V8.GC.Cycle.Full.Sweep recorded 1 samples, mean = 3.0 (flags = 0x41)
0  ... 
3  -O                                                                        (1 = 100.0%) {0.0%}
4  ... 

Histogram: V8.GC.Cycle.Full.Sweep.Cpp recorded 1 samples, mean = 1.0 (flags = 0x41)
0  O                                                                         (0 = 0.0%)
1  -O                                                                        (1 = 100.0%) {0.0%}
2  ... 

Histogram: V8.GC.Cycle.Full.Weak recorded 1 samples, mean = 0.0 (flags = 0x41)
0  -O                                                                        (1 = 100.0%)
1  ... 

Histogram: V8.GC.Cycle.Full.Weak.Cpp recorded 1 samples, mean = 0.0 (flags = 0x41)
0  -O                                                                        (1 = 100.0%)
1  ... 

Histogram: V8.GC.Cycle.MainThread.Full recorded 1 samples, mean = 5.0 (flags = 0x41)
0  ... 
5  -O                                                                        (1 = 100.0%) {0.0%}
6  ... 

Histogram: V8.GC.Cycle.MainThread.Full.Atomic recorded 1 samples, mean = 4.0 (flags = 0x41)
0  ... 
4  -O                                                                        (1 = 100.0%) {0.0%}
5  ... 

Histogram: V8.GC.Cycle.MainThread.Full.Atomic.Compact recorded 1 samples, mean = 1.0 (flags = 0x41)
0  O                                                                         (0 = 0.0%)
1  -O                                                                        (1 = 100.0%) {0.0%}
2  ... 

Histogram: V8.GC.Cycle.MainThread.Full.Atomic.Compact.Cpp recorded 1 samples, mean = 1.0 (flags = 0x41)
0  O                                                                         (0 = 0.0%)
1  -O                                                                        (1 = 100.0%) {0.0%}
2  ... 

Histogram: V8.GC.Cycle.MainThread.Full.Atomic.Cpp recorded 1 samples, mean = 2.0 (flags = 0x41)
0  ... 
2  -O                                                                        (1 = 100.0%) {0.0%}
3  ... 

Histogram: V8.GC.Cycle.MainThread.Full.Atomic.Mark recorded 1 samples, mean = 0.0 (flags = 0x41)
0  -O                                                                        (1 = 100.0%)
1  ... 

Histogram: V8.GC.Cycle.MainThread.Full.Atomic.Mark.Cpp recorded 1 samples, mean = 0.0 (flags = 0x41)
0  -O                                                                        (1 = 100.0%)
1  ... 

Histogram: V8.GC.Cycle.MainThread.Full.Atomic.Sweep recorded 1 samples, mean = 0.0 (flags = 0x41)
0  -O                                                                        (1 = 100.0%)
1  ... 

Histogram: V8.GC.Cycle.MainThread.Full.Atomic.Sweep.Cpp recorded 1 samples, mean = 0.0 (flags = 0x41)
0  -O                                                                        (1 = 100.0%)
1  ... 

Histogram: V8.GC.Cycle.MainThread.Full.Atomic.Weak recorded 1 samples, mean = 0.0 (flags = 0x41)
0  -O                                                                        (1 = 100.0%)
1  ... 

Histogram: V8.GC.Cycle.MainThread.Full.Atomic.Weak.Cpp recorded 1 samples, mean = 0.0 (flags = 0x41)
0  -O                                                                        (1 = 100.0%)
1  ... 

Histogram: V8.GC.Cycle.MainThread.Full.Compact recorded 1 samples, mean = 1.0 (flags = 0x41)
0  O                                                                         (0 = 0.0%)
1  -O                                                                        (1 = 100.0%) {0.0%}
2  ... 

Histogram: V8.GC.Cycle.MainThread.Full.Compact.Cpp recorded 1 samples, mean = 1.0 (flags = 0x41)
0  O                                                                         (0 = 0.0%)
1  -O                                                                        (1 = 100.0%) {0.0%}
2  ... 

Histogram: V8.GC.Cycle.MainThread.Full.Cpp recorded 1 samples, mean = 4.0 (flags = 0x41)
0  ... 
4  -O                                                                        (1 = 100.0%) {0.0%}
5  ... 

Histogram: V8.GC.Cycle.MainThread.Full.Incremental.Mark recorded 1 samples, mean = 1.0 (flags = 0x41)
0  O                                                                         (0 = 0.0%)
1  -O                                                                        (1 = 100.0%) {0.0%}
2  ... 

Histogram: V8.GC.Cycle.MainThread.Full.Incremental.Mark.Cpp recorded 1 samples, mean = 1.0 (flags = 0x41)
0  O                                                                         (0 = 0.0%)
1  -O                                                                        (1 = 100.0%) {0.0%}
2  ... 

Histogram: V8.GC.Cycle.MainThread.Full.Incremental.Mark.StartStop recorded 1 samples, mean = 3.0 (flags = 0x41)
0  ... 
3  -O                                                                        (1 = 100.0%) {0.0%}
4  ... 

Histogram: V8.GC.Cycle.MainThread.Full.Incremental.Sweep recorded 1 samples, mean = 0.0 (flags = 0x41)
0  -O                                                                        (1 = 100.0%)
1  ... 

Histogram: V8.GC.Cycle.MainThread.Full.Incremental.Sweep.Cpp recorded 1 samples, mean = 1.0 (flags = 0x41)
0  O                                                                         (0 = 0.0%)
1  -O                                                                        (1 = 100.0%) {0.0%}
2  ... 

Histogram: V8.GC.Cycle.MainThread.Full.Mark recorded 1 samples, mean = 1.0 (flags = 0x41)
0  O                                                                         (0 = 0.0%)
1  -O                                                                        (1 = 100.0%) {0.0%}
2  ... 

Histogram: V8.GC.Cycle.MainThread.Full.Mark.Cpp recorded 1 samples, mean = 1.0 (flags = 0x41)
0  O                                                                         (0 = 0.0%)
1  -O                                                                        (1 = 100.0%) {0.0%}
2  ... 

Histogram: V8.GC.Cycle.MainThread.Full.Sweep recorded 1 samples, mean = 0.0 (flags = 0x41)
0  -O                                                                        (1 = 100.0%)
1  ... 

Histogram: V8.GC.Cycle.MainThread.Full.Sweep.Cpp recorded 1 samples, mean = 1.0 (flags = 0x41)
0  O                                                                         (0 = 0.0%)
1  -O                                                                        (1 = 100.0%) {0.0%}
2  ... 

Histogram: V8.GC.Cycle.MainThread.Full.Weak recorded 1 samples, mean = 0.0 (flags = 0x41)
0  -O                                                                        (1 = 100.0%)
1  ... 

Histogram: V8.GC.Cycle.MainThread.Full.Weak.Cpp recorded 1 samples, mean = 0.0 (flags = 0x41)
0  -O                                                                        (1 = 100.0%)
1  ... 

Histogram: V8.GC.Cycle.MainThread.Young recorded 9 samples, mean = 0.4 (flags = 0x41)
0  -----O                                                                    (5 = 55.6%)
1  ----O                                                                     (4 = 44.4%) {55.6%}
2  ... 

Histogram: V8.GC.Cycle.Memory.Freed.Full recorded 1 samples, mean = 7936.0 (flags = 0x41)
0     ... 
6554  -O                                                                        (1 = 100.0%) {0.0%}
8915  ... 

Histogram: V8.GC.Cycle.Memory.Freed.Full.Cpp recorded 1 samples, mean = 3072.0 (flags = 0x41)
0     ... 
2604  -O                                                                        (1 = 100.0%) {0.0%}
3542  ... 

Histogram: V8.GC.Cycle.Objects.After.Full recorded 1 samples, mean = 11990.0 (flags = 0x41)
0     ... 
8915  -O                                                                        (1 = 100.0%) {0.0%}
12127 ... 

Histogram: V8.GC.Cycle.Objects.After.Full.Cpp recorded 1 samples, mean = 5262.0 (flags = 0x41)
0     ... 
4818  -O                                                                        (1 = 100.0%) {0.0%}
6554  ... 

Histogram: V8.GC.Cycle.Objects.Before.Full recorded 1 samples, mean = 15104.0 (flags = 0x41)
0      ... 
12127  -O                                                                        (1 = 100.0%) {0.0%}
16496  ... 

Histogram: V8.GC.Cycle.Objects.Before.Full.Cpp recorded 1 samples, mean = 8743.0 (flags = 0x41)
0     ... 
6554  -O                                                                        (1 = 100.0%) {0.0%}
8915  ... 

Histogram: V8.GC.Cycle.Objects.Freed.Full recorded 1 samples, mean = 3113.0 (flags = 0x41)
0     ... 
2604  -O                                                                        (1 = 100.0%) {0.0%}
3542  ... 

Histogram: V8.GC.Cycle.Objects.Freed.Full.Cpp recorded 1 samples, mean = 3481.0 (flags = 0x41)
0     ... 
2604  -O                                                                        (1 = 100.0%) {0.0%}
3542  ... 

Histogram: V8.GC.Cycle.Reason.Full recorded 1 samples, mean = 9.0 (flags = 0x41)
0  ... 
9  -O                                                                        (1 = 100.0%) {0.0%}
10 ... 

Histogram: V8.GC.Cycle.Reason.Young recorded 9 samples, mean = 2.2 (flags = 0x41)
0   O                                                                         (0 = 0.0%)
1   --------O                                                                 (8 = 88.9%) {0.0%}
2   ... 
12  -O                                                                        (1 = 11.1%) {88.9%}
13  ... 

Histogram: V8.GC.Cycle.Young recorded 9 samples, mean = 1.4 (flags = 0x41)
0  O                                                                         (0 = 0.0%)
1  -----O                                                                    (5 = 55.6%) {0.0%}
2  ----O                                                                     (4 = 44.4%) {55.6%}
3  ... 

Histogram: V8.GC.Event.MainThread.Full.Finalize.Incremental.ReduceMemory recorded 2 samples, mean = 3.0 (flags = 0x41)
0  ... 
2  -O                                                                        (1 = 50.0%) {0.0%}
3  O                                                                         (0 = 0.0%) {50.0%}
4  -O                                                                        (1 = 50.0%) {50.0%}
5  ... 

Histogram: V8.GC.Event.MainThread.Full.Finalize.Incremental.ReduceMemory.Foreground recorded 2 samples, mean = 3.0 (flags = 0x41)
0  ... 
2  -O                                                                        (1 = 50.0%) {0.0%}
3  O                                                                         (0 = 0.0%) {50.0%}
4  -O                                                                        (1 = 50.0%) {50.0%}
5  ... 

Histogram: V8.GC.Event.MainThread.Full.Incremental.Mark recorded 46 samples, mean = 0.0 (flags = 0x41)
0  ----------------------------------------------O                           (46 = 100.0%)
1  ... 

Histogram: V8.GC.Event.MainThread.Full.Incremental.Mark.Cpp recorded 64 samples, mean = 0.0 (flags = 0x41)
0  ----------------------------------------------------------------O         (64 = 100.0%)
1  ... 

Histogram: V8.GC.Event.MainThread.Full.Incremental.Sweep.Cpp recorded 82 samples, mean = 0.0 (flags = 0x41)
0  ------------------------------------------------------------------------O (81 = 98.8%)
1  -O                                                                        (1 = 1.2%) {98.8%}
2  ... 

Histogram: V8.GC.TimeToSafepoint recorded 13 samples, mean = 1.2 (flags = 0x41)
0  --------O                                                                 (8 = 61.5%)
1  ---O                                                                      (3 = 23.1%) {61.5%}
2  ... 
4  -O                                                                        (1 = 7.7%) {84.6%}
6  O                                                                         (0 = 0.0%) {92.3%}
8  -O                                                                        (1 = 7.7%) {92.3%}
11 ... 

Histogram: V8.GCIncrementalMarking recorded 61 samples, mean = 0.0 (flags = 0x41)
0  -------------------------------------------------------------O            (61 = 100.0%)
1  ... 

Histogram: V8.GCIncrementalMarkingReason recorded 2 samples, mean = 17.0 (flags = 0x41)
0   ... 
17  --O                                                                       (2 = 100.0%) {0.0%}
18  ... 

Histogram: V8.GCIncrementalMarkingStart recorded 2 samples, mean = 0.0 (flags = 0x41)
0  --O                                                                       (2 = 100.0%)
1  ... 

Histogram: V8.GCMarkCompactReason recorded 1 samples, mean = 9.0 (flags = 0x41)
0  ... 
9  -O                                                                        (1 = 100.0%) {0.0%}
10 ... 

Histogram: V8.GCScavenger.ScavengeMain recorded 9 samples, mean = 0.1 (flags = 0x41)
0  --------O                                                                 (8 = 88.9%)
1  -O                                                                        (1 = 11.1%) {88.9%}
2  ... 

Histogram: V8.GCScavenger.ScavengeRoots recorded 9 samples, mean = 0.0 (flags = 0x41)
0  ---------O                                                                (9 = 100.0%)
1  ... 

Histogram: V8.JSDispatchTableEntriesCount recorded 2 samples, mean = 1.0 (flags = 0x41)
0  O                                                                         (0 = 0.0%)
1  --O                                                                       (2 = 100.0%) {0.0%}
2  ... 

Histogram: V8.LocalWindowProxy.CreateContextTime recorded 4 samples, mean = 0.8 (flags = 0x41)
0  --O                                                                       (2 = 50.0%)
1  -O                                                                        (1 = 25.0%) {50.0%}
2  -O                                                                        (1 = 25.0%) {75.0%}
3  ... 

Histogram: V8.LocalWindowProxy.InitializeTime recorded 4 samples, mean = 2.0 (flags = 0x41)
0  O                                                                         (0 = 0.0%)
1  --O                                                                       (2 = 50.0%) {0.0%}
2  O                                                                         (0 = 0.0%) {50.0%}
3  --O                                                                       (2 = 50.0%) {50.0%}
4  ... 

Histogram: V8.MaglevOptimizeExecute recorded 126 samples, mean = 217.4 (flags = 0x41)
0     ... 
16    --O                                                                       (2 = 1.6%) {0.0%}
20    --O                                                                       (2 = 1.6%) {1.6%}
25    ----O                                                                     (4 = 3.2%) {3.2%}
31    ---O                                                                      (3 = 2.4%) {6.3%}
39    -----O                                                                    (5 = 4.0%) {8.7%}
49    -------------O                                                            (13 = 10.3%) {12.7%}
61    -------O                                                                  (7 = 5.6%) {23.0%}
76    ------------O                                                             (12 = 9.5%) {28.6%}
95    ------------O                                                             (12 = 9.5%) {38.1%}
119   ---------O                                                                (9 = 7.1%) {47.6%}
149   -----------O                                                              (11 = 8.7%) {54.8%}
186   ----------------O                                                         (16 = 12.7%) {63.5%}
233   -------O                                                                  (7 = 5.6%) {76.2%}
292   --------O                                                                 (8 = 6.3%) {81.7%}
365   ----O                                                                     (4 = 3.2%) {88.1%}
457   ---O                                                                      (3 = 2.4%) {91.3%}
572   ---O                                                                      (3 = 2.4%) {93.7%}
716   -O                                                                        (1 = 0.8%) {96.0%}
896   --O                                                                       (2 = 1.6%) {96.8%}
1122  -O                                                                        (1 = 0.8%) {98.4%}
1404  ... 
3446  -O                                                                        (1 = 0.8%) {99.2%}
4313  ... 

Histogram: V8.MaglevOptimizeFinalize recorded 126 samples, mean = 5.0 (flags = 0x41)
0   --------O                                                                 (8 = 6.3%)
1   ---------------O                                                          (15 = 11.9%) {6.3%}
2   -----------------O                                                        (17 = 13.5%) {18.3%}
3   ------------O                                                             (12 = 9.5%) {31.7%}
4   ---------------------O                                                    (21 = 16.7%) {41.3%}
5   ------------O                                                             (12 = 9.5%) {57.9%}
6   ----------------O                                                         (16 = 12.7%) {67.5%}
8   ----------O                                                               (10 = 7.9%) {80.2%}
10  ----------O                                                               (10 = 7.9%) {88.1%}
13  --O                                                                       (2 = 1.6%) {96.0%}
16  -O                                                                        (1 = 0.8%) {97.6%}
20  O                                                                         (0 = 0.0%) {98.4%}
25  -O                                                                        (1 = 0.8%) {98.4%}
31  -O                                                                        (1 = 0.8%) {99.2%}
39  ... 

Histogram: V8.MaglevOptimizePrepare recorded 126 samples, mean = 0.1 (flags = 0x41)
0  ------------------------------------------------------------------------O (116 = 92.1%)
1  ------O                                                                   (10 = 7.9%) {92.1%}
2  ... 

Histogram: V8.MaglevOptimizeTotalTime recorded 126 samples, mean = 2806.0 (flags = 0x41)
0       ... 
37      ---O                                                                      (3 = 2.4%) {0.0%}
49      ------O                                                                   (6 = 4.8%) {2.4%}
65      ----------------O                                                         (16 = 12.7%) {7.1%}
86      --------------O                                                           (14 = 11.1%) {19.8%}
113     --------------O                                                           (14 = 11.1%) {31.0%}
149     -----------O                                                              (11 = 8.7%) {42.1%}
196     -----------------O                                                        (17 = 13.5%) {50.8%}
258     ----------------O                                                         (16 = 12.7%) {64.3%}
340     -------O                                                                  (7 = 5.6%) {77.0%}
448     ------O                                                                   (6 = 4.8%) {82.5%}
590     ----O                                                                     (4 = 3.2%) {87.3%}
777     ---O                                                                      (3 = 2.4%) {90.5%}
1023    O                                                                         (0 = 0.0%) {92.9%}
1347    -O                                                                        (1 = 0.8%) {92.9%}
1774    O                                                                         (0 = 0.0%) {93.7%}
2336    -O                                                                        (1 = 0.8%) {93.7%}
3077    --O                                                                       (2 = 1.6%) {94.4%}
4053    O                                                                         (0 = 0.0%) {96.0%}
5338    -O                                                                        (1 = 0.8%) {96.0%}
7031    ... 
27864   ---O                                                                      (3 = 2.4%) {96.8%}
36699   ... 
191569  -O                                                                        (1 = 0.8%) {99.2%}
252312  ... 

Histogram: V8.MemoryExternalFragmentationCodeSpace recorded 11 samples, mean = 52.8 (flags = 0x41)
0   ... 
3   -O                                                                        (1 = 9.1%) {0.0%}
4   -O                                                                        (1 = 9.1%) {9.1%}
5   ... 
26  -O                                                                        (1 = 9.1%) {18.2%}
27  ... 
33  -O                                                                        (1 = 9.1%) {27.3%}
34  ... 
44  -O                                                                        (1 = 9.1%) {36.4%}
45  ... 
65  -O                                                                        (1 = 9.1%) {45.5%}
66  ... 
77  -O                                                                        (1 = 9.1%) {54.5%}
78  O                                                                         (0 = 0.0%) {63.6%}
79  -O                                                                        (1 = 9.1%) {63.6%}
80  -O                                                                        (1 = 9.1%) {72.7%}
81  O                                                                         (0 = 0.0%) {81.8%}
82  -O                                                                        (1 = 9.1%) {81.8%}
83  ... 
88  -O                                                                        (1 = 9.1%) {90.9%}
89  ... 

Histogram: V8.MemoryExternalFragmentationLoSpace recorded 11 samples, mean = 1.9 (flags = 0x41)
0  O                                                                         (0 = 0.0%)
1  ------O                                                                   (6 = 54.5%) {0.0%}
2  O                                                                         (0 = 0.0%) {54.5%}
3  -----O                                                                    (5 = 45.5%) {54.5%}
4  ... 

Histogram: V8.MemoryExternalFragmentationOldSpace recorded 11 samples, mean = 10.0 (flags = 0x41)
0   ... 
2   -O                                                                        (1 = 9.1%) {0.0%}
3   ... 
5   -O                                                                        (1 = 9.1%) {9.1%}
6   O                                                                         (0 = 0.0%) {18.2%}
7   -O                                                                        (1 = 9.1%) {18.2%}
8   O                                                                         (0 = 0.0%) {27.3%}
9   --O                                                                       (2 = 18.2%) {27.3%}
10  --O                                                                       (2 = 18.2%) {45.5%}
11  -O                                                                        (1 = 9.1%) {63.6%}
12  O                                                                         (0 = 0.0%) {72.7%}
13  -O                                                                        (1 = 9.1%) {72.7%}
14  -O                                                                        (1 = 9.1%) {81.8%}
15  ... 
20  -O                                                                        (1 = 9.1%) {90.9%}
21  ... 

Histogram: V8.MemoryExternalFragmentationTotal recorded 11 samples, mean = 40.2 (flags = 0x41)
0   ... 
14  -O                                                                        (1 = 9.1%) {0.0%}
15  ... 
18  -O                                                                        (1 = 9.1%) {9.1%}
19  ... 
34  -O                                                                        (1 = 9.1%) {18.2%}
35  ... 
42  -O                                                                        (1 = 9.1%) {27.3%}
43  -O                                                                        (1 = 9.1%) {36.4%}
44  -O                                                                        (1 = 9.1%) {45.5%}
45  O                                                                         (0 = 0.0%) {54.5%}
46  -O                                                                        (1 = 9.1%) {54.5%}
47  -O                                                                        (1 = 9.1%) {63.6%}
48  O                                                                         (0 = 0.0%) {72.7%}
49  -O                                                                        (1 = 9.1%) {72.7%}
50  O                                                                         (0 = 0.0%) {81.8%}
51  -O                                                                        (1 = 9.1%) {81.8%}
52  ... 
54  -O                                                                        (1 = 9.1%) {90.9%}
55  ... 

Histogram: V8.MemoryHeapSampleCodeSpaceCommitted recorded 11 samples, mean = 884.4 (flags = 0x41)
0     --------O                                                                 (8 = 72.7%)
1000  O                                                                         (0 = 0.0%) {72.7%}
1138  --O                                                                       (2 = 18.2%) {72.7%}
1295  O                                                                         (0 = 0.0%) {90.9%}
1474  -O                                                                        (1 = 9.1%) {90.9%}
1678  ... 

Histogram: V8.MemoryHeapSampleMaximumCommitted recorded 11 samples, mean = 13856.4 (flags = 0x41)
0      ... 
4153   -O                                                                        (1 = 9.1%) {0.0%}
4727   ... 
6124   -O                                                                        (1 = 9.1%) {9.1%}
6971   ... 
9032   -O                                                                        (1 = 9.1%) {18.2%}
10281  --O                                                                       (2 = 18.2%) {27.3%}
11702  --O                                                                       (2 = 18.2%) {45.5%}
13320  ... 
17257  -O                                                                        (1 = 9.1%) {63.6%}
19642  -O                                                                        (1 = 9.1%) {72.7%}
22357  --O                                                                       (2 = 18.2%) {81.8%}
25447  ... 

Histogram: V8.MemoryHeapSampleTotalCommitted recorded 11 samples, mean = 12343.6 (flags = 0x41)
0      ... 
4153   -O                                                                        (1 = 9.1%) {0.0%}
4727   ... 
6124   -O                                                                        (1 = 9.1%) {9.1%}
6971   ... 
9032   -O                                                                        (1 = 9.1%) {18.2%}
10281  --O                                                                       (2 = 18.2%) {27.3%}
11702  --O                                                                       (2 = 18.2%) {45.5%}
13320  --O                                                                       (2 = 18.2%) {63.6%}
15161  O                                                                         (0 = 0.0%) {81.8%}
17257  -O                                                                        (1 = 9.1%) {81.8%}
19642  -O                                                                        (1 = 9.1%) {90.9%}
22357  ... 

Histogram: V8.MemoryHeapSampleTotalUsed recorded 11 samples, mean = 7435.8 (flags = 0x41)
0      ... 
2475   -O                                                                        (1 = 9.1%) {0.0%}
2817   O                                                                         (0 = 0.0%) {9.1%}
3206   -O                                                                        (1 = 9.1%) {9.1%}
3649   O                                                                         (0 = 0.0%) {18.2%}
4153   -O                                                                        (1 = 9.1%) {18.2%}
4727   -O                                                                        (1 = 9.1%) {27.3%}
5380   -O                                                                        (1 = 9.1%) {36.4%}
6124   O                                                                         (0 = 0.0%) {45.5%}
6971   -O                                                                        (1 = 9.1%) {45.5%}
7935   -O                                                                        (1 = 9.1%) {54.5%}
9032   -O                                                                        (1 = 9.1%) {63.6%}
10281  -O                                                                        (1 = 9.1%) {72.7%}
11702  --O                                                                       (2 = 18.2%) {81.8%}
13320  ... 

Histogram: V8.ProduceCodeCacheMicroseconds recorded 17 samples, mean = 187.5 (flags = 0x41)
0    ... 
29   -O                                                                        (1 = 5.9%) {0.0%}
40   O                                                                         (0 = 0.0%) {5.9%}
55   --O                                                                       (2 = 11.8%) {5.9%}
76   --O                                                                       (2 = 11.8%) {17.6%}
105  --O                                                                       (2 = 11.8%) {29.4%}
146  ----O                                                                     (4 = 23.5%) {41.2%}
203  --O                                                                       (2 = 11.8%) {64.7%}
282  ---O                                                                      (3 = 17.6%) {76.5%}
391  -O                                                                        (1 = 5.9%) {94.1%}
542  ... 

Histogram: V8.RegExpBacktracks recorded 263 samples, mean = 1.6 (flags = 0x41)
0    ------O                                                                   (20 = 7.6%)
1    ------------------------------------------------------------------------O (229 = 87.1%) {7.6%}
2    --O                                                                       (5 = 1.9%) {94.7%}
3    -O                                                                        (4 = 1.5%) {96.6%}
4    -O                                                                        (3 = 1.1%) {98.1%}
6    O                                                                         (0 = 0.0%) {99.2%}
9    O                                                                         (1 = 0.4%) {99.2%}
13   ... 
127  O                                                                         (1 = 0.4%) {99.6%}
185  ... 

Histogram: V8.SandboxedCodePointersCount recorded 2 samples, mean = 1065.0 (flags = 0x41)
0    ... 
977  --O                                                                       (2 = 100.0%) {0.0%}
1136 ... 

Histogram: V8.SandboxedCppHeapPointersCount recorded 2 samples, mean = 4375.0 (flags = 0x41)
0     ... 
537   -O                                                                        (1 = 50.0%) {0.0%}
638   ... 
7152  -O                                                                        (1 = 50.0%) {50.0%}
8499  ... 

Histogram: V8.SandboxedExternalPointersCount recorded 13 samples, mean = 2312.2 (flags = 0x41)
0      ----O                                                                     (4 = 30.8%)
1      ... 
48     --O                                                                       (2 = 15.4%) {30.8%}
57     ... 
81     -O                                                                        (1 = 7.7%) {46.2%}
96     ... 
452    -O                                                                        (1 = 7.7%) {53.8%}
537    -O                                                                        (1 = 7.7%) {61.5%}
638    O                                                                         (0 = 0.0%) {69.2%}
758    -O                                                                        (1 = 7.7%) {69.2%}
901    ... 
1513   -O                                                                        (1 = 7.7%) {76.9%}
1798   ... 
12002  --O                                                                       (2 = 15.4%) {84.6%}
14263  ... 

Histogram: V8.SandboxedTrustedPointersCount recorded 2 samples, mean = 3878.0 (flags = 0x41)
0     ... 
3799  --O                                                                       (2 = 100.0%) {0.0%}
4418  ... 

Histogram: V8.SnapshotDeserializeContextMicroSeconds recorded 6 samples, mean = 485.3 (flags = 0x41)
0    ... 
258  --O                                                                       (2 = 33.3%) {0.0%}
340  -O                                                                        (1 = 16.7%) {33.3%}
448  --O                                                                       (2 = 33.3%) {50.0%}
590  -O                                                                        (1 = 16.7%) {83.3%}
777  ... 

Histogram: V8.TurboFan1KTicks recorded 8 samples, mean = 33.0 (flags = 0x41)
0    O                                                                         (0 = 0.0%)
1    ---O                                                                      (3 = 37.5%) {0.0%}
2    -O                                                                        (1 = 12.5%) {37.5%}
3    ... 
5    -O                                                                        (1 = 12.5%) {50.0%}
6    ... 
15   -O                                                                        (1 = 12.5%) {62.5%}
16   ... 
45   -O                                                                        (1 = 12.5%) {75.0%}
47   ... 
189  -O                                                                        (1 = 12.5%) {87.5%}
198  ... 

Histogram: V8.TurboFanOptimizeConcurrentTotalTime recorded 7 samples, mean = 5804.6 (flags = 0x41)
0      ... 
542    ----O                                                                     (4 = 57.1%) {0.0%}
752    -O                                                                        (1 = 14.3%) {57.1%}
1043   ... 
3865   -O                                                                        (1 = 14.3%) {71.4%}
5362   ... 
27562  -O                                                                        (1 = 14.3%) {85.7%}
38240  ... 

Histogram: V8.TurboFanOptimizeExecute recorded 7 samples, mean = 1393.9 (flags = 0x41)
0     ... 
448   ----O                                                                     (4 = 57.1%) {0.0%}
590   O                                                                         (0 = 0.0%) {57.1%}
777   -O                                                                        (1 = 14.3%) {57.1%}
1023  O                                                                         (0 = 0.0%) {71.4%}
1347  -O                                                                        (1 = 14.3%) {71.4%}
1774  ... 
4053  -O                                                                        (1 = 14.3%) {85.7%}
5338  ... 

Histogram: V8.TurboFanOptimizeFinalize recorded 7 samples, mean = 20.6 (flags = 0x41)
0   ... 
3   -O                                                                        (1 = 14.3%) {0.0%}
4   O                                                                         (0 = 0.0%) {14.3%}
5   -O                                                                        (1 = 14.3%) {14.3%}
7   O                                                                         (0 = 0.0%) {28.6%}
9   -O                                                                        (1 = 14.3%) {28.6%}
12  O                                                                         (0 = 0.0%) {42.9%}
16  --O                                                                       (2 = 28.6%) {42.9%}
21  ... 
37  -O                                                                        (1 = 14.3%) {71.4%}
49  -O                                                                        (1 = 14.3%) {85.7%}
65  ... 

Histogram: V8.TurboFanOptimizeForOnStackReplacementExecute recorded 1 samples, mean = 23505.0 (flags = 0x41)
0      ... 
21156  -O                                                                        (1 = 100.0%) {0.0%}
27864  ... 

Histogram: V8.TurboFanOptimizeForOnStackReplacementFinalize recorded 1 samples, mean = 121.0 (flags = 0x41)
0    ... 
113  -O                                                                        (1 = 100.0%) {0.0%}
149  ... 

Histogram: V8.TurboFanOptimizeForOnStackReplacementPrepare recorded 1 samples, mean = 14.0 (flags = 0x41)
0   ... 
12  -O                                                                        (1 = 100.0%) {0.0%}
16  ... 

Histogram: V8.TurboFanOptimizeForOnStackReplacementTotalTime recorded 1 samples, mean = 57868.0 (flags = 0x41)
0      ... 
53055  -O                                                                        (1 = 100.0%) {0.0%}
73609  ... 

Histogram: V8.TurboFanOptimizePrepare recorded 7 samples, mean = 12.7 (flags = 0x41)
0   ... 
5   --O                                                                       (2 = 28.6%) {0.0%}
7   O                                                                         (0 = 0.0%) {28.6%}
9   --O                                                                       (2 = 28.6%) {28.6%}
12  --O                                                                       (2 = 28.6%) {57.1%}
16  O                                                                         (0 = 0.0%) {85.7%}
21  -O                                                                        (1 = 14.3%) {85.7%}
28  ... 

Histogram: V8.TurboFanOptimizeTotalBackground recorded 7 samples, mean = 1393.9 (flags = 0x41)
0     ... 
391   ---O                                                                      (3 = 42.9%) {0.0%}
542   -O                                                                        (1 = 14.3%) {42.9%}
752   -O                                                                        (1 = 14.3%) {57.1%}
1043  O                                                                         (0 = 0.0%) {71.4%}
1447  -O                                                                        (1 = 14.3%) {71.4%}
2008  ... 
3865  -O                                                                        (1 = 14.3%) {85.7%}
5362  ... 

Histogram: V8.TurboFanOptimizeTotalForeground recorded 7 samples, mean = 33.3 (flags = 0x41)
0   ... 
15  -O                                                                        (1 = 14.3%) {0.0%}
21  ---O                                                                      (3 = 42.9%) {14.3%}
29  O                                                                         (0 = 0.0%) {57.1%}
40  ---O                                                                      (3 = 42.9%) {57.1%}
55  ... 

Histogram: V8.TurboFanOptimizeTotalTime recorded 7 samples, mean = 5804.6 (flags = 0x41)
0      ... 
542    ----O                                                                     (4 = 57.1%) {0.0%}
752    -O                                                                        (1 = 14.3%) {57.1%}
1043   ... 
3865   -O                                                                        (1 = 14.3%) {71.4%}
5362   ... 
27562  -O                                                                        (1 = 14.3%) {85.7%}
38240  ... 

Histogram: Variations.ExtendedSafeMode.BeaconFileStateAtStartup recorded 1 samples, mean = 0.0 (flags = 0x41)
0  -O                                                                        (1 = 100.0%)
1  ... 

Histogram: Variations.ExtendedSafeMode.BeaconFileWrite recorded 2 samples, mean = 1.0 (flags = 0x41)
0  O                                                                         (0 = 0.0%)
1  --O                                                                       (2 = 100.0%) {0.0%}
2  O                                                                         (0 = 0.0%) {100.0%}

Histogram: Variations.ForcedFieldTrialsAtStartupForInternalsPage recorded 1 samples, mean = 0.0 (flags = 0x41)
0  -O                                                                        (1 = 100.0%)
1  ... 

Histogram: Variations.Headers.ExperimentCount recorded 92 samples, mean = 1.0 (flags = 0x41)
0  O                                                                         (0 = 0.0%)
1  ------------------------------------------------------------------------O (92 = 100.0%) {0.0%}
2  ... 

Histogram: Variations.Headers.HasLowEntropySourceValue recorded 92 samples, mean = 1.0 (flags = 0x41)
0  O                                                                         (0 = 0.0%)
1  ------------------------------------------------------------------------O (92 = 100.0%) {0.0%}
2  O                                                                         (0 = 0.0%) {100.0%}

Histogram: Variations.Headers.RequestContextCategory recorded 71 samples, mean = 3.0 (flags = 0x41)
0  ------------------O                                                       (18 = 25.4%)
1  ... 
4  -----------------------------------------------------O                    (53 = 74.6%) {25.4%}
5  ... 

Histogram: Variations.Headers.URLValidationResult.Append recorded 71 samples, mean = 2.2 (flags = 0x41)
0  ... 
2  ------------------------------------------------------O                   (54 = 76.1%) {0.0%}
3  -----------------O                                                        (17 = 23.9%) {76.1%}
4  ... 

Histogram: Variations.Headers.URLValidationResult.Remove recorded 3 samples, mean = 2.0 (flags = 0x41)
0  ... 
2  ---O                                                                      (3 = 100.0%) {0.0%}
3  ... 

Histogram: Variations.Limits.VariationKeySize.Default recorded 23 samples, mean = 0.0 (flags = 0x41)
0  -----------------------O                                                  (23 = 100.0%)
1  ... 

Histogram: Variations.LoadPermanentConsistencyCountryResult recorded 1 samples, mean = 0.0 (flags = 0x41)
0  -O                                                                        (1 = 100.0%)
1  ... 

Histogram: Variations.PolicyRestriction recorded 1 samples, mean = 0.0 (flags = 0x41)
0  -O                                                                        (1 = 100.0%)
1  ... 

Histogram: Variations.SafeMode.Streak.Crashes recorded 1 samples (flags = 0x41)
0  -O                                                                        (1 = 100.0%)

Histogram: Variations.SafeMode.Streak.FetchFailures recorded 1 samples (flags = 0x41)
0  -O                                                                        (1 = 100.0%)

Histogram: Variations.SeedLoadResult recorded 1 samples, mean = 1.0 (flags = 0x41)
0  O                                                                         (0 = 0.0%)
1  -O                                                                        (1 = 100.0%) {0.0%}
2  ... 

Histogram: Variations.SeedUsage recorded 1 samples, mean = 2.0 (flags = 0x41)
0  ... 
2  -O                                                                        (1 = 100.0%) {0.0%}
3  ... 

Histogram: Variations.UserChannel recorded 1 samples (flags = 0x41)
-1 -O                                                                        (1 = 100.0%)

Histogram: Views.Browser.NumColorProvidersInitializedDuringOnNativeThemeUpdated recorded 3 samples, mean = 0.0 (flags = 0x41)
0  ---O                                                                      (3 = 100.0%)
1  ... 

Histogram: Views.Browser.TimeSpentInitializingColorProvider recorded 3 samples, mean = 0.0 (flags = 0x41)
0  ---O                                                                      (3 = 100.0%)
1  ... 

Histogram: Views.Browser.TimeSpentProcessingOnNativeThemeUpdatedEvent recorded 3 samples, mean = 0.0 (flags = 0x41)
0  ---O                                                                      (3 = 100.0%)
1  ... 

Histogram: Views.ColorProviderCacheSize recorded 3 samples, mean = 2.0 (flags = 0x41)
0  O                                                                         (0 = 0.0%)
1  -O                                                                        (1 = 33.3%) {0.0%}
2  -O                                                                        (1 = 33.3%) {33.3%}
3  -O                                                                        (1 = 33.3%) {66.7%}
4  ... 

Histogram: Viz.FrameSink.GpuBusyDuration recorded 1 samples, mean = 6691.0 (flags = 0x41)
0     ... 
5778  -O                                                                        (1 = 100.0%) {0.0%}
6693  ... 

Histogram: Viz.FrameSinkVideoCapturer.CaptureDuration recorded 2 samples, mean = 29.0 (flags = 0x41)
0   ... 
10  -O                                                                        (1 = 50.0%) {0.0%}
11  ... 
47  -O                                                                        (1 = 50.0%) {50.0%}
53  ... 

Histogram: Viz.FrameSinkVideoCapturer.CaptureSucceeded recorded 2 samples, mean = 1.0 (flags = 0x41)
0  O                                                                         (0 = 0.0%)
1  --O                                                                       (2 = 100.0%) {0.0%}
2  O                                                                         (0 = 0.0%) {100.0%}

Histogram: Viz.FrameSinkVideoCapturer.FrameResurrected recorded 2 samples, mean = 0.0 (flags = 0x41)
0  --O                                                                       (2 = 100.0%)
1  ... 

Histogram: Viz.FrameSinkVideoCapturer.RGBA.CaptureDuration recorded 2 samples, mean = 29.0 (flags = 0x41)
0   ... 
10  -O                                                                        (1 = 50.0%) {0.0%}
11  ... 
47  -O                                                                        (1 = 50.0%) {50.0%}
53  ... 

Histogram: Viz.FrameSinkVideoCapturer.RGBA.CaptureSucceeded recorded 2 samples, mean = 1.0 (flags = 0x41)
0  O                                                                         (0 = 0.0%)
1  --O                                                                       (2 = 100.0%) {0.0%}
2  O                                                                         (0 = 0.0%) {100.0%}

Histogram: Viz.FrameSinkVideoCapturer.ReserveFrameDuration recorded 2 samples, mean = 15.0 (flags = 0x41)
0   -O                                                                        (1 = 50.0%)
1   ... 
30  -O                                                                        (1 = 50.0%) {50.0%}
33  ... 

Histogram: Viz.FrameSinkVideoCapturer.TotalDuration recorded 2 samples, mean = 29.0 (flags = 0x41)
0   ... 
10  -O                                                                        (1 = 50.0%) {0.0%}
11  ... 
47  -O                                                                        (1 = 50.0%) {50.0%}
53  ... 

Histogram: WebApp.DiyAppsInstalledCount.ByUser recorded 1 samples, mean = 0.0 (flags = 0x41)
0  -O                                                                        (1 = 100.0%)
1  ... 

Histogram: WebApp.GeneratedIconFix.StartUpAttemptCount recorded 1 samples, mean = 0.0 (flags = 0x41)
0  -O                                                                        (1 = 100.0%)
1  ... 

Histogram: WebApp.Icon.AppsWithEmptyDownloadedIconSizes recorded 1 samples, mean = 0.0 (flags = 0x41)
0  -O                                                                        (1 = 100.0%)
1  ... 

Histogram: WebApp.Icon.AppsWithEmptyIconBitmap recorded 1 samples, mean = 0.0 (flags = 0x41)
0  -O                                                                        (1 = 100.0%)
1  ... 

Histogram: WebApp.Icon.AppsWithEmptyIconFile recorded 1 samples, mean = 0.0 (flags = 0x41)
0  -O                                                                        (1 = 100.0%)
1  ... 

Histogram: WebApp.Icon.AppsWithGeneratedIconBitmap recorded 1 samples, mean = 0.0 (flags = 0x41)
0  -O                                                                        (1 = 100.0%)
1  ... 

Histogram: WebApp.Icon.AppsWithGeneratedIconFlag recorded 1 samples, mean = 0.0 (flags = 0x41)
0  -O                                                                        (1 = 100.0%)
1  ... 

Histogram: WebApp.Icon.AppsWithGeneratedIconFlagFalseNegative recorded 1 samples, mean = 0.0 (flags = 0x41)
0  -O                                                                        (1 = 100.0%)
1  ... 

Histogram: WebApp.Icon.AppsWithMissingIconFile recorded 1 samples, mean = 0.0 (flags = 0x41)
0  -O                                                                        (1 = 100.0%)
1  ... 

Histogram: WebApp.InstalledCount.ByUser recorded 1 samples, mean = 0.0 (flags = 0x41)
0  -O                                                                        (1 = 100.0%)
1  ... 

Histogram: WebApp.InstalledCount.ByUserNotLocallyInstalled recorded 1 samples, mean = 0.0 (flags = 0x41)
0  -O                                                                        (1 = 100.0%)
1  ... 

Histogram: WebApp.Preinstalled.AppToReplaceStillDefaultInstalledCount recorded 1 samples, mean = 0.0 (flags = 0x41)
0  -O                                                                        (1 = 100.0%)
1  ... 

Histogram: WebApp.Preinstalled.AppToReplaceStillInstalledCount recorded 1 samples, mean = 0.0 (flags = 0x41)
0  -O                                                                        (1 = 100.0%)
1  ... 

Histogram: WebApp.Preinstalled.AppToReplaceStillInstalledInShelfCount recorded 1 samples, mean = 0.0 (flags = 0x41)
0  -O                                                                        (1 = 100.0%)
1  ... 

Histogram: WebApp.Preinstalled.ConfigErrorCount recorded 1 samples, mean = 0.0 (flags = 0x41)
0  -O                                                                        (1 = 100.0%)
1  ... 

Histogram: WebApp.Preinstalled.CorruptUserUninstallPrefsCount recorded 1 samples, mean = 0.0 (flags = 0x41)
0  -O                                                                        (1 = 100.0%)
1  ... 

Histogram: WebApp.Preinstalled.DisabledCount recorded 1 samples, mean = 0.0 (flags = 0x41)
0  -O                                                                        (1 = 100.0%)
1  ... 

Histogram: WebApp.Preinstalled.EnabledCount recorded 1 samples, mean = 0.0 (flags = 0x41)
0  -O                                                                        (1 = 100.0%)
1  ... 

Histogram: WebApp.Preinstalled.InstallCount recorded 1 samples, mean = 0.0 (flags = 0x41)
0  -O                                                                        (1 = 100.0%)
1  ... 

Histogram: WebApp.Preinstalled.UninstallAndReplaceCount recorded 1 samples, mean = 0.0 (flags = 0x41)
0  -O                                                                        (1 = 100.0%)
1  ... 

Histogram: WebApp.Preinstalled.UninstallAppRemovedCount recorded 1 samples, mean = 0.0 (flags = 0x41)
0  -O                                                                        (1 = 100.0%)
1  ... 

Histogram: WebApp.Preinstalled.UninstallSourceRemovedCount recorded 1 samples, mean = 0.0 (flags = 0x41)
0  -O                                                                        (1 = 100.0%)
1  ... 

Histogram: WebApp.Preinstalled.UninstallTotalCount recorded 1 samples, mean = 0.0 (flags = 0x41)
0  -O                                                                        (1 = 100.0%)
1  ... 

Histogram: WebApp.Uninstall.NonSyncIncompleteCount recorded 1 samples, mean = 0.0 (flags = 0x41)
0  -O                                                                        (1 = 100.0%)
1  ... 

Histogram: WebAuthentication.Windows.KeyCredentialManagerSupported recorded 1 samples, mean = 1.0 (flags = 0x41)
0  O                                                                         (0 = 0.0%)
1  -O                                                                        (1 = 100.0%) {0.0%}
2  ... 

Histogram: WebContentsObserver.DOMContentLoaded recorded 3 samples, mean = 0.0 (flags = 0x41)
0  ---O                                                                      (3 = 100.0%)
1  ... 

Histogram: WebContentsObserver.DidChangeVisibleSecurityState recorded 2 samples, mean = 0.0 (flags = 0x41)
0  --O                                                                       (2 = 100.0%)
1  ... 

Histogram: WebContentsObserver.DidFinishLoad recorded 3 samples, mean = 0.0 (flags = 0x41)
0  ---O                                                                      (3 = 100.0%)
1  ... 

Histogram: WebContentsObserver.DidFinishNavigation recorded 5 samples, mean = 0.0 (flags = 0x41)
0  -----O                                                                    (5 = 100.0%)
1  ... 

Histogram: WebContentsObserver.DidFirstVisuallyNonEmptyPaint recorded 1 samples, mean = 0.0 (flags = 0x41)
0  -O                                                                        (1 = 100.0%)
1  ... 

Histogram: WebContentsObserver.DidRedirectNavigation recorded 1 samples, mean = 0.0 (flags = 0x41)
0  -O                                                                        (1 = 100.0%)
1  ... 

Histogram: WebContentsObserver.DidStartLoading recorded 1 samples, mean = 0.0 (flags = 0x41)
0  -O                                                                        (1 = 100.0%)
1  ... 

Histogram: WebContentsObserver.DidStartNavigation recorded 5 samples, mean = 0.0 (flags = 0x41)
0  -----O                                                                    (5 = 100.0%)
1  ... 

Histogram: WebContentsObserver.DidStartNavigation.MainFrame recorded 3 samples, mean = 0.0 (flags = 0x41)
0  ---O                                                                      (3 = 100.0%)
1  ... 

Histogram: WebContentsObserver.DidStartNavigation.Subframe recorded 2 samples, mean = 0.0 (flags = 0x41)
0  --O                                                                       (2 = 100.0%)
1  ... 

Histogram: WebContentsObserver.DidStopLoading recorded 1 samples, mean = 0.0 (flags = 0x41)
0  -O                                                                        (1 = 100.0%)
1  ... 

Histogram: WebContentsObserver.DidUpdateNavigationHandleTiming recorded 5 samples, mean = 0.0 (flags = 0x41)
0  -----O                                                                    (5 = 100.0%)
1  ... 

Histogram: WebContentsObserver.LoadProgressChanged recorded 8 samples, mean = 0.0 (flags = 0x41)
0  --------O                                                                 (8 = 100.0%)
1  ... 

Histogram: WebContentsObserver.NavigationEntryChanged recorded 3 samples, mean = 0.0 (flags = 0x41)
0  ---O                                                                      (3 = 100.0%)
1  ... 

Histogram: WebContentsObserver.NavigationEntryCommitted recorded 2 samples, mean = 0.0 (flags = 0x41)
0  --O                                                                       (2 = 100.0%)
1  ... 

Histogram: WebContentsObserver.PrimaryMainDocumentElementAvailable recorded 1 samples, mean = 0.0 (flags = 0x41)
0  -O                                                                        (1 = 100.0%)
1  ... 

Histogram: WebContentsObserver.RenderFrameCreated recorded 4 samples, mean = 0.0 (flags = 0x41)
0  ----O                                                                     (4 = 100.0%)
1  ... 

Histogram: WebContentsObserver.RenderFrameDeleted recorded 4 samples, mean = 0.0 (flags = 0x41)
0  ----O                                                                     (4 = 100.0%)
1  ... 

Histogram: WebContentsObserver.RenderViewReady recorded 2 samples, mean = 0.0 (flags = 0x41)
0  --O                                                                       (2 = 100.0%)
1  ... 

Histogram: WebContentsObserver.TitleWasSet recorded 1 samples, mean = 0.0 (flags = 0x41)
0  -O                                                                        (1 = 100.0%)
1  ... 

Histogram: WebCore.Scripts.Async.StartedStreaming recorded 26 samples, mean = 1.0 (flags = 0x41)
0  O                                                                         (0 = 0.0%)
1  --------------------------O                                               (26 = 100.0%) {0.0%}
2  O                                                                         (0 = 0.0%) {100.0%}

Histogram: WebCore.Scripts.Other.NotStreamingReason recorded 17 samples, mean = 11.0 (flags = 0x41)
0   ... 
11  -----------------O                                                        (17 = 100.0%) {0.0%}
12  ... 

Histogram: WebCore.Scripts.Other.StartedStreaming recorded 17 samples, mean = 0.0 (flags = 0x41)
0  -----------------O                                                        (17 = 100.0%)
1  ... 

Histogram: WebCore.Scripts.V8CodeCacheMetadata.Get recorded 49 samples, mean = 0.7 (flags = 0x41)
0  ---------------O                                                          (15 = 30.6%)
1  ----------------------------------O                                       (34 = 69.4%) {30.6%}
2  ... 

Histogram: WebCore.Scripts.V8CodeCacheMetadata.Set recorded 23 samples, mean = 2.2 (flags = 0x41)
0  ------O                                                                   (6 = 26.1%)
1  ... 
3  -----------------O                                                        (17 = 73.9%) {26.1%}
4  O                                                                         (0 = 0.0%) {100.0%}

Histogram: WebCore.Scripts.V8CompileHintsStatus recorded 44 samples, mean = 10.4 (flags = 0x41)
0   ... 
10  --------------------------O                                               (26 = 59.1%) {0.0%}
11  ------------------O                                                       (18 = 40.9%) {59.1%}
12  ... 

Histogram: WebCore.Scripts.V8CrowdsourcedCompileHints.ModelQuality recorded 1 samples, mean = 0.0 (flags = 0x41)
0  -O                                                                        (1 = 100.0%)
1  ... 

Histogram: WebDatabase.InitResult recorded 2 samples, mean = 0.0 (flags = 0x41)
0  --O                                                                       (2 = 100.0%)
1  ... 

Histogram: WebFont.CacheHit recorded 5 samples, mean = 0.6 (flags = 0x41)
0  ----O                                                                     (4 = 80.0%)
1  ... 
3  -O                                                                        (1 = 20.0%) {80.0%}
4  O                                                                         (0 = 0.0%) {100.0%}

Histogram: WebFont.Clients.RenderBlockingFonts.ExpiredFonts recorded 1 samples, mean = 1.0 (flags = 0x41)
0  O                                                                         (0 = 0.0%)
1  -O                                                                        (1 = 100.0%) {0.0%}
2  O                                                                         (0 = 0.0%) {100.0%}

Histogram: WebFont.HadBlankText recorded 1 samples, mean = 0.0 (flags = 0x41)
0  -O                                                                        (1 = 100.0%)
1  ... 

Histogram: WebFont.LocalFontUsed recorded 1 samples, mean = 1.0 (flags = 0x41)
0  O                                                                         (0 = 0.0%)
1  -O                                                                        (1 = 100.0%) {0.0%}
2  O                                                                         (0 = 0.0%) {100.0%}

Histogram: Windows.AcLayersLoaded recorded 1 samples, mean = 0.0 (flags = 0x41)
0  -O                                                                        (1 = 100.0%)
1  ... 

Histogram: Windows.CetAvailable recorded 1 samples, mean = 1.0 (flags = 0x41)
0  O                                                                         (0 = 0.0%)
1  -O                                                                        (1 = 100.0%) {0.0%}
2  O                                                                         (0 = 0.0%) {100.0%}

Histogram: Windows.CetEnabled recorded 1 samples, mean = 0.0 (flags = 0x41)
0  -O                                                                        (1 = 100.0%)
1  ... 

Histogram: Windows.DisplayIdFromDeviceId recorded 10 samples, mean = 3.0 (flags = 0x41)
0  ... 
3  ----------O                                                               (10 = 100.0%) {0.0%}
4  O                                                                         (0 = 0.0%) {100.0%}

Histogram: Windows.DisplayIdFromDeviceKey recorded 10 samples, mean = 3.0 (flags = 0x41)
0  ... 
3  ----------O                                                               (10 = 100.0%) {0.0%}
4  O                                                                         (0 = 0.0%) {100.0%}

Histogram: Windows.Enclave.SGX.Available recorded 1 samples, mean = 0.0 (flags = 0x41)
0  -O                                                                        (1 = 100.0%)
1  ... 

Histogram: Windows.Enclave.SGX2.Available recorded 1 samples, mean = 0.0 (flags = 0x41)
0  -O                                                                        (1 = 100.0%)
1  ... 

Histogram: Windows.Enclave.VBS.Available recorded 1 samples, mean = 0.0 (flags = 0x41)
0  -O                                                                        (1 = 100.0%)
1  ... 

Histogram: Windows.Enclave.VBSBasic.Available recorded 1 samples, mean = 0.0 (flags = 0x41)
0  -O                                                                        (1 = 100.0%)
1  ... 

Histogram: Windows.HasHighResolutionTimeTicks recorded 1 samples, mean = 1.0 (flags = 0x41)
0  O                                                                         (0 = 0.0%)
1  -O                                                                        (1 = 100.0%) {0.0%}
2  O                                                                         (0 = 0.0%) {100.0%}

Histogram: Windows.HasThreadTicks recorded 1 samples, mean = 1.0 (flags = 0x41)
0  O                                                                         (0 = 0.0%)
1  -O                                                                        (1 = 100.0%) {0.0%}
2  O                                                                         (0 = 0.0%) {100.0%}

Histogram: Windows.HighResolutionTimerUsage recorded 24 samples, mean = 0.0 (flags = 0x41)
0  ------------------------O                                                 (24 = 100.0%)
1  ... 

Histogram: Windows.HypervPresent recorded 1 samples, mean = 0.0 (flags = 0x41)
0  -O                                                                        (1 = 100.0%)
1  ... 

Histogram: Windows.LegacyDisplayIdAlgorithm recorded 25 samples, mean = 0.0 (flags = 0x41)
0  -------------------------O                                                (25 = 100.0%)
1  ... 

Histogram: Windows.ParallelDllLoadingEnabled recorded 1 samples, mean = 1.0 (flags = 0x41)
0  O                                                                         (0 = 0.0%)
1  -O                                                                        (1 = 100.0%) {0.0%}
2  O                                                                         (0 = 0.0%) {100.0%}

Histogram: Windows.PatchLevel recorded 1 samples (flags = 0x41)
1717051657  -O                                                                        (1 = 100.0%)

Histogram: Windows.PatchLevelKernel32 recorded 1 samples (flags = 0x41)
1710497928  -O                                                                        (1 = 100.0%)

Histogram: Windows.ProcessorFamily recorded 1 samples (flags = 0x41)
107  -O                                                                        (1 = 100.0%)

Histogram: Windows.ProcessorVirtualizationFirmwareEnabled recorded 1 samples, mean = 0.0 (flags = 0x41)
0  -O                                                                        (1 = 100.0%)
1  ... 


